date,dayOfWeek,month,weekend,roomType,roomTypeId,totalRooms,occupiedRoomNights,confirmedBookings,cancelledBookings,averageRoomPrice,dailyRevenue,dailyExpenses,occupancyRate
2025-01-01,3,1,false,Standard,1,18,1,1,0,309.44,309.44,0.00,5.555555555555555
2025-01-01,3,1,false,Deluxe,2,12,0,0,0,330.00,0.00,0.00,0.0
2025-01-01,3,1,false,Family,3,8,1,1,0,656.75,656.75,0.00,12.5
2025-01-01,3,1,false,Executive,4,5,1,1,0,848.57,848.57,0.00,20.0
2025-01-01,3,1,false,Suite,5,5,1,1,0,1210.98,1210.98,0.00,20.0
2025-01-02,4,1,false,Standard,1,18,1,1,0,359.10,359.10,0.00,5.555555555555555
2025-01-02,4,1,false,Deluxe,2,12,2,2,0,565.80,1131.59,0.00,16.666666666666668
2025-01-02,4,1,false,Family,3,8,2,1,0,693.09,1386.17,0.00,25.0
2025-01-02,4,1,false,Executive,4,5,1,0,0,848.57,848.57,0.00,20.0
2025-01-02,4,1,false,Suite,5,5,1,0,0,1210.98,1210.98,0.00,20.0
2025-01-03,5,1,true,Standard,1,18,0,0,0,220.00,0.00,0.00,0.0
2025-01-03,5,1,true,Deluxe,2,12,2,1,0,594.92,1189.83,0.00,16.666666666666668
2025-01-03,5,1,true,Family,3,8,1,0,0,656.75,656.75,0.00,12.5
2025-01-03,5,1,true,Executive,4,5,2,1,0,974.20,1948.39,0.00,40.0
2025-01-03,5,1,true,Suite,5,5,2,1,0,1435.66,2871.32,0.00,40.0
2025-01-04,6,1,true,Standard,1,18,2,2,0,392.39,784.77,410.25,11.11111111111111
2025-01-04,6,1,true,Deluxe,2,12,1,0,0,622.20,622.20,273.50,8.333333333333334
2025-01-04,6,1,true,Family,3,8,0,0,1,430.00,0.00,182.33,0.0
2025-01-04,6,1,true,Executive,4,5,1,0,0,1099.82,1099.82,113.96,20.0
2025-01-04,6,1,true,Suite,5,5,3,1,0,1476.65,4429.94,113.96,60.0
2025-01-05,7,1,false,Standard,1,18,3,1,0,365.05,1095.16,2410.13,16.666666666666668
2025-01-05,7,1,false,Deluxe,2,12,2,1,0,572.59,1145.18,1606.75,16.666666666666668
2025-01-05,7,1,false,Family,3,8,0,0,1,430.00,0.00,1071.17,0.0
2025-01-05,7,1,false,Executive,4,5,1,0,0,1099.82,1099.82,669.48,20.0
2025-01-05,7,1,false,Suite,5,5,2,0,0,1609.48,3218.96,669.48,40.0
2025-01-06,1,1,false,Standard,1,18,4,1,0,352.54,1410.16,0.00,22.22222222222222
2025-01-06,1,1,false,Deluxe,2,12,2,1,0,517.94,1035.88,0.00,16.666666666666668
2025-01-06,1,1,false,Family,3,8,1,1,0,707.03,707.03,0.00,12.5
2025-01-06,1,1,false,Executive,4,5,0,0,0,540.00,0.00,0.00,0.0
2025-01-06,1,1,false,Suite,5,5,2,0,0,1609.48,3218.96,0.00,40.0
2025-01-07,2,1,false,Standard,1,18,2,1,0,312.14,624.27,0.00,11.11111111111111
2025-01-07,2,1,false,Deluxe,2,12,2,1,0,510.54,1021.07,0.00,16.666666666666668
2025-01-07,2,1,false,Family,3,8,1,1,0,703.54,703.54,0.00,12.5
2025-01-07,2,1,false,Executive,4,5,1,1,0,861.39,861.39,0.00,20.0
2025-01-07,2,1,false,Suite,5,5,1,0,0,1660.34,1660.34,0.00,20.0
2025-01-08,3,1,false,Standard,1,18,2,0,1,312.14,624.27,1093.13,11.11111111111111
2025-01-08,3,1,false,Deluxe,2,12,2,0,0,510.54,1021.07,728.75,16.666666666666668
2025-01-08,3,1,false,Family,3,8,1,0,0,703.54,703.54,485.83,12.5
2025-01-08,3,1,false,Executive,4,5,3,2,0,866.63,2599.88,303.65,60.0
2025-01-08,3,1,false,Suite,5,5,1,1,0,1296.21,1296.21,303.65,20.0
2025-01-09,4,1,false,Standard,1,18,1,0,0,309.27,309.27,0.00,5.555555555555555
2025-01-09,4,1,false,Deluxe,2,12,3,1,0,531.45,1594.36,0.00,25.0
2025-01-09,4,1,false,Family,3,8,1,0,0,703.54,703.54,0.00,12.5
2025-01-09,4,1,false,Executive,4,5,4,2,0,931.30,3725.20,0.00,80.0
2025-01-09,4,1,false,Suite,5,5,1,0,0,1296.21,1296.21,0.00,20.0
2025-01-10,5,1,true,Standard,1,18,1,0,0,309.27,309.27,0.00,5.555555555555555
2025-01-10,5,1,true,Deluxe,2,12,4,1,0,554.09,2216.34,0.00,33.333333333333336
2025-01-10,5,1,true,Family,3,8,1,0,0,703.54,703.54,0.00,12.5
2025-01-10,5,1,true,Executive,4,5,2,0,0,997.37,1994.73,0.00,40.0
2025-01-10,5,1,true,Suite,5,5,0,0,0,760.00,0.00,0.00,0.0
2025-01-11,6,1,true,Standard,1,18,0,0,0,220.00,0.00,2644.13,0.0
2025-01-11,6,1,true,Deluxe,2,12,1,0,0,621.98,621.98,1762.75,8.333333333333334
2025-01-11,6,1,true,Family,3,8,2,1,0,760.85,1521.70,1175.17,25.0
2025-01-11,6,1,true,Executive,4,5,2,0,0,997.37,1994.73,734.48,40.0
2025-01-11,6,1,true,Suite,5,5,0,0,0,760.00,0.00,734.48,0.0
2025-01-12,7,1,false,Standard,1,18,2,2,0,324.26,648.51,0.00,11.11111111111111
2025-01-12,7,1,false,Deluxe,2,12,2,1,0,554.73,1109.45,0.00,16.666666666666668
2025-01-12,7,1,false,Family,3,8,2,1,0,741.28,1482.55,0.00,25.0
2025-01-12,7,1,false,Executive,4,5,1,0,0,979.18,979.18,0.00,20.0
2025-01-12,7,1,false,Suite,5,5,1,1,0,1318.06,1318.06,0.00,20.0
2025-01-13,1,1,false,Standard,1,18,2,0,0,324.26,648.51,0.00,11.11111111111111
2025-01-13,1,1,false,Deluxe,2,12,0,0,0,330.00,0.00,0.00,0.0
2025-01-13,1,1,false,Family,3,8,2,1,0,659.41,1318.82,0.00,25.0
2025-01-13,1,1,false,Executive,4,5,2,1,0,918.93,1837.85,0.00,40.0
2025-01-13,1,1,false,Suite,5,5,2,1,0,1294.22,2588.44,0.00,40.0
2025-01-14,2,1,false,Standard,1,18,2,1,0,322.75,645.49,2019.38,11.11111111111111
2025-01-14,2,1,false,Deluxe,2,12,1,1,0,501.37,501.37,1346.25,8.333333333333334
2025-01-14,2,1,false,Family,3,8,1,0,0,664.39,664.39,897.50,12.5
2025-01-14,2,1,false,Executive,4,5,2,1,0,860.40,1720.79,560.94,40.0
2025-01-14,2,1,false,Suite,5,5,3,1,0,1301.35,3904.05,560.94,60.0
2025-01-15,3,1,false,Standard,1,18,4,2,0,316.33,1265.31,0.00,22.22222222222222
2025-01-15,3,1,false,Deluxe,2,12,1,0,0,501.37,501.37,0.00,8.333333333333334
2025-01-15,3,1,false,Family,3,8,1,0,0,664.39,664.39,0.00,12.5
2025-01-15,3,1,false,Executive,4,5,2,0,0,860.40,1720.79,0.00,40.0
2025-01-15,3,1,false,Suite,5,5,2,0,0,1293.00,2585.99,0.00,40.0
2025-01-16,4,1,false,Standard,1,18,3,0,0,313.54,940.61,0.00,16.666666666666668
2025-01-16,4,1,false,Deluxe,2,12,2,1,0,529.87,1059.73,0.00,16.666666666666668
2025-01-16,4,1,false,Family,3,8,1,0,0,664.39,664.39,0.00,12.5
2025-01-16,4,1,false,Executive,4,5,1,0,0,862.12,862.12,0.00,20.0
2025-01-16,4,1,false,Suite,5,5,4,2,0,1381.27,5525.08,0.00,80.0
2025-01-17,5,1,true,Standard,1,18,3,1,1,336.12,1008.35,0.00,16.666666666666668
2025-01-17,5,1,true,Deluxe,2,12,3,2,0,582.21,1746.64,0.00,25.0
2025-01-17,5,1,true,Family,3,8,2,2,0,816.48,1632.95,0.00,25.0
2025-01-17,5,1,true,Executive,4,5,2,1,0,973.53,1947.05,0.00,40.0
2025-01-17,5,1,true,Suite,5,5,3,0,0,1368.85,4106.54,0.00,60.0
2025-01-18,6,1,true,Standard,1,18,8,5,0,376.03,3008.27,0.00,44.44444444444444
2025-01-18,6,1,true,Deluxe,2,12,2,0,0,594.14,1188.28,0.00,16.666666666666668
2025-01-18,6,1,true,Family,3,8,1,0,0,814.32,814.32,0.00,12.5
2025-01-18,6,1,true,Executive,4,5,3,1,0,994.12,2982.37,0.00,60.0
2025-01-18,6,1,true,Suite,5,5,2,0,0,1418.08,2836.16,0.00,40.0
2025-01-19,7,1,false,Standard,1,18,9,3,0,349.88,3148.90,0.00,50.0
2025-01-19,7,1,false,Deluxe,2,12,2,2,0,491.71,983.41,0.00,16.666666666666668
2025-01-19,7,1,false,Family,3,8,4,3,0,707.63,2830.52,0.00,50.0
2025-01-19,7,1,false,Executive,4,5,2,0,0,1060.13,2120.25,0.00,40.0
2025-01-19,7,1,false,Suite,5,5,2,1,0,1405.54,2811.08,0.00,40.0
2025-01-20,1,1,false,Standard,1,18,8,1,0,355.77,2846.18,1839.75,44.44444444444444
2025-01-20,1,1,false,Deluxe,2,12,3,1,0,484.22,1452.66,1226.50,25.0
2025-01-20,1,1,false,Family,3,8,3,1,0,682.82,2048.45,817.67,37.5
2025-01-20,1,1,false,Executive,4,5,1,0,0,1084.93,1084.93,511.04,20.0
2025-01-20,1,1,false,Suite,5,5,1,0,0,1290.53,1290.53,511.04,20.0
2025-01-21,2,1,false,Standard,1,18,7,2,0,338.19,2367.32,1303.88,38.888888888888886
2025-01-21,2,1,false,Deluxe,2,12,2,0,0,482.71,965.42,869.25,16.666666666666668
2025-01-21,2,1,false,Family,3,8,2,1,0,670.19,1340.37,579.50,25.0
2025-01-21,2,1,false,Executive,4,5,2,1,0,963.95,1927.89,362.19,40.0
2025-01-21,2,1,false,Suite,5,5,0,0,0,760.00,0.00,362.19,0.0
2025-01-22,3,1,false,Standard,1,18,7,2,0,329.19,2304.33,465.00,38.888888888888886
2025-01-22,3,1,false,Deluxe,2,12,1,0,0,496.17,496.17,310.00,8.333333333333334
2025-01-22,3,1,false,Family,3,8,5,3,0,668.65,3343.27,206.67,62.5
2025-01-22,3,1,false,Executive,4,5,2,1,0,876.92,1753.83,129.17,40.0
2025-01-22,3,1,false,Suite,5,5,0,0,0,760.00,0.00,129.17,0.0
2025-01-23,4,1,false,Standard,1,18,4,0,1,319.85,1279.39,8297.63,22.22222222222222
2025-01-23,4,1,false,Deluxe,2,12,0,0,0,330.00,0.00,5531.75,0.0
2025-01-23,4,1,false,Family,3,8,3,0,0,676.61,2029.82,3687.83,37.5
2025-01-23,4,1,false,Executive,4,5,2,0,0,876.92,1753.83,2304.90,40.0
2025-01-23,4,1,false,Suite,5,5,0,0,0,760.00,0.00,2304.90,0.0
2025-01-24,5,1,true,Standard,1,18,1,0,0,331.68,331.68,241.50,5.555555555555555
2025-01-24,5,1,true,Deluxe,2,12,1,1,0,624.55,624.55,161.00,8.333333333333334
2025-01-24,5,1,true,Family,3,8,2,0,0,675.25,1350.50,107.33,25.0
2025-01-24,5,1,true,Executive,4,5,0,0,0,540.00,0.00,67.08,0.0
2025-01-24,5,1,true,Suite,5,5,1,1,1,1558.72,1558.72,67.08,20.0
2025-01-25,6,1,true,Standard,1,18,1,1,0,396.44,396.44,0.00,5.555555555555555
2025-01-25,6,1,true,Deluxe,2,12,2,1,0,620.91,1241.82,0.00,16.666666666666668
2025-01-25,6,1,true,Family,3,8,3,1,0,727.48,2182.44,0.00,37.5
2025-01-25,6,1,true,Executive,4,5,0,0,0,540.00,0.00,0.00,0.0
2025-01-25,6,1,true,Suite,5,5,1,0,0,1558.72,1558.72,0.00,20.0
2025-01-26,7,1,false,Standard,1,18,1,0,0,396.44,396.44,0.00,5.555555555555555
2025-01-26,7,1,false,Deluxe,2,12,1,0,0,624.55,624.55,0.00,8.333333333333334
2025-01-26,7,1,false,Family,3,8,1,0,0,696.53,696.53,0.00,12.5
2025-01-26,7,1,false,Executive,4,5,1,1,0,847.15,847.15,0.00,20.0
2025-01-26,7,1,false,Suite,5,5,1,0,0,1558.72,1558.72,0.00,20.0
2025-01-27,1,1,false,Standard,1,18,1,1,0,322.19,322.19,0.00,5.555555555555555
2025-01-27,1,1,false,Deluxe,2,12,1,0,0,624.55,624.55,0.00,8.333333333333334
2025-01-27,1,1,false,Family,3,8,2,2,0,675.22,1350.44,0.00,25.0
2025-01-27,1,1,false,Executive,4,5,2,1,0,840.42,1680.84,0.00,40.0
2025-01-27,1,1,false,Suite,5,5,2,1,0,1419.97,2839.94,0.00,40.0
2025-01-28,2,1,false,Standard,1,18,1,0,0,322.19,322.19,0.00,5.555555555555555
2025-01-28,2,1,false,Deluxe,2,12,0,0,0,330.00,0.00,0.00,0.0
2025-01-28,2,1,false,Family,3,8,1,0,0,660.32,660.32,0.00,12.5
2025-01-28,2,1,false,Executive,4,5,1,0,0,847.15,847.15,0.00,20.0
2025-01-28,2,1,false,Suite,5,5,0,0,0,760.00,0.00,0.00,0.0
2025-01-29,3,1,false,Standard,1,18,1,0,0,322.19,322.19,6013.50,5.555555555555555
2025-01-29,3,1,false,Deluxe,2,12,0,0,0,330.00,0.00,4009.00,0.0
2025-01-29,3,1,false,Family,3,8,1,0,0,660.32,660.32,2672.67,12.5
2025-01-29,3,1,false,Executive,4,5,2,1,0,841.95,1683.89,1670.42,40.0
2025-01-29,3,1,false,Suite,5,5,0,0,0,760.00,0.00,1670.42,0.0
2025-01-30,4,1,false,Standard,1,18,1,0,0,322.19,322.19,0.00,5.555555555555555
2025-01-30,4,1,false,Deluxe,2,12,1,1,1,583.01,583.01,0.00,8.333333333333334
2025-01-30,4,1,false,Family,3,8,0,0,0,430.00,0.00,0.00,0.0
2025-01-30,4,1,false,Executive,4,5,2,0,0,841.95,1683.89,0.00,40.0
2025-01-30,4,1,false,Suite,5,5,0,0,0,760.00,0.00,0.00,0.0
2025-01-31,5,1,true,Standard,1,18,2,2,0,378.37,756.73,0.00,11.11111111111111
2025-01-31,5,1,true,Deluxe,2,12,3,2,0,613.16,1839.49,0.00,25.0
2025-01-31,5,1,true,Family,3,8,2,2,0,836.82,1673.63,0.00,25.0
2025-01-31,5,1,true,Executive,4,5,2,1,0,970.31,1940.62,0.00,40.0
2025-01-31,5,1,true,Suite,5,5,0,0,0,760.00,0.00,0.00,0.0
2025-02-01,6,2,true,Standard,1,18,1,1,0,398.73,398.73,0.00,5.555555555555555
2025-02-01,6,2,true,Deluxe,2,12,3,0,0,613.16,1839.49,0.00,25.0
2025-02-01,6,2,true,Family,3,8,3,2,0,809.69,2429.08,0.00,37.5
2025-02-01,6,2,true,Executive,4,5,2,0,0,970.31,1940.62,0.00,40.0
2025-02-01,6,2,true,Suite,5,5,0,0,0,760.00,0.00,0.00,0.0
2025-02-02,7,2,false,Standard,1,18,1,1,0,324.70,324.70,1153.88,5.555555555555555
2025-02-02,7,2,false,Deluxe,2,12,3,0,0,613.16,1839.49,769.25,25.0
2025-02-02,7,2,false,Family,3,8,2,0,0,806.39,1612.78,512.83,25.0
2025-02-02,7,2,false,Executive,4,5,3,1,0,948.87,2846.61,320.52,60.0
2025-02-02,7,2,false,Suite,5,5,1,1,0,1238.28,1238.28,320.52,20.0
2025-02-03,1,2,false,Standard,1,18,1,0,0,324.70,324.70,0.00,5.555555555555555
2025-02-03,1,2,false,Deluxe,2,12,2,0,0,611.08,1222.15,0.00,16.666666666666668
2025-02-03,1,2,false,Family,3,8,2,1,0,747.92,1495.83,0.00,25.0
2025-02-03,1,2,false,Executive,4,5,3,1,0,963.46,2890.38,0.00,60.0
2025-02-03,1,2,false,Suite,5,5,1,0,0,1238.28,1238.28,0.00,20.0
2025-02-04,2,2,false,Standard,1,18,2,1,0,322.69,645.38,327.75,11.11111111111111
2025-02-04,2,2,false,Deluxe,2,12,0,0,0,330.00,0.00,218.50,0.0
2025-02-04,2,2,false,Family,3,8,2,0,0,747.92,1495.83,145.67,25.0
2025-02-04,2,2,false,Executive,4,5,3,0,0,963.46,2890.38,91.04,60.0
2025-02-04,2,2,false,Suite,5,5,1,0,0,1238.28,1238.28,91.04,20.0
2025-02-05,3,2,false,Standard,1,18,6,4,0,315.94,1895.66,0.00,33.333333333333336
2025-02-05,3,2,false,Deluxe,2,12,2,2,0,484.23,968.45,0.00,16.666666666666668
2025-02-05,3,2,false,Family,3,8,1,0,0,665.92,665.92,0.00,12.5
2025-02-05,3,2,false,Executive,4,5,2,1,0,869.63,1739.26,0.00,40.0
2025-02-05,3,2,false,Suite,5,5,0,0,0,760.00,0.00,0.00,0.0
2025-02-06,4,2,false,Standard,1,18,7,1,0,321.13,2247.93,3988.50,38.888888888888886
2025-02-06,4,2,false,Deluxe,2,12,1,0,0,468.07,468.07,2659.00,8.333333333333334
2025-02-06,4,2,false,Family,3,8,2,1,0,713.57,1427.13,1772.67,25.0
2025-02-06,4,2,false,Executive,4,5,1,0,0,833.27,833.27,1107.92,20.0
2025-02-06,4,2,false,Suite,5,5,0,0,0,760.00,0.00,1107.92,0.0
2025-02-07,5,2,true,Standard,1,18,7,2,0,338.01,2366.07,0.00,38.888888888888886
2025-02-07,5,2,true,Deluxe,2,12,1,0,0,468.07,468.07,0.00,8.333333333333334
2025-02-07,5,2,true,Family,3,8,2,0,0,713.57,1427.13,0.00,25.0
2025-02-07,5,2,true,Executive,4,5,1,0,0,833.27,833.27,0.00,20.0
2025-02-07,5,2,true,Suite,5,5,0,0,0,760.00,0.00,0.00,0.0
2025-02-08,6,2,true,Standard,1,18,8,3,0,364.66,2917.28,0.00,44.44444444444444
2025-02-08,6,2,true,Deluxe,2,12,1,0,0,468.07,468.07,0.00,8.333333333333334
2025-02-08,6,2,true,Family,3,8,1,0,0,761.21,761.21,0.00,12.5
2025-02-08,6,2,true,Executive,4,5,1,0,0,833.27,833.27,0.00,20.0
2025-02-08,6,2,true,Suite,5,5,0,0,0,760.00,0.00,0.00,0.0
2025-02-09,7,2,false,Standard,1,18,6,0,0,366.37,2198.22,750.00,33.333333333333336
2025-02-09,7,2,false,Deluxe,2,12,1,0,0,468.07,468.07,500.00,8.333333333333334
2025-02-09,7,2,false,Family,3,8,1,0,0,761.21,761.21,333.33,12.5
2025-02-09,7,2,false,Executive,4,5,1,0,0,833.27,833.27,208.33,20.0
2025-02-09,7,2,false,Suite,5,5,0,0,0,760.00,0.00,208.33,0.0
2025-02-10,1,2,false,Standard,1,18,4,1,0,373.47,1493.87,991.13,22.22222222222222
2025-02-10,1,2,false,Deluxe,2,12,1,1,1,499.10,499.10,660.75,8.333333333333334
2025-02-10,1,2,false,Family,3,8,1,0,0,761.21,761.21,440.50,12.5
2025-02-10,1,2,false,Executive,4,5,0,0,0,540.00,0.00,275.31,0.0
2025-02-10,1,2,false,Suite,5,5,0,0,0,760.00,0.00,275.31,0.0
2025-02-11,2,2,false,Standard,1,18,4,0,0,373.47,1493.87,0.00,22.22222222222222
2025-02-11,2,2,false,Deluxe,2,12,1,0,0,499.10,499.10,0.00,8.333333333333334
2025-02-11,2,2,false,Family,3,8,0,0,0,430.00,0.00,0.00,0.0
2025-02-11,2,2,false,Executive,4,5,0,0,0,540.00,0.00,0.00,0.0
2025-02-11,2,2,false,Suite,5,5,0,0,0,760.00,0.00,0.00,0.0
2025-02-12,3,2,false,Standard,1,18,2,1,0,314.03,628.05,3104.25,11.11111111111111
2025-02-12,3,2,false,Deluxe,2,12,2,1,0,495.51,991.02,2069.50,16.666666666666668
2025-02-12,3,2,false,Family,3,8,0,0,0,430.00,0.00,1379.67,0.0
2025-02-12,3,2,false,Executive,4,5,2,2,0,847.70,1695.39,862.29,40.0
2025-02-12,3,2,false,Suite,5,5,0,0,0,760.00,0.00,862.29,0.0
2025-02-13,4,2,false,Standard,1,18,2,0,0,314.03,628.05,1603.13,11.11111111111111
2025-02-13,4,2,false,Deluxe,2,12,2,0,0,495.51,991.02,1068.75,16.666666666666668
2025-02-13,4,2,false,Family,3,8,0,0,0,430.00,0.00,712.50,0.0
2025-02-13,4,2,false,Executive,4,5,2,0,0,847.70,1695.39,445.31,40.0
2025-02-13,4,2,false,Suite,5,5,0,0,0,760.00,0.00,445.31,0.0
2025-02-14,5,2,true,Standard,1,18,3,1,0,337.06,1011.18,0.00,16.666666666666668
2025-02-14,5,2,true,Deluxe,2,12,1,0,0,491.92,491.92,0.00,8.333333333333334
2025-02-14,5,2,true,Family,3,8,0,0,0,430.00,0.00,0.00,0.0
2025-02-14,5,2,true,Executive,4,5,3,1,0,910.99,2732.98,0.00,60.0
2025-02-14,5,2,true,Suite,5,5,1,1,0,1590.84,1590.84,0.00,20.0
2025-02-15,6,2,true,Standard,1,18,2,1,0,390.07,780.14,0.00,11.11111111111111
2025-02-15,6,2,true,Deluxe,2,12,1,1,0,634.08,634.08,0.00,8.333333333333334
2025-02-15,6,2,true,Family,3,8,0,0,0,430.00,0.00,0.00,0.0
2025-02-15,6,2,true,Executive,4,5,2,0,0,847.70,1695.39,0.00,40.0
2025-02-15,6,2,true,Suite,5,5,1,0,0,1590.84,1590.84,0.00,20.0
2025-02-16,7,2,false,Standard,1,18,1,0,0,397.01,397.01,727.50,5.555555555555555
2025-02-16,7,2,false,Deluxe,2,12,2,1,0,564.16,1128.31,485.00,16.666666666666668
2025-02-16,7,2,false,Family,3,8,0,0,0,430.00,0.00,323.33,0.0
2025-02-16,7,2,false,Executive,4,5,2,1,0,880.69,1761.37,202.08,40.0
2025-02-16,7,2,false,Suite,5,5,2,2,0,1369.85,2739.70,202.08,40.0
2025-02-17,1,2,false,Standard,1,18,1,0,0,397.01,397.01,0.00,5.555555555555555
2025-02-17,1,2,false,Deluxe,2,12,2,1,0,502.76,1005.51,0.00,16.666666666666668
2025-02-17,1,2,false,Family,3,8,1,1,0,636.45,636.45,0.00,12.5
2025-02-17,1,2,false,Executive,4,5,3,2,0,888.22,2664.66,0.00,60.0
2025-02-17,1,2,false,Suite,5,5,2,0,0,1369.85,2739.70,0.00,40.0
2025-02-18,2,2,false,Standard,1,18,1,0,0,397.01,397.01,0.00,5.555555555555555
2025-02-18,2,2,false,Deluxe,2,12,3,1,0,501.26,1503.79,0.00,25.0
2025-02-18,2,2,false,Family,3,8,1,0,0,636.45,636.45,0.00,12.5
2025-02-18,2,2,false,Executive,4,5,3,0,0,888.22,2664.66,0.00,60.0
2025-02-18,2,2,false,Suite,5,5,2,0,0,1369.85,2739.70,0.00,40.0
2025-02-19,3,2,false,Standard,1,18,1,1,0,316.10,316.10,970.13,5.555555555555555
2025-02-19,3,2,false,Deluxe,2,12,3,0,0,501.26,1503.79,646.75,25.0
2025-02-19,3,2,false,Family,3,8,2,1,0,645.58,1291.15,431.17,25.0
2025-02-19,3,2,false,Executive,4,5,2,1,0,855.38,1710.76,269.48,40.0
2025-02-19,3,2,false,Suite,5,5,2,0,0,1369.85,2739.70,269.48,40.0
2025-02-20,4,2,false,Standard,1,18,3,2,0,344.44,1033.31,0.00,16.666666666666668
2025-02-20,4,2,false,Deluxe,2,12,4,1,0,521.41,2085.62,0.00,33.333333333333336
2025-02-20,4,2,false,Family,3,8,1,0,0,654.70,654.70,0.00,12.5
2025-02-20,4,2,false,Executive,4,5,4,2,0,930.77,3723.08,0.00,80.0
2025-02-20,4,2,false,Suite,5,5,2,1,0,1441.76,2883.52,0.00,40.0
2025-02-21,5,2,true,Standard,1,18,3,0,0,344.44,1033.31,0.00,16.666666666666668
2025-02-21,5,2,true,Deluxe,2,12,4,2,0,583.40,2333.60,0.00,33.333333333333336
2025-02-21,5,2,true,Family,3,8,1,0,0,654.70,654.70,0.00,12.5
2025-02-21,5,2,true,Executive,4,5,2,0,0,1006.16,2012.32,0.00,40.0
2025-02-21,5,2,true,Suite,5,5,1,1,0,1637.19,1637.19,0.00,20.0
2025-02-22,6,2,true,Standard,1,18,3,0,0,344.44,1033.31,0.00,16.666666666666668
2025-02-22,6,2,true,Deluxe,2,12,2,0,0,607.23,1214.46,0.00,16.666666666666668
2025-02-22,6,2,true,Family,3,8,1,0,0,654.70,654.70,0.00,12.5
2025-02-22,6,2,true,Executive,4,5,2,1,0,1057.14,2114.28,0.00,40.0
2025-02-22,6,2,true,Suite,5,5,1,0,0,1637.19,1637.19,0.00,20.0
2025-02-23,7,2,false,Standard,1,18,1,1,0,312.89,312.89,313.13,5.555555555555555
2025-02-23,7,2,false,Deluxe,2,12,3,1,0,569.66,1708.98,208.75,25.0
2025-02-23,7,2,false,Family,3,8,2,1,0,657.58,1315.15,139.17,25.0
2025-02-23,7,2,false,Executive,4,5,0,0,1,540.00,0.00,86.98,0.0
2025-02-23,7,2,false,Suite,5,5,1,1,0,1287.66,1287.66,86.98,20.0
2025-02-24,1,2,false,Standard,1,18,0,0,0,220.00,0.00,0.00,0.0
2025-02-24,1,2,false,Deluxe,2,12,2,0,0,563.58,1127.15,0.00,16.666666666666668
2025-02-24,1,2,false,Family,3,8,0,0,0,430.00,0.00,0.00,0.0
2025-02-24,1,2,false,Executive,4,5,1,1,0,840.70,840.70,0.00,20.0
2025-02-24,1,2,false,Suite,5,5,1,0,0,1287.66,1287.66,0.00,20.0
2025-02-25,2,2,false,Standard,1,18,1,1,1,310.26,310.26,308.25,5.555555555555555
2025-02-25,2,2,false,Deluxe,2,12,1,0,0,494.52,494.52,205.50,8.333333333333334
2025-02-25,2,2,false,Family,3,8,1,1,0,647.50,647.50,137.00,12.5
2025-02-25,2,2,false,Executive,4,5,1,0,0,840.70,840.70,85.63,20.0
2025-02-25,2,2,false,Suite,5,5,2,1,0,1290.97,2581.93,85.63,40.0
2025-02-26,3,2,false,Standard,1,18,1,0,0,310.26,310.26,15729.75,5.555555555555555
2025-02-26,3,2,false,Deluxe,2,12,2,1,0,492.11,984.22,10486.50,16.666666666666668
2025-02-26,3,2,false,Family,3,8,2,1,0,666.37,1332.74,6991.00,25.0
2025-02-26,3,2,false,Executive,4,5,1,0,0,840.70,840.70,4369.38,20.0
2025-02-26,3,2,false,Suite,5,5,1,0,0,1287.66,1287.66,4369.38,20.0
2025-02-27,4,2,false,Standard,1,18,2,1,0,331.72,663.44,311.63,11.11111111111111
2025-02-27,4,2,false,Deluxe,2,12,2,1,0,527.90,1055.79,207.75,16.666666666666668
2025-02-27,4,2,false,Family,3,8,3,1,0,702.76,2108.29,138.50,37.5
2025-02-27,4,2,false,Executive,4,5,2,1,0,910.80,1821.60,86.56,40.0
2025-02-27,4,2,false,Suite,5,5,0,0,0,760.00,0.00,86.56,0.0
2025-02-28,5,2,true,Standard,1,18,2,0,2,331.72,663.44,681.75,11.11111111111111
2025-02-28,5,2,true,Deluxe,2,12,3,2,0,571.52,1714.56,454.50,25.0
2025-02-28,5,2,true,Family,3,8,3,0,0,702.76,2108.29,303.00,37.5
2025-02-28,5,2,true,Executive,4,5,2,0,1,910.80,1821.60,189.38,40.0
2025-02-28,5,2,true,Suite,5,5,0,0,0,760.00,0.00,189.38,0.0
2025-03-01,6,3,true,Standard,1,18,1,0,0,353.18,353.18,379.50,5.555555555555555
2025-03-01,6,3,true,Deluxe,2,12,3,0,0,571.52,1714.56,253.00,25.0
2025-03-01,6,3,true,Family,3,8,3,1,0,661.55,1984.64,168.67,37.5
2025-03-01,6,3,true,Executive,4,5,0,0,0,540.00,0.00,105.42,0.0
2025-03-01,6,3,true,Suite,5,5,1,1,0,1345.71,1345.71,105.42,20.0
2025-03-02,7,3,false,Standard,1,18,2,2,0,249.27,498.53,0.00,11.11111111111111
2025-03-02,7,3,false,Deluxe,2,12,3,0,0,571.52,1714.56,0.00,25.0
2025-03-02,7,3,false,Family,3,8,2,1,0,577.31,1154.62,0.00,25.0
2025-03-02,7,3,false,Executive,4,5,0,0,0,540.00,0.00,0.00,0.0
2025-03-02,7,3,false,Suite,5,5,1,0,0,1345.71,1345.71,0.00,20.0
2025-03-03,1,3,false,Standard,1,18,1,0,0,248.13,248.13,315.38,5.555555555555555
2025-03-03,1,3,false,Deluxe,2,12,1,0,0,610.59,610.59,210.25,8.333333333333334
2025-03-03,1,3,false,Family,3,8,1,0,0,651.90,651.90,140.17,12.5
2025-03-03,1,3,false,Executive,4,5,0,0,0,540.00,0.00,87.60,0.0
2025-03-03,1,3,false,Suite,5,5,1,0,0,1345.71,1345.71,87.60,20.0
2025-03-04,2,3,false,Standard,1,18,4,3,0,244.76,979.03,4282.13,22.22222222222222
2025-03-04,2,3,false,Deluxe,2,12,1,1,0,394.27,394.27,2854.75,8.333333333333334
2025-03-04,2,3,false,Family,3,8,0,0,0,430.00,0.00,1903.17,0.0
2025-03-04,2,3,false,Executive,4,5,0,0,0,540.00,0.00,1189.48,0.0
2025-03-04,2,3,false,Suite,5,5,2,2,0,990.29,1980.58,1189.48,40.0
2025-03-05,3,3,false,Standard,1,18,4,1,0,245.11,980.45,0.00,22.22222222222222
2025-03-05,3,3,false,Deluxe,2,12,1,1,0,373.80,373.80,0.00,8.333333333333334
2025-03-05,3,3,false,Family,3,8,1,1,0,543.66,543.66,0.00,12.5
2025-03-05,3,3,false,Executive,4,5,0,0,0,540.00,0.00,0.00,0.0
2025-03-05,3,3,false,Suite,5,5,2,1,1,1026.40,2052.80,0.00,40.0
2025-03-06,4,3,false,Standard,1,18,4,2,0,262.29,1049.17,355.88,22.22222222222222
2025-03-06,4,3,false,Deluxe,2,12,1,0,0,373.80,373.80,237.25,8.333333333333334
2025-03-06,4,3,false,Family,3,8,0,0,0,430.00,0.00,158.17,0.0
2025-03-06,4,3,false,Executive,4,5,0,0,0,540.00,0.00,98.85,0.0
2025-03-06,4,3,false,Suite,5,5,1,0,0,1008.80,1008.80,98.85,20.0
2025-03-07,5,3,true,Standard,1,18,5,1,0,269.35,1346.74,823.88,27.77777777777778
2025-03-07,5,3,true,Deluxe,2,12,2,1,0,434.28,868.56,549.25,16.666666666666668
2025-03-07,5,3,true,Family,3,8,0,0,0,430.00,0.00,366.17,0.0
2025-03-07,5,3,true,Executive,4,5,0,0,0,540.00,0.00,228.85,0.0
2025-03-07,5,3,true,Suite,5,5,1,0,0,1008.80,1008.80,228.85,20.0
2025-03-08,6,3,true,Standard,1,18,4,2,0,286.15,1144.60,426.38,22.22222222222222
2025-03-08,6,3,true,Deluxe,2,12,2,0,0,434.28,868.56,284.25,16.666666666666668
2025-03-08,6,3,true,Family,3,8,2,2,0,647.82,1295.63,189.50,25.0
2025-03-08,6,3,true,Executive,4,5,1,1,0,832.24,832.24,118.44,20.0
2025-03-08,6,3,true,Suite,5,5,0,0,0,760.00,0.00,118.44,0.0
2025-03-09,7,3,false,Standard,1,18,4,2,0,277.52,1110.08,389.63,22.22222222222222
2025-03-09,7,3,false,Deluxe,2,12,2,1,0,440.73,881.45,259.75,16.666666666666668
2025-03-09,7,3,false,Family,3,8,1,0,0,652.06,652.06,173.17,12.5
2025-03-09,7,3,false,Executive,4,5,0,0,0,540.00,0.00,108.23,0.0
2025-03-09,7,3,false,Suite,5,5,0,0,0,760.00,0.00,108.23,0.0
2025-03-10,1,3,false,Standard,1,18,3,0,0,270.88,812.64,341.25,16.666666666666668
2025-03-10,1,3,false,Deluxe,2,12,0,0,0,330.00,0.00,227.50,0.0
2025-03-10,1,3,false,Family,3,8,0,0,0,430.00,0.00,151.67,0.0
2025-03-10,1,3,false,Executive,4,5,0,0,1,540.00,0.00,94.79,0.0
2025-03-10,1,3,false,Suite,5,5,0,0,0,760.00,0.00,94.79,0.0
2025-03-11,2,3,false,Standard,1,18,3,1,0,253.10,759.30,1838.63,16.666666666666668
2025-03-11,2,3,false,Deluxe,2,12,0,0,0,330.00,0.00,1225.75,0.0
2025-03-11,2,3,false,Family,3,8,0,0,0,430.00,0.00,817.17,0.0
2025-03-11,2,3,false,Executive,4,5,0,0,0,540.00,0.00,510.73,0.0
2025-03-11,2,3,false,Suite,5,5,0,0,0,760.00,0.00,510.73,0.0
2025-03-12,3,3,false,Standard,1,18,2,0,1,251.58,503.15,0.00,11.11111111111111
2025-03-12,3,3,false,Deluxe,2,12,0,0,0,330.00,0.00,0.00,0.0
2025-03-12,3,3,false,Family,3,8,0,0,0,430.00,0.00,0.00,0.0
2025-03-12,3,3,false,Executive,4,5,0,0,0,540.00,0.00,0.00,0.0
2025-03-12,3,3,false,Suite,5,5,1,1,0,979.02,979.02,0.00,20.0
2025-03-13,4,3,false,Standard,1,18,1,0,0,256.04,256.04,0.00,5.555555555555555
2025-03-13,4,3,false,Deluxe,2,12,1,1,0,449.96,449.96,0.00,8.333333333333334
2025-03-13,4,3,false,Family,3,8,0,0,0,430.00,0.00,0.00,0.0
2025-03-13,4,3,false,Executive,4,5,0,0,0,540.00,0.00,0.00,0.0
2025-03-13,4,3,false,Suite,5,5,1,0,0,979.02,979.02,0.00,20.0
2025-03-14,5,3,true,Standard,1,18,1,1,0,319.48,319.48,2412.38,5.555555555555555
2025-03-14,5,3,true,Deluxe,2,12,2,1,0,457.75,915.49,1608.25,16.666666666666668
2025-03-14,5,3,true,Family,3,8,0,0,0,430.00,0.00,1072.17,0.0
2025-03-14,5,3,true,Executive,4,5,0,0,0,540.00,0.00,670.10,0.0
2025-03-14,5,3,true,Suite,5,5,1,0,0,979.02,979.02,670.10,20.0
2025-03-15,6,3,true,Standard,1,18,3,2,0,324.58,973.73,0.00,16.666666666666668
2025-03-15,6,3,true,Deluxe,2,12,1,0,0,449.96,449.96,0.00,8.333333333333334
2025-03-15,6,3,true,Family,3,8,0,0,0,430.00,0.00,0.00,0.0
2025-03-15,6,3,true,Executive,4,5,0,0,0,540.00,0.00,0.00,0.0
2025-03-15,6,3,true,Suite,5,5,2,1,0,1088.03,2176.06,0.00,40.0
2025-03-16,7,3,false,Standard,1,18,3,1,0,297.02,891.05,509.25,16.666666666666668
2025-03-16,7,3,false,Deluxe,2,12,1,0,0,449.96,449.96,339.50,8.333333333333334
2025-03-16,7,3,false,Family,3,8,0,0,0,430.00,0.00,226.33,0.0
2025-03-16,7,3,false,Executive,4,5,1,1,0,686.15,686.15,141.46,20.0
2025-03-16,7,3,false,Suite,5,5,3,2,0,1076.63,3229.89,141.46,60.0
2025-03-17,1,3,false,Standard,1,18,3,0,0,297.02,891.05,0.00,16.666666666666668
2025-03-17,1,3,false,Deluxe,2,12,1,0,0,449.96,449.96,0.00,8.333333333333334
2025-03-17,1,3,false,Family,3,8,0,0,0,430.00,0.00,0.00,0.0
2025-03-17,1,3,false,Executive,4,5,1,0,0,686.15,686.15,0.00,20.0
2025-03-17,1,3,false,Suite,5,5,3,0,0,1076.63,3229.89,0.00,60.0
2025-03-18,2,3,false,Standard,1,18,4,1,0,287.38,1149.52,0.00,22.22222222222222
2025-03-18,2,3,false,Deluxe,2,12,1,1,0,399.01,399.01,0.00,8.333333333333334
2025-03-18,2,3,false,Family,3,8,0,0,0,430.00,0.00,0.00,0.0
2025-03-18,2,3,false,Executive,4,5,2,1,0,688.05,1376.10,0.00,40.0
2025-03-18,2,3,false,Suite,5,5,3,0,0,1076.63,3229.89,0.00,60.0
2025-03-19,3,3,false,Standard,1,18,3,0,0,276.68,830.04,831.75,16.666666666666668
2025-03-19,3,3,false,Deluxe,2,12,1,0,0,399.01,399.01,554.50,8.333333333333334
2025-03-19,3,3,false,Family,3,8,1,1,0,533.32,533.32,369.67,12.5
2025-03-19,3,3,false,Executive,4,5,2,1,0,698.28,1396.56,231.04,40.0
2025-03-19,3,3,false,Suite,5,5,3,1,0,1017.84,3053.52,231.04,60.0
2025-03-20,4,3,false,Standard,1,18,1,0,0,258.47,258.47,0.00,5.555555555555555
2025-03-20,4,3,false,Deluxe,2,12,3,2,0,425.39,1276.16,0.00,25.0
2025-03-20,4,3,false,Family,3,8,0,0,0,430.00,0.00,0.00,0.0
2025-03-20,4,3,false,Executive,4,5,3,1,0,732.36,2197.09,0.00,60.0
2025-03-20,4,3,false,Suite,5,5,1,0,0,1020.67,1020.67,0.00,20.0
2025-03-21,5,3,true,Standard,1,18,2,1,1,280.81,561.62,0.00,11.11111111111111
2025-03-21,5,3,true,Deluxe,2,12,2,0,0,438.58,877.15,0.00,16.666666666666668
2025-03-21,5,3,true,Family,3,8,1,1,0,644.59,644.59,0.00,12.5
2025-03-21,5,3,true,Executive,4,5,3,1,0,747.61,2242.83,0.00,60.0
2025-03-21,5,3,true,Suite,5,5,1,0,1,1020.67,1020.67,0.00,20.0
2025-03-22,6,3,true,Standard,1,18,3,1,0,288.42,865.25,0.00,16.666666666666668
2025-03-22,6,3,true,Deluxe,2,12,1,0,2,439.91,439.91,0.00,8.333333333333334
2025-03-22,6,3,true,Family,3,8,1,0,0,644.59,644.59,0.00,12.5
2025-03-22,6,3,true,Executive,4,5,3,0,0,747.61,2242.83,0.00,60.0
2025-03-22,6,3,true,Suite,5,5,1,0,0,1020.67,1020.67,0.00,20.0
2025-03-23,7,3,false,Standard,1,18,2,0,0,303.39,606.78,0.00,11.11111111111111
2025-03-23,7,3,false,Deluxe,2,12,2,1,0,416.82,833.64,0.00,16.666666666666668
2025-03-23,7,3,false,Family,3,8,1,0,0,644.59,644.59,0.00,12.5
2025-03-23,7,3,false,Executive,4,5,2,0,0,776.44,1552.88,0.00,40.0
2025-03-23,7,3,false,Suite,5,5,2,1,0,1023.93,2047.85,0.00,40.0
2025-03-24,1,3,false,Standard,1,18,2,0,0,303.39,606.78,0.00,11.11111111111111
2025-03-24,1,3,false,Deluxe,2,12,2,0,0,416.82,833.64,0.00,16.666666666666668
2025-03-24,1,3,false,Family,3,8,1,0,0,644.59,644.59,0.00,12.5
2025-03-24,1,3,false,Executive,4,5,0,0,0,540.00,0.00,0.00,0.0
2025-03-24,1,3,false,Suite,5,5,0,0,0,760.00,0.00,0.00,0.0
2025-03-25,2,3,false,Standard,1,18,3,2,0,265.90,797.69,0.00,16.666666666666668
2025-03-25,2,3,false,Deluxe,2,12,1,0,0,393.73,393.73,0.00,8.333333333333334
2025-03-25,2,3,false,Family,3,8,1,0,0,644.59,644.59,0.00,12.5
2025-03-25,2,3,false,Executive,4,5,0,0,0,540.00,0.00,0.00,0.0
2025-03-25,2,3,false,Suite,5,5,0,0,0,760.00,0.00,0.00,0.0
2025-03-26,3,3,false,Standard,1,18,3,1,0,247.85,743.54,0.00,16.666666666666668
2025-03-26,3,3,false,Deluxe,2,12,2,1,0,391.68,783.35,0.00,16.666666666666668
2025-03-26,3,3,false,Family,3,8,0,0,0,430.00,0.00,0.00,0.0
2025-03-26,3,3,false,Executive,4,5,1,1,0,675.43,675.43,0.00,20.0
2025-03-26,3,3,false,Suite,5,5,1,1,0,1002.69,1002.69,0.00,20.0
2025-03-27,4,3,false,Standard,1,18,4,2,0,271.91,1087.62,8661.75,22.22222222222222
2025-03-27,4,3,false,Deluxe,2,12,2,0,0,391.68,783.35,5774.50,16.666666666666668
2025-03-27,4,3,false,Family,3,8,1,1,0,616.95,616.95,3849.67,12.5
2025-03-27,4,3,false,Executive,4,5,1,0,0,675.43,675.43,2406.04,20.0
2025-03-27,4,3,false,Suite,5,5,1,0,0,1002.69,1002.69,2406.04,20.0
2025-03-28,5,3,true,Standard,1,18,6,3,0,286.39,1718.32,7005.00,33.333333333333336
2025-03-28,5,3,true,Deluxe,2,12,2,1,0,433.30,866.59,4670.00,16.666666666666668
2025-03-28,5,3,true,Family,3,8,1,0,0,616.95,616.95,3113.33,12.5
2025-03-28,5,3,true,Executive,4,5,1,0,1,675.43,675.43,1945.83,20.0
2025-03-28,5,3,true,Suite,5,5,1,0,0,1002.69,1002.69,1945.83,20.0
2025-03-29,6,3,true,Standard,1,18,4,0,0,279.91,1119.62,370.13,22.22222222222222
2025-03-29,6,3,true,Deluxe,2,12,3,1,0,446.44,1339.31,246.75,25.0
2025-03-29,6,3,true,Family,3,8,2,1,0,628.58,1257.16,164.50,25.0
2025-03-29,6,3,true,Executive,4,5,0,0,0,540.00,0.00,102.81,0.0
2025-03-29,6,3,true,Suite,5,5,1,0,0,1002.69,1002.69,102.81,20.0
2025-03-30,7,3,false,Standard,1,18,3,2,1,260.30,780.90,345.75,16.666666666666668
2025-03-30,7,3,false,Deluxe,2,12,5,2,0,427.67,2138.34,230.50,41.666666666666664
2025-03-30,7,3,false,Family,3,8,2,0,0,628.58,1257.16,153.67,25.0
2025-03-30,7,3,false,Executive,4,5,0,0,0,540.00,0.00,96.04,0.0
2025-03-30,7,3,false,Suite,5,5,1,0,0,1002.69,1002.69,96.04,20.0
2025-03-31,1,3,false,Standard,1,18,4,2,0,264.28,1057.10,0.00,22.22222222222222
2025-03-31,1,3,false,Deluxe,2,12,4,1,0,419.98,1679.91,0.00,33.333333333333336
2025-03-31,1,3,false,Family,3,8,2,1,0,577.49,1154.98,0.00,25.0
2025-03-31,1,3,false,Executive,4,5,1,1,0,644.82,644.82,0.00,20.0
2025-03-31,1,3,false,Suite,5,5,0,0,0,760.00,0.00,0.00,0.0
2025-04-01,2,4,false,Standard,1,18,7,3,0,257.53,1802.71,0.00,38.888888888888886
2025-04-01,2,4,false,Deluxe,2,12,2,0,0,404.76,809.52,0.00,16.666666666666668
2025-04-01,2,4,false,Family,3,8,1,1,0,523.18,523.18,0.00,12.5
2025-04-01,2,4,false,Executive,4,5,1,0,0,644.82,644.82,0.00,20.0
2025-04-01,2,4,false,Suite,5,5,0,0,0,760.00,0.00,0.00,0.0
2025-04-02,3,4,false,Standard,1,18,10,4,0,246.73,2467.28,0.00,55.55555555555556
2025-04-02,3,4,false,Deluxe,2,12,1,0,0,408.16,408.16,0.00,8.333333333333334
2025-04-02,3,4,false,Family,3,8,2,2,0,501.97,1003.93,0.00,25.0
2025-04-02,3,4,false,Executive,4,5,1,1,0,710.00,710.00,0.00,20.0
2025-04-02,3,4,false,Suite,5,5,0,0,0,760.00,0.00,0.00,0.0
2025-04-03,4,4,false,Standard,1,18,5,0,1,247.20,1236.00,4183.13,27.77777777777778
2025-04-03,4,4,false,Deluxe,2,12,1,0,0,408.16,408.16,2788.75,8.333333333333334
2025-04-03,4,4,false,Family,3,8,2,0,0,501.97,1003.93,1859.17,25.0
2025-04-03,4,4,false,Executive,4,5,1,0,0,710.00,710.00,1161.98,20.0
2025-04-03,4,4,false,Suite,5,5,0,0,0,760.00,0.00,1161.98,0.0
2025-04-04,5,4,true,Standard,1,18,7,2,0,265.61,1859.29,0.00,38.888888888888886
2025-04-04,5,4,true,Deluxe,2,12,3,2,0,459.83,1379.48,0.00,25.0
2025-04-04,5,4,true,Family,3,8,2,0,1,501.97,1003.93,0.00,25.0
2025-04-04,5,4,true,Executive,4,5,0,0,0,540.00,0.00,0.00,0.0
2025-04-04,5,4,true,Suite,5,5,0,0,0,760.00,0.00,0.00,0.0
2025-04-05,6,4,true,Standard,1,18,9,3,0,284.87,2563.85,489.00,50.0
2025-04-05,6,4,true,Deluxe,2,12,5,3,0,485.98,2429.89,326.00,41.666666666666664
2025-04-05,6,4,true,Family,3,8,1,0,0,498.75,498.75,217.33,12.5
2025-04-05,6,4,true,Executive,4,5,1,1,0,905.53,905.53,135.83,20.0
2025-04-05,6,4,true,Suite,5,5,0,0,0,760.00,0.00,135.83,0.0
2025-04-06,7,4,false,Standard,1,18,6,1,0,293.12,1758.74,0.00,33.333333333333336
2025-04-06,7,4,false,Deluxe,2,12,3,0,0,484.47,1453.41,0.00,25.0
2025-04-06,7,4,false,Family,3,8,1,0,0,498.75,498.75,0.00,12.5
2025-04-06,7,4,false,Executive,4,5,2,1,0,804.32,1608.63,0.00,40.0
2025-04-06,7,4,false,Suite,5,5,0,0,0,760.00,0.00,0.00,0.0
2025-04-07,1,4,false,Standard,1,18,4,0,0,300.12,1200.47,0.00,22.22222222222222
2025-04-07,1,4,false,Deluxe,2,12,5,2,0,443.96,2219.79,0.00,41.666666666666664
2025-04-07,1,4,false,Family,3,8,1,1,0,523.23,523.23,0.00,12.5
2025-04-07,1,4,false,Executive,4,5,2,0,0,804.32,1608.63,0.00,40.0
2025-04-07,1,4,false,Suite,5,5,0,0,0,760.00,0.00,0.00,0.0
2025-04-08,2,4,false,Standard,1,18,2,1,0,288.66,577.31,0.00,11.11111111111111
2025-04-08,2,4,false,Deluxe,2,12,4,0,0,433.27,1733.07,0.00,33.333333333333336
2025-04-08,2,4,false,Family,3,8,0,0,0,430.00,0.00,0.00,0.0
2025-04-08,2,4,false,Executive,4,5,1,0,0,905.53,905.53,0.00,20.0
2025-04-08,2,4,false,Suite,5,5,0,0,0,760.00,0.00,0.00,0.0
2025-04-09,3,4,false,Standard,1,18,2,2,0,250.02,500.03,3289.50,11.11111111111111
2025-04-09,3,4,false,Deluxe,2,12,3,1,0,384.72,1154.15,2193.00,25.0
2025-04-09,3,4,false,Family,3,8,0,0,0,430.00,0.00,1462.00,0.0
2025-04-09,3,4,false,Executive,4,5,1,1,0,672.05,672.05,913.75,20.0
2025-04-09,3,4,false,Suite,5,5,0,0,0,760.00,0.00,913.75,0.0
2025-04-10,4,4,false,Standard,1,18,4,2,0,266.54,1066.15,0.00,22.22222222222222
2025-04-10,4,4,false,Deluxe,2,12,3,0,0,384.72,1154.15,0.00,25.0
2025-04-10,4,4,false,Family,3,8,0,0,0,430.00,0.00,0.00,0.0
2025-04-10,4,4,false,Executive,4,5,1,0,0,672.05,672.05,0.00,20.0
2025-04-10,4,4,false,Suite,5,5,1,1,0,1210.95,1210.95,0.00,20.0
2025-04-11,5,4,true,Standard,1,18,3,0,1,270.23,810.68,0.00,16.666666666666668
2025-04-11,5,4,true,Deluxe,2,12,3,1,0,420.32,1260.97,0.00,25.0
2025-04-11,5,4,true,Family,3,8,1,1,0,667.08,667.08,0.00,12.5
2025-04-11,5,4,true,Executive,4,5,1,1,0,853.30,853.30,0.00,20.0
2025-04-11,5,4,true,Suite,5,5,0,0,0,760.00,0.00,0.00,0.0
2025-04-12,6,4,true,Standard,1,18,1,0,0,287.54,287.54,0.00,5.555555555555555
2025-04-12,6,4,true,Deluxe,2,12,2,0,0,437.35,874.70,0.00,16.666666666666668
2025-04-12,6,4,true,Family,3,8,1,0,0,667.08,667.08,0.00,12.5
2025-04-12,6,4,true,Executive,4,5,1,0,0,853.30,853.30,0.00,20.0
2025-04-12,6,4,true,Suite,5,5,0,0,0,760.00,0.00,0.00,0.0
2025-04-13,7,4,false,Standard,1,18,0,0,0,220.00,0.00,0.00,0.0
2025-04-13,7,4,false,Deluxe,2,12,2,0,0,437.35,874.70,0.00,16.666666666666668
2025-04-13,7,4,false,Family,3,8,1,0,0,667.08,667.08,0.00,12.5
2025-04-13,7,4,false,Executive,4,5,0,0,0,540.00,0.00,0.00,0.0
2025-04-13,7,4,false,Suite,5,5,0,0,0,760.00,0.00,0.00,0.0
2025-04-14,1,4,false,Standard,1,18,1,1,0,249.34,249.34,1241.25,5.555555555555555
2025-04-14,1,4,false,Deluxe,2,12,1,0,1,486.93,486.93,827.50,8.333333333333334
2025-04-14,1,4,false,Family,3,8,2,2,0,521.88,1043.76,551.67,25.0
2025-04-14,1,4,false,Executive,4,5,0,0,0,540.00,0.00,344.79,0.0
2025-04-14,1,4,false,Suite,5,5,0,0,0,760.00,0.00,344.79,0.0
2025-04-15,2,4,false,Standard,1,18,1,0,0,249.34,249.34,0.00,5.555555555555555
2025-04-15,2,4,false,Deluxe,2,12,0,0,0,330.00,0.00,0.00,0.0
2025-04-15,2,4,false,Family,3,8,3,1,0,520.78,1562.35,0.00,37.5
2025-04-15,2,4,false,Executive,4,5,0,0,0,540.00,0.00,0.00,0.0
2025-04-15,2,4,false,Suite,5,5,1,1,0,981.57,981.57,0.00,20.0
2025-04-16,3,4,false,Standard,1,18,2,1,0,243.59,487.18,0.00,11.11111111111111
2025-04-16,3,4,false,Deluxe,2,12,1,1,0,384.19,384.19,0.00,8.333333333333334
2025-04-16,3,4,false,Family,3,8,2,0,0,509.87,1019.74,0.00,25.0
2025-04-16,3,4,false,Executive,4,5,0,0,0,540.00,0.00,0.00,0.0
2025-04-16,3,4,false,Suite,5,5,1,0,0,981.57,981.57,0.00,20.0
2025-04-17,4,4,false,Standard,1,18,1,0,0,249.34,249.34,1015.88,5.555555555555555
2025-04-17,4,4,false,Deluxe,2,12,1,0,0,384.19,384.19,677.25,8.333333333333334
2025-04-17,4,4,false,Family,3,8,3,1,0,532.73,1598.20,451.50,37.5
2025-04-17,4,4,false,Executive,4,5,0,0,0,540.00,0.00,282.19,0.0
2025-04-17,4,4,false,Suite,5,5,1,0,0,981.57,981.57,282.19,20.0
2025-04-18,5,4,true,Standard,1,18,2,2,0,314.33,628.66,0.00,11.11111111111111
2025-04-18,5,4,true,Deluxe,2,12,1,0,0,384.19,384.19,0.00,8.333333333333334
2025-04-18,5,4,true,Family,3,8,2,0,0,509.87,1019.74,0.00,25.0
2025-04-18,5,4,true,Executive,4,5,0,0,0,540.00,0.00,0.00,0.0
2025-04-18,5,4,true,Suite,5,5,1,0,0,981.57,981.57,0.00,20.0
2025-04-19,6,4,true,Standard,1,18,4,2,0,313.53,1254.11,371.63,22.22222222222222
2025-04-19,6,4,true,Deluxe,2,12,0,0,0,330.00,0.00,247.75,0.0
2025-04-19,6,4,true,Family,3,8,1,0,0,518.59,518.59,165.17,12.5
2025-04-19,6,4,true,Executive,4,5,1,1,0,832.04,832.04,103.23,20.0
2025-04-19,6,4,true,Suite,5,5,0,0,0,760.00,0.00,103.23,0.0
2025-04-20,7,4,false,Standard,1,18,5,1,0,300.07,1500.37,0.00,27.77777777777778
2025-04-20,7,4,false,Deluxe,2,12,0,0,0,330.00,0.00,0.00,0.0
2025-04-20,7,4,false,Family,3,8,0,0,0,430.00,0.00,0.00,0.0
2025-04-20,7,4,false,Executive,4,5,2,1,0,766.11,1532.22,0.00,40.0
2025-04-20,7,4,false,Suite,5,5,1,1,0,985.20,985.20,0.00,20.0
2025-04-21,1,4,false,Standard,1,18,4,0,0,298.02,1192.06,0.00,22.22222222222222
2025-04-21,1,4,false,Deluxe,2,12,0,0,0,330.00,0.00,0.00,0.0
2025-04-21,1,4,false,Family,3,8,0,0,0,430.00,0.00,0.00,0.0
2025-04-21,1,4,false,Executive,4,5,1,0,0,832.04,832.04,0.00,20.0
2025-04-21,1,4,false,Suite,5,5,1,0,0,985.20,985.20,0.00,20.0
2025-04-22,2,4,false,Standard,1,18,3,1,0,271.01,813.03,820.13,16.666666666666668
2025-04-22,2,4,false,Deluxe,2,12,0,0,0,330.00,0.00,546.75,0.0
2025-04-22,2,4,false,Family,3,8,0,0,0,430.00,0.00,364.50,0.0
2025-04-22,2,4,false,Executive,4,5,2,1,0,750.54,1501.07,227.81,40.0
2025-04-22,2,4,false,Suite,5,5,1,0,0,985.20,985.20,227.81,20.0
2025-04-23,3,4,false,Standard,1,18,2,0,0,283.39,566.77,0.00,11.11111111111111
2025-04-23,3,4,false,Deluxe,2,12,1,1,0,382.76,382.76,0.00,8.333333333333334
2025-04-23,3,4,false,Family,3,8,1,1,1,525.64,525.64,0.00,12.5
2025-04-23,3,4,false,Executive,4,5,2,1,0,694.28,1388.55,0.00,40.0
2025-04-23,3,4,false,Suite,5,5,0,0,0,760.00,0.00,0.00,0.0
2025-04-24,4,4,false,Standard,1,18,2,1,0,271.08,542.16,297.00,11.11111111111111
2025-04-24,4,4,false,Deluxe,2,12,1,0,1,382.76,382.76,198.00,8.333333333333334
2025-04-24,4,4,false,Family,3,8,1,0,0,525.64,525.64,132.00,12.5
2025-04-24,4,4,false,Executive,4,5,2,0,0,694.28,1388.55,82.50,40.0
2025-04-24,4,4,false,Suite,5,5,1,1,0,1115.31,1115.31,82.50,20.0
2025-04-25,5,4,true,Standard,1,18,2,0,0,271.08,542.16,6945.00,11.11111111111111
2025-04-25,5,4,true,Deluxe,2,12,0,0,0,330.00,0.00,4630.00,0.0
2025-04-25,5,4,true,Family,3,8,0,0,0,430.00,0.00,3086.67,0.0
2025-04-25,5,4,true,Executive,4,5,1,0,0,719.52,719.52,1929.17,20.0
2025-04-25,5,4,true,Suite,5,5,1,0,0,1115.31,1115.31,1929.17,20.0
2025-04-26,6,4,true,Standard,1,18,1,0,0,288.47,288.47,0.00,5.555555555555555
2025-04-26,6,4,true,Deluxe,2,12,0,0,0,330.00,0.00,0.00,0.0
2025-04-26,6,4,true,Family,3,8,0,0,0,430.00,0.00,0.00,0.0
2025-04-26,6,4,true,Executive,4,5,0,0,0,540.00,0.00,0.00,0.0
2025-04-26,6,4,true,Suite,5,5,1,0,0,1115.31,1115.31,0.00,20.0
2025-04-27,7,4,false,Standard,1,18,1,0,0,288.47,288.47,0.00,5.555555555555555
2025-04-27,7,4,false,Deluxe,2,12,1,1,0,379.12,379.12,0.00,8.333333333333334
2025-04-27,7,4,false,Family,3,8,0,0,0,430.00,0.00,0.00,0.0
2025-04-27,7,4,false,Executive,4,5,1,1,0,648.28,648.28,0.00,20.0
2025-04-27,7,4,false,Suite,5,5,1,0,0,1115.31,1115.31,0.00,20.0
2025-04-28,1,4,false,Standard,1,18,1,0,0,288.47,288.47,6615.38,5.555555555555555
2025-04-28,1,4,false,Deluxe,2,12,1,0,0,379.12,379.12,4410.25,8.333333333333334
2025-04-28,1,4,false,Family,3,8,1,1,0,518.14,518.14,2940.17,12.5
2025-04-28,1,4,false,Executive,4,5,1,1,0,705.36,705.36,1837.60,20.0
2025-04-28,1,4,false,Suite,5,5,0,0,0,760.00,0.00,1837.60,0.0
2025-04-29,2,4,false,Standard,1,18,0,0,0,220.00,0.00,352.13,0.0
2025-04-29,2,4,false,Deluxe,2,12,0,0,0,330.00,0.00,234.75,0.0
2025-04-29,2,4,false,Family,3,8,2,2,1,532.01,1064.01,156.50,25.0
2025-04-29,2,4,false,Executive,4,5,2,1,0,697.35,1394.70,97.81,40.0
2025-04-29,2,4,false,Suite,5,5,0,0,0,760.00,0.00,97.81,0.0
2025-04-30,3,4,false,Standard,1,18,0,0,0,220.00,0.00,0.00,0.0
2025-04-30,3,4,false,Deluxe,2,12,0,0,0,330.00,0.00,0.00,0.0
2025-04-30,3,4,false,Family,3,8,2,0,0,532.01,1064.01,0.00,25.0
2025-04-30,3,4,false,Executive,4,5,1,0,0,689.34,689.34,0.00,20.0
2025-04-30,3,4,false,Suite,5,5,0,0,0,760.00,0.00,0.00,0.0
2025-05-01,4,5,false,Standard,1,18,6,6,0,282.67,1696.01,0.00,33.333333333333336
2025-05-01,4,5,false,Deluxe,2,12,1,1,0,456.22,456.22,0.00,8.333333333333334
2025-05-01,4,5,false,Family,3,8,2,0,0,532.01,1064.01,0.00,25.0
2025-05-01,4,5,false,Executive,4,5,1,0,0,689.34,689.34,0.00,20.0
2025-05-01,4,5,false,Suite,5,5,0,0,0,760.00,0.00,0.00,0.0
2025-05-02,5,5,true,Standard,1,18,4,0,0,283.95,1135.80,0.00,22.22222222222222
2025-05-02,5,5,true,Deluxe,2,12,1,0,0,456.22,456.22,0.00,8.333333333333334
2025-05-02,5,5,true,Family,3,8,4,2,0,590.33,2361.31,0.00,50.0
2025-05-02,5,5,true,Executive,4,5,2,1,0,777.34,1554.68,0.00,40.0
2025-05-02,5,5,true,Suite,5,5,1,1,0,1231.40,1231.40,0.00,20.0
2025-05-03,6,5,true,Standard,1,18,4,1,0,288.64,1154.56,3273.00,22.22222222222222
2025-05-03,6,5,true,Deluxe,2,12,2,1,0,484.88,969.76,2182.00,16.666666666666668
2025-05-03,6,5,true,Family,3,8,2,0,0,584.18,1168.36,1454.67,25.0
2025-05-03,6,5,true,Executive,4,5,2,0,0,777.34,1554.68,909.17,40.0
2025-05-03,6,5,true,Suite,5,5,1,0,0,1231.40,1231.40,909.17,20.0
2025-05-04,7,5,false,Standard,1,18,2,0,0,298.91,597.81,314.63,11.11111111111111
2025-05-04,7,5,false,Deluxe,2,12,3,1,0,448.91,1346.72,209.75,25.0
2025-05-04,7,5,false,Family,3,8,1,0,0,653.20,653.20,139.83,12.5
2025-05-04,7,5,false,Executive,4,5,1,0,0,865.34,865.34,87.40,20.0
2025-05-04,7,5,false,Suite,5,5,1,0,0,1231.40,1231.40,87.40,20.0
2025-05-05,1,5,false,Standard,1,18,1,0,0,315.64,315.64,0.00,5.555555555555555
2025-05-05,1,5,false,Deluxe,2,12,3,1,0,453.09,1359.27,0.00,25.0
2025-05-05,1,5,false,Family,3,8,1,0,0,653.20,653.20,0.00,12.5
2025-05-05,1,5,false,Executive,4,5,1,0,0,865.34,865.34,0.00,20.0
2025-05-05,1,5,false,Suite,5,5,2,1,0,1123.89,2247.77,0.00,40.0
2025-05-06,2,5,false,Standard,1,18,0,0,0,220.00,0.00,0.00,0.0
2025-05-06,2,5,false,Deluxe,2,12,3,1,0,429.30,1287.89,0.00,25.0
2025-05-06,2,5,false,Family,3,8,1,0,0,653.20,653.20,0.00,12.5
2025-05-06,2,5,false,Executive,4,5,1,0,0,865.34,865.34,0.00,20.0
2025-05-06,2,5,false,Suite,5,5,1,0,0,1016.37,1016.37,0.00,20.0
2025-05-07,3,5,false,Standard,1,18,0,0,0,220.00,0.00,391.88,0.0
2025-05-07,3,5,false,Deluxe,2,12,4,2,0,385.86,1543.43,261.25,33.333333333333336
2025-05-07,3,5,false,Family,3,8,2,2,0,522.12,1044.24,174.17,25.0
2025-05-07,3,5,false,Executive,4,5,0,0,0,540.00,0.00,108.85,0.0
2025-05-07,3,5,false,Suite,5,5,1,1,0,1067.60,1067.60,108.85,20.0
2025-05-08,4,5,false,Standard,1,18,1,1,0,281.89,281.89,796.13,5.555555555555555
2025-05-08,4,5,false,Deluxe,2,12,6,2,0,403.07,2418.39,530.75,50.0
2025-05-08,4,5,false,Family,3,8,2,1,0,560.52,1121.03,353.83,25.0
2025-05-08,4,5,false,Executive,4,5,0,0,0,540.00,0.00,221.15,0.0
2025-05-08,4,5,false,Suite,5,5,1,0,0,1067.60,1067.60,221.15,20.0
2025-05-09,5,5,true,Standard,1,18,5,4,0,305.10,1525.52,464.63,27.77777777777778
2025-05-09,5,5,true,Deluxe,2,12,5,1,0,423.48,2117.39,309.75,41.666666666666664
2025-05-09,5,5,true,Family,3,8,2,1,0,606.11,1212.21,206.50,25.0
2025-05-09,5,5,true,Executive,4,5,0,0,0,540.00,0.00,129.06,0.0
2025-05-09,5,5,true,Suite,5,5,1,0,0,1067.60,1067.60,129.06,20.0
2025-05-10,6,5,true,Standard,1,18,6,1,1,303.27,1819.59,459.75,33.333333333333336
2025-05-10,6,5,true,Deluxe,2,12,7,3,0,451.07,3157.48,306.50,58.333333333333336
2025-05-10,6,5,true,Family,3,8,2,0,0,606.11,1212.21,204.33,25.0
2025-05-10,6,5,true,Executive,4,5,0,0,0,540.00,0.00,127.71,0.0
2025-05-10,6,5,true,Suite,5,5,2,1,0,1134.93,2269.86,127.71,40.0
2025-05-11,7,5,false,Standard,1,18,7,1,0,295.35,2067.47,971.25,38.888888888888886
2025-05-11,7,5,false,Deluxe,2,12,6,0,0,458.93,2753.59,647.50,50.0
2025-05-11,7,5,false,Family,3,8,2,1,0,579.80,1159.60,431.67,25.0
2025-05-11,7,5,false,Executive,4,5,1,1,0,660.98,660.98,269.79,20.0
2025-05-11,7,5,false,Suite,5,5,1,0,0,1067.60,1067.60,269.79,20.0
2025-05-12,1,5,false,Standard,1,18,2,0,0,296.29,592.58,0.00,11.11111111111111
2025-05-12,1,5,false,Deluxe,2,12,4,1,0,442.84,1771.35,0.00,33.333333333333336
2025-05-12,1,5,false,Family,3,8,2,0,0,579.80,1159.60,0.00,25.0
2025-05-12,1,5,false,Executive,4,5,1,0,0,660.98,660.98,0.00,20.0
2025-05-12,1,5,false,Suite,5,5,0,0,0,760.00,0.00,0.00,0.0
2025-05-13,2,5,false,Standard,1,18,1,1,0,243.32,243.32,0.00,5.555555555555555
2025-05-13,2,5,false,Deluxe,2,12,2,0,0,471.40,942.80,0.00,16.666666666666668
2025-05-13,2,5,false,Family,3,8,2,0,0,579.80,1159.60,0.00,25.0
2025-05-13,2,5,false,Executive,4,5,1,1,0,660.23,660.23,0.00,20.0
2025-05-13,2,5,false,Suite,5,5,0,0,0,760.00,0.00,0.00,0.0
2025-05-14,3,5,false,Standard,1,18,0,0,0,220.00,0.00,0.00,0.0
2025-05-14,3,5,false,Deluxe,2,12,1,1,0,373.81,373.81,0.00,8.333333333333334
2025-05-14,3,5,false,Family,3,8,1,0,0,535.39,535.39,0.00,12.5
2025-05-14,3,5,false,Executive,4,5,1,0,0,660.23,660.23,0.00,20.0
2025-05-14,3,5,false,Suite,5,5,0,0,0,760.00,0.00,0.00,0.0
2025-05-15,4,5,false,Standard,1,18,1,1,0,287.39,287.39,0.00,5.555555555555555
2025-05-15,4,5,false,Deluxe,2,12,1,1,0,441.74,441.74,0.00,8.333333333333334
2025-05-15,4,5,false,Family,3,8,1,0,0,535.39,535.39,0.00,12.5
2025-05-15,4,5,false,Executive,4,5,0,0,0,540.00,0.00,0.00,0.0
2025-05-15,4,5,false,Suite,5,5,1,1,0,1180.96,1180.96,0.00,20.0
2025-05-16,5,5,true,Standard,1,18,4,3,0,302.57,1210.29,3408.75,22.22222222222222
2025-05-16,5,5,true,Deluxe,2,12,2,1,0,462.59,925.18,2272.50,16.666666666666668
2025-05-16,5,5,true,Family,3,8,0,0,0,430.00,0.00,1515.00,0.0
2025-05-16,5,5,true,Executive,4,5,0,0,0,540.00,0.00,946.88,0.0
2025-05-16,5,5,true,Suite,5,5,1,0,0,1180.96,1180.96,946.88,20.0
2025-05-17,6,5,true,Standard,1,18,5,1,0,303.88,1519.39,337.13,27.77777777777778
2025-05-17,6,5,true,Deluxe,2,12,3,1,0,470.60,1411.79,224.75,25.0
2025-05-17,6,5,true,Family,3,8,0,0,0,430.00,0.00,149.83,0.0
2025-05-17,6,5,true,Executive,4,5,1,1,0,860.04,860.04,93.65,20.0
2025-05-17,6,5,true,Suite,5,5,1,0,0,1180.96,1180.96,93.65,20.0
2025-05-18,7,5,false,Standard,1,18,4,0,0,307.34,1229.37,0.00,22.22222222222222
2025-05-18,7,5,false,Deluxe,2,12,4,1,0,447.66,1790.65,0.00,33.333333333333336
2025-05-18,7,5,false,Family,3,8,0,0,0,430.00,0.00,0.00,0.0
2025-05-18,7,5,false,Executive,4,5,1,0,0,860.04,860.04,0.00,20.0
2025-05-18,7,5,false,Suite,5,5,1,0,0,1180.96,1180.96,0.00,20.0
2025-05-19,1,5,false,Standard,1,18,3,0,0,313.99,941.98,0.00,16.666666666666668
2025-05-19,1,5,false,Deluxe,2,12,2,0,0,485.03,970.05,0.00,16.666666666666668
2025-05-19,1,5,false,Family,3,8,0,0,0,430.00,0.00,0.00,0.0
2025-05-19,1,5,false,Executive,4,5,2,1,0,783.00,1566.00,0.00,40.0
2025-05-19,1,5,false,Suite,5,5,0,0,0,760.00,0.00,0.00,0.0
2025-05-20,2,5,false,Standard,1,18,2,0,0,311.73,623.46,420.38,11.11111111111111
2025-05-20,2,5,false,Deluxe,2,12,0,0,1,330.00,0.00,280.25,0.0
2025-05-20,2,5,false,Family,3,8,1,1,0,506.58,506.58,186.83,12.5
2025-05-20,2,5,false,Executive,4,5,2,0,0,783.00,1566.00,116.77,40.0
2025-05-20,2,5,false,Suite,5,5,0,0,0,760.00,0.00,116.77,0.0
2025-05-21,3,5,false,Standard,1,18,1,0,0,309.10,309.10,0.00,5.555555555555555
2025-05-21,3,5,false,Deluxe,2,12,1,1,0,398.09,398.09,0.00,8.333333333333334
2025-05-21,3,5,false,Family,3,8,1,0,0,506.58,506.58,0.00,12.5
2025-05-21,3,5,false,Executive,4,5,1,0,0,705.96,705.96,0.00,20.0
2025-05-21,3,5,false,Suite,5,5,0,0,0,760.00,0.00,0.00,0.0
2025-05-22,4,5,false,Standard,1,18,1,1,0,274.69,274.69,0.00,5.555555555555555
2025-05-22,4,5,false,Deluxe,2,12,1,0,0,398.09,398.09,0.00,8.333333333333334
2025-05-22,4,5,false,Family,3,8,1,0,0,506.58,506.58,0.00,12.5
2025-05-22,4,5,false,Executive,4,5,1,0,0,705.96,705.96,0.00,20.0
2025-05-22,4,5,false,Suite,5,5,0,0,0,760.00,0.00,0.00,0.0
2025-05-23,5,5,true,Standard,1,18,1,1,0,316.28,316.28,0.00,5.555555555555555
2025-05-23,5,5,true,Deluxe,2,12,0,0,1,330.00,0.00,0.00,0.0
2025-05-23,5,5,true,Family,3,8,1,0,0,506.58,506.58,0.00,12.5
2025-05-23,5,5,true,Executive,4,5,1,0,0,705.96,705.96,0.00,20.0
2025-05-23,5,5,true,Suite,5,5,0,0,0,760.00,0.00,0.00,0.0
2025-05-24,6,5,true,Standard,1,18,2,1,0,306.66,613.32,0.00,11.11111111111111
2025-05-24,6,5,true,Deluxe,2,12,2,2,0,490.31,980.62,0.00,16.666666666666668
2025-05-24,6,5,true,Family,3,8,1,0,0,506.58,506.58,0.00,12.5
2025-05-24,6,5,true,Executive,4,5,0,0,0,540.00,0.00,0.00,0.0
2025-05-24,6,5,true,Suite,5,5,1,1,0,1291.72,1291.72,0.00,20.0
2025-05-25,7,5,false,Standard,1,18,3,2,0,266.46,799.37,0.00,16.666666666666668
2025-05-25,7,5,false,Deluxe,2,12,2,1,0,437.78,875.55,0.00,16.666666666666668
2025-05-25,7,5,false,Family,3,8,0,0,1,430.00,0.00,0.00,0.0
2025-05-25,7,5,false,Executive,4,5,0,0,0,540.00,0.00,0.00,0.0
2025-05-25,7,5,false,Suite,5,5,2,1,0,1163.01,2326.02,0.00,40.0
2025-05-26,1,5,false,Standard,1,18,2,0,0,251.17,502.33,8283.75,11.11111111111111
2025-05-26,1,5,false,Deluxe,2,12,2,0,0,437.78,875.55,5522.50,16.666666666666668
2025-05-26,1,5,false,Family,3,8,0,0,0,430.00,0.00,3681.67,0.0
2025-05-26,1,5,false,Executive,4,5,0,0,0,540.00,0.00,2301.04,0.0
2025-05-26,1,5,false,Suite,5,5,1,0,0,1291.72,1291.72,2301.04,20.0
2025-05-27,2,5,false,Standard,1,18,1,0,0,249.66,249.66,7657.88,5.555555555555555
2025-05-27,2,5,false,Deluxe,2,12,2,0,0,437.78,875.55,5105.25,16.666666666666668
2025-05-27,2,5,false,Family,3,8,0,0,0,430.00,0.00,3403.50,0.0
2025-05-27,2,5,false,Executive,4,5,1,1,0,671.61,671.61,2127.19,20.0
2025-05-27,2,5,false,Suite,5,5,1,0,0,1291.72,1291.72,2127.19,20.0
2025-05-28,3,5,false,Standard,1,18,1,1,0,238.68,238.68,0.00,5.555555555555555
2025-05-28,3,5,false,Deluxe,2,12,3,1,0,421.44,1264.32,0.00,25.0
2025-05-28,3,5,false,Family,3,8,2,2,0,526.74,1053.47,0.00,25.0
2025-05-28,3,5,false,Executive,4,5,0,0,0,540.00,0.00,0.00,0.0
2025-05-28,3,5,false,Suite,5,5,0,0,0,760.00,0.00,0.00,0.0
2025-05-29,4,5,false,Standard,1,18,1,1,0,276.12,276.12,0.00,5.555555555555555
2025-05-29,4,5,false,Deluxe,2,12,1,0,1,381.22,381.22,0.00,8.333333333333334
2025-05-29,4,5,false,Family,3,8,2,0,0,526.74,1053.47,0.00,25.0
2025-05-29,4,5,false,Executive,4,5,0,0,0,540.00,0.00,0.00,0.0
2025-05-29,4,5,false,Suite,5,5,1,1,0,1092.43,1092.43,0.00,20.0
2025-05-30,5,5,true,Standard,1,18,2,1,1,292.88,585.75,0.00,11.11111111111111
2025-05-30,5,5,true,Deluxe,2,12,0,0,0,330.00,0.00,0.00,0.0
2025-05-30,5,5,true,Family,3,8,2,0,1,526.74,1053.47,0.00,25.0
2025-05-30,5,5,true,Executive,4,5,2,2,0,862.44,1724.87,0.00,40.0
2025-05-30,5,5,true,Suite,5,5,1,0,0,1092.43,1092.43,0.00,20.0
2025-05-31,6,5,true,Standard,1,18,2,0,0,292.88,585.75,0.00,11.11111111111111
2025-05-31,6,5,true,Deluxe,2,12,0,0,0,330.00,0.00,0.00,0.0
2025-05-31,6,5,true,Family,3,8,0,0,0,430.00,0.00,0.00,0.0
2025-05-31,6,5,true,Executive,4,5,2,0,0,862.44,1724.87,0.00,40.0
2025-05-31,6,5,true,Suite,5,5,1,0,0,1092.43,1092.43,0.00,20.0
2025-06-01,7,6,false,Standard,1,18,2,1,0,244.36,488.72,0.00,11.11111111111111
2025-06-01,7,6,false,Deluxe,2,12,1,1,0,344.50,344.50,0.00,8.333333333333334
2025-06-01,7,6,false,Family,3,8,1,1,2,462.29,462.29,0.00,12.5
2025-06-01,7,6,false,Executive,4,5,2,0,0,862.44,1724.87,0.00,40.0
2025-06-01,7,6,false,Suite,5,5,0,0,0,760.00,0.00,0.00,0.0
2025-06-02,1,6,false,Standard,1,18,2,0,0,244.36,488.72,0.00,11.11111111111111
2025-06-02,1,6,false,Deluxe,2,12,2,1,0,344.07,688.14,0.00,16.666666666666668
2025-06-02,1,6,false,Family,3,8,1,0,0,462.29,462.29,0.00,12.5
2025-06-02,1,6,false,Executive,4,5,1,0,0,854.03,854.03,0.00,20.0
2025-06-02,1,6,false,Suite,5,5,1,1,0,913.94,913.94,0.00,20.0
2025-06-03,2,6,false,Standard,1,18,1,0,0,212.60,212.60,284.63,5.555555555555555
2025-06-03,2,6,false,Deluxe,2,12,2,0,0,344.07,688.14,189.75,16.666666666666668
2025-06-03,2,6,false,Family,3,8,1,1,0,483.65,483.65,126.50,12.5
2025-06-03,2,6,false,Executive,4,5,1,0,0,854.03,854.03,79.06,20.0
2025-06-03,2,6,false,Suite,5,5,1,0,0,913.94,913.94,79.06,20.0
2025-06-04,3,6,false,Standard,1,18,1,1,0,233.32,233.32,0.00,5.555555555555555
2025-06-04,3,6,false,Deluxe,2,12,4,2,0,348.88,1395.52,0.00,33.333333333333336
2025-06-04,3,6,false,Family,3,8,1,0,0,483.65,483.65,0.00,12.5
2025-06-04,3,6,false,Executive,4,5,0,0,0,540.00,0.00,0.00,0.0
2025-06-04,3,6,false,Suite,5,5,1,0,0,913.94,913.94,0.00,20.0
2025-06-05,4,6,false,Standard,1,18,1,0,0,233.32,233.32,407.25,5.555555555555555
2025-06-05,4,6,false,Deluxe,2,12,5,1,0,355.86,1779.31,271.50,41.666666666666664
2025-06-05,4,6,false,Family,3,8,2,1,0,511.65,1023.29,181.00,25.0
2025-06-05,4,6,false,Executive,4,5,0,0,0,540.00,0.00,113.13,0.0
2025-06-05,4,6,false,Suite,5,5,1,1,0,1004.86,1004.86,113.13,20.0
2025-06-06,5,6,true,Standard,1,18,0,0,0,220.00,0.00,3854.25,0.0
2025-06-06,5,6,true,Deluxe,2,12,5,1,0,372.75,1863.75,2569.50,41.666666666666664
2025-06-06,5,6,true,Family,3,8,3,1,0,530.14,1590.42,1713.00,37.5
2025-06-06,5,6,true,Executive,4,5,0,0,0,540.00,0.00,1070.63,0.0
2025-06-06,5,6,true,Suite,5,5,2,1,0,1106.82,2213.64,1070.63,40.0
2025-06-07,6,6,true,Standard,1,18,0,0,0,220.00,0.00,0.00,0.0
2025-06-07,6,6,true,Deluxe,2,12,4,1,0,395.84,1583.34,0.00,33.333333333333336
2025-06-07,6,6,true,Family,3,8,2,0,0,553.39,1106.77,0.00,25.0
2025-06-07,6,6,true,Executive,4,5,0,0,0,540.00,0.00,0.00,0.0
2025-06-07,6,6,true,Suite,5,5,2,1,0,1175.71,2351.42,0.00,40.0
2025-06-08,7,6,false,Standard,1,18,0,0,0,220.00,0.00,0.00,0.0
2025-06-08,7,6,false,Deluxe,2,12,1,0,0,383.79,383.79,0.00,8.333333333333334
2025-06-08,7,6,false,Family,3,8,2,0,0,553.39,1106.77,0.00,25.0
2025-06-08,7,6,false,Executive,4,5,1,1,0,589.99,589.99,0.00,20.0
2025-06-08,7,6,false,Suite,5,5,2,0,0,1175.71,2351.42,0.00,40.0
2025-06-09,1,6,false,Standard,1,18,1,1,0,225.38,225.38,0.00,5.555555555555555
2025-06-09,1,6,false,Deluxe,2,12,1,0,0,383.79,383.79,0.00,8.333333333333334
2025-06-09,1,6,false,Family,3,8,2,0,0,553.39,1106.77,0.00,25.0
2025-06-09,1,6,false,Executive,4,5,1,0,0,589.99,589.99,0.00,20.0
2025-06-09,1,6,false,Suite,5,5,2,0,0,1175.71,2351.42,0.00,40.0
2025-06-10,2,6,false,Standard,1,18,4,3,0,223.81,895.22,374.25,22.22222222222222
2025-06-10,2,6,false,Deluxe,2,12,0,0,0,330.00,0.00,249.50,0.0
2025-06-10,2,6,false,Family,3,8,1,0,0,567.13,567.13,166.33,12.5
2025-06-10,2,6,false,Executive,4,5,1,0,0,589.99,589.99,103.96,20.0
2025-06-10,2,6,false,Suite,5,5,3,1,0,1096.34,3289.01,103.96,60.0
2025-06-11,3,6,false,Standard,1,18,2,0,0,227.14,454.28,1482.75,11.11111111111111
2025-06-11,3,6,false,Deluxe,2,12,1,1,1,341.16,341.16,988.50,8.333333333333334
2025-06-11,3,6,false,Family,3,8,0,0,0,430.00,0.00,659.00,0.0
2025-06-11,3,6,false,Executive,4,5,1,0,0,589.99,589.99,411.88,20.0
2025-06-11,3,6,false,Suite,5,5,2,0,0,1040.12,2080.23,411.88,40.0
2025-06-12,4,6,false,Standard,1,18,3,1,0,238.55,715.66,1605.75,16.666666666666668
2025-06-12,4,6,false,Deluxe,2,12,2,1,0,368.85,737.69,1070.50,16.666666666666668
2025-06-12,4,6,false,Family,3,8,0,0,0,430.00,0.00,713.67,0.0
2025-06-12,4,6,false,Executive,4,5,2,1,0,650.85,1301.70,446.04,40.0
2025-06-12,4,6,false,Suite,5,5,3,2,0,1005.62,3016.85,446.04,60.0
2025-06-13,5,6,true,Standard,1,18,2,0,0,243.38,486.76,0.00,11.11111111111111
2025-06-13,5,6,true,Deluxe,2,12,1,0,0,396.53,396.53,0.00,8.333333333333334
2025-06-13,5,6,true,Family,3,8,0,0,0,430.00,0.00,0.00,0.0
2025-06-13,5,6,true,Executive,4,5,2,1,0,758.61,1517.21,0.00,40.0
2025-06-13,5,6,true,Suite,5,5,3,1,0,1019.41,3058.22,0.00,60.0
2025-06-14,6,6,true,Standard,1,18,2,1,0,266.53,533.06,0.00,11.11111111111111
2025-06-14,6,6,true,Deluxe,2,12,1,0,0,396.53,396.53,0.00,8.333333333333334
2025-06-14,6,6,true,Family,3,8,0,0,0,430.00,0.00,0.00,0.0
2025-06-14,6,6,true,Executive,4,5,3,1,0,763.64,2290.93,0.00,60.0
2025-06-14,6,6,true,Suite,5,5,2,0,0,1014.43,2028.85,0.00,40.0
2025-06-15,7,6,false,Standard,1,18,1,0,0,261.38,261.38,1691.63,5.555555555555555
2025-06-15,7,6,false,Deluxe,2,12,1,0,0,396.53,396.53,1127.75,8.333333333333334
2025-06-15,7,6,false,Family,3,8,0,0,0,430.00,0.00,751.83,0.0
2025-06-15,7,6,false,Executive,4,5,3,1,0,709.62,2128.86,469.90,60.0
2025-06-15,7,6,false,Suite,5,5,0,0,0,760.00,0.00,469.90,0.0
2025-06-16,1,6,false,Standard,1,18,1,0,0,261.38,261.38,0.00,5.555555555555555
2025-06-16,1,6,false,Deluxe,2,12,0,0,0,330.00,0.00,0.00,0.0
2025-06-16,1,6,false,Family,3,8,0,0,0,430.00,0.00,0.00,0.0
2025-06-16,1,6,false,Executive,4,5,4,2,0,685.28,2741.13,0.00,80.0
2025-06-16,1,6,false,Suite,5,5,0,0,0,760.00,0.00,0.00,0.0
2025-06-17,2,6,false,Standard,1,18,2,2,1,225.67,451.34,0.00,11.11111111111111
2025-06-17,2,6,false,Deluxe,2,12,0,0,1,330.00,0.00,0.00,0.0
2025-06-17,2,6,false,Family,3,8,1,1,0,467.83,467.83,0.00,12.5
2025-06-17,2,6,false,Executive,4,5,1,0,0,639.74,639.74,0.00,20.0
2025-06-17,2,6,false,Suite,5,5,0,0,0,760.00,0.00,0.00,0.0
2025-06-18,3,6,false,Standard,1,18,1,0,0,223.67,223.67,828.38,5.555555555555555
2025-06-18,3,6,false,Deluxe,2,12,1,1,0,353.26,353.26,552.25,8.333333333333334
2025-06-18,3,6,false,Family,3,8,2,1,0,458.89,917.77,368.17,25.0
2025-06-18,3,6,false,Executive,4,5,2,2,0,627.52,1255.04,230.10,40.0
2025-06-18,3,6,false,Suite,5,5,0,0,0,760.00,0.00,230.10,0.0
2025-06-19,4,6,false,Standard,1,18,1,1,0,257.52,257.52,864.38,5.555555555555555
2025-06-19,4,6,false,Deluxe,2,12,2,1,0,367.65,735.30,576.25,16.666666666666668
2025-06-19,4,6,false,Family,3,8,2,1,0,498.89,997.77,384.17,25.0
2025-06-19,4,6,false,Executive,4,5,3,1,0,659.75,1979.25,240.10,60.0
2025-06-19,4,6,false,Suite,5,5,0,0,0,760.00,0.00,240.10,0.0
2025-06-20,5,6,true,Standard,1,18,1,0,0,257.52,257.52,0.00,5.555555555555555
2025-06-20,5,6,true,Deluxe,2,12,3,2,1,403.86,1211.58,0.00,25.0
2025-06-20,5,6,true,Family,3,8,1,0,0,449.94,449.94,0.00,12.5
2025-06-20,5,6,true,Executive,4,5,2,0,0,627.52,1255.04,0.00,40.0
2025-06-20,5,6,true,Suite,5,5,0,0,0,760.00,0.00,0.00,0.0
2025-06-21,6,6,true,Standard,1,18,3,3,0,274.99,824.96,0.00,16.666666666666668
2025-06-21,6,6,true,Deluxe,2,12,3,1,0,433.31,1299.92,0.00,25.0
2025-06-21,6,6,true,Family,3,8,1,0,0,449.94,449.94,0.00,12.5
2025-06-21,6,6,true,Executive,4,5,4,2,0,681.61,2726.45,0.00,80.0
2025-06-21,6,6,true,Suite,5,5,0,0,0,760.00,0.00,0.00,0.0
2025-06-22,7,6,false,Standard,1,18,3,0,0,274.99,824.96,372.00,16.666666666666668
2025-06-22,7,6,false,Deluxe,2,12,4,1,0,413.21,1652.84,248.00,33.333333333333336
2025-06-22,7,6,false,Family,3,8,0,0,0,430.00,0.00,165.33,0.0
2025-06-22,7,6,false,Executive,4,5,2,0,0,735.71,1471.41,103.33,40.0
2025-06-22,7,6,false,Suite,5,5,1,1,0,949.53,949.53,103.33,20.0
2025-06-23,1,6,false,Standard,1,18,3,0,0,274.99,824.96,436.13,16.666666666666668
2025-06-23,1,6,false,Deluxe,2,12,3,0,0,403.83,1211.49,290.75,25.0
2025-06-23,1,6,false,Family,3,8,3,3,1,472.09,1416.27,193.83,37.5
2025-06-23,1,6,false,Executive,4,5,3,1,0,694.15,2082.46,121.15,60.0
2025-06-23,1,6,false,Suite,5,5,1,0,0,949.53,949.53,121.15,20.0
2025-06-24,2,6,false,Standard,1,18,3,1,0,257.56,772.69,8503.88,16.666666666666668
2025-06-24,2,6,false,Deluxe,2,12,3,1,0,377.58,1132.74,5669.25,25.0
2025-06-24,2,6,false,Family,3,8,3,0,0,472.09,1416.27,3779.50,37.5
2025-06-24,2,6,false,Executive,4,5,3,0,0,694.15,2082.46,2362.19,60.0
2025-06-24,2,6,false,Suite,5,5,1,0,0,949.53,949.53,2362.19,20.0
2025-06-25,3,6,false,Standard,1,18,6,4,0,236.27,1417.60,514.88,33.333333333333336
2025-06-25,3,6,false,Deluxe,2,12,5,2,0,366.51,1832.57,343.25,41.666666666666664
2025-06-25,3,6,false,Family,3,8,0,0,1,430.00,0.00,228.83,0.0
2025-06-25,3,6,false,Executive,4,5,3,0,0,694.15,2082.46,143.02,60.0
2025-06-25,3,6,false,Suite,5,5,1,0,0,949.53,949.53,143.02,20.0
2025-06-26,4,6,false,Standard,1,18,4,2,0,242.91,971.64,369.00,22.22222222222222
2025-06-26,4,6,false,Deluxe,2,12,2,0,0,337.64,675.27,246.00,16.666666666666668
2025-06-26,4,6,false,Family,3,8,0,0,0,430.00,0.00,164.00,0.0
2025-06-26,4,6,false,Executive,4,5,1,0,0,611.05,611.05,102.50,20.0
2025-06-26,4,6,false,Suite,5,5,1,0,0,949.53,949.53,102.50,20.0
2025-06-27,5,6,true,Standard,1,18,3,0,0,241.52,724.55,8221.88,16.666666666666668
2025-06-27,5,6,true,Deluxe,2,12,3,1,0,364.54,1093.62,5481.25,25.0
2025-06-27,5,6,true,Family,3,8,0,0,0,430.00,0.00,3654.17,0.0
2025-06-27,5,6,true,Executive,4,5,1,0,0,611.05,611.05,2283.85,20.0
2025-06-27,5,6,true,Suite,5,5,0,0,1,760.00,0.00,2283.85,0.0
2025-06-28,6,6,true,Standard,1,18,4,1,0,253.13,1012.52,385.50,22.22222222222222
2025-06-28,6,6,true,Deluxe,2,12,3,0,0,364.54,1093.62,257.00,25.0
2025-06-28,6,6,true,Family,3,8,0,0,0,430.00,0.00,171.33,0.0
2025-06-28,6,6,true,Executive,4,5,2,2,0,780.84,1561.68,107.08,40.0
2025-06-28,6,6,true,Suite,5,5,1,1,0,1173.44,1173.44,107.08,20.0
2025-06-29,7,6,false,Standard,1,18,7,4,0,238.10,1666.71,0.00,38.888888888888886
2025-06-29,7,6,false,Deluxe,2,12,2,1,1,394.75,789.49,0.00,16.666666666666668
2025-06-29,7,6,false,Family,3,8,0,0,0,430.00,0.00,0.00,0.0
2025-06-29,7,6,false,Executive,4,5,2,0,0,780.84,1561.68,0.00,40.0
2025-06-29,7,6,false,Suite,5,5,0,0,0,760.00,0.00,0.00,0.0
2025-06-30,1,6,false,Standard,1,18,6,1,0,228.43,1370.59,0.00,33.333333333333336
2025-06-30,1,6,false,Deluxe,2,12,2,1,0,353.17,706.33,0.00,16.666666666666668
2025-06-30,1,6,false,Family,3,8,0,0,0,430.00,0.00,0.00,0.0
2025-06-30,1,6,false,Executive,4,5,2,1,0,699.41,1398.82,0.00,40.0
2025-06-30,1,6,false,Suite,5,5,0,0,0,760.00,0.00,0.00,0.0
2025-07-01,2,7,false,Standard,1,18,3,0,0,222.78,668.34,0.00,16.666666666666668
2025-07-01,2,7,false,Deluxe,2,12,3,1,0,415.02,1245.07,0.00,25.0
2025-07-01,2,7,false,Family,3,8,1,1,0,723.02,723.02,0.00,12.5
2025-07-01,2,7,false,Executive,4,5,2,0,0,699.41,1398.82,0.00,40.0
2025-07-01,2,7,false,Suite,5,5,0,0,0,760.00,0.00,0.00,0.0
2025-07-02,3,7,false,Standard,1,18,4,1,0,253.10,1012.39,0.00,22.22222222222222
2025-07-02,3,7,false,Deluxe,2,12,3,1,1,478.22,1434.67,0.00,25.0
2025-07-02,3,7,false,Family,3,8,2,1,0,712.77,1425.54,0.00,25.0
2025-07-02,3,7,false,Executive,4,5,3,1,0,789.52,2368.57,0.00,60.0
2025-07-02,3,7,false,Suite,5,5,0,0,0,760.00,0.00,0.00,0.0
2025-07-03,4,7,false,Standard,1,18,2,0,0,219.45,438.89,1984.88,11.11111111111111
2025-07-03,4,7,false,Deluxe,2,12,2,0,0,531.77,1063.53,1323.25,16.666666666666668
2025-07-03,4,7,false,Family,3,8,2,1,0,770.85,1541.69,882.17,25.0
2025-07-03,4,7,false,Executive,4,5,2,0,0,790.14,1580.27,551.35,40.0
2025-07-03,4,7,false,Suite,5,5,1,1,0,1559.14,1559.14,551.35,20.0
2025-07-04,5,7,true,Standard,1,18,0,0,0,220.00,0.00,0.00,0.0
2025-07-04,5,7,true,Deluxe,2,12,4,2,1,607.11,2428.44,0.00,33.333333333333336
2025-07-04,5,7,true,Family,3,8,2,0,0,770.85,1541.69,0.00,25.0
2025-07-04,5,7,true,Executive,4,5,1,0,0,969.75,969.75,0.00,20.0
2025-07-04,5,7,true,Suite,5,5,1,0,0,1559.14,1559.14,0.00,20.0
2025-07-05,6,7,true,Standard,1,18,0,0,0,220.00,0.00,0.00,0.0
2025-07-05,6,7,true,Deluxe,2,12,3,0,0,634.55,1903.65,0.00,25.0
2025-07-05,6,7,true,Family,3,8,1,0,0,818.67,818.67,0.00,12.5
2025-07-05,6,7,true,Executive,4,5,1,0,0,969.75,969.75,0.00,20.0
2025-07-05,6,7,true,Suite,5,5,1,0,0,1559.14,1559.14,0.00,20.0
2025-07-06,7,7,false,Standard,1,18,2,2,1,338.54,677.07,0.00,11.11111111111111
2025-07-06,7,7,false,Deluxe,2,12,2,1,0,632.27,1264.53,0.00,16.666666666666668
2025-07-06,7,7,false,Family,3,8,0,0,0,430.00,0.00,0.00,0.0
2025-07-06,7,7,false,Executive,4,5,1,1,0,939.50,939.50,0.00,20.0
2025-07-06,7,7,false,Suite,5,5,1,0,0,1559.14,1559.14,0.00,20.0
2025-07-07,1,7,false,Standard,1,18,2,1,0,353.83,707.66,0.00,11.11111111111111
2025-07-07,1,7,false,Deluxe,2,12,2,0,0,632.27,1264.53,0.00,16.666666666666668
2025-07-07,1,7,false,Family,3,8,2,2,0,717.93,1435.86,0.00,25.0
2025-07-07,1,7,false,Executive,4,5,1,0,0,939.50,939.50,0.00,20.0
2025-07-07,1,7,false,Suite,5,5,1,0,0,1559.14,1559.14,0.00,20.0
2025-07-08,2,7,false,Standard,1,18,1,0,0,361.64,361.64,0.00,5.555555555555555
2025-07-08,2,7,false,Deluxe,2,12,2,1,0,551.88,1103.75,0.00,16.666666666666668
2025-07-08,2,7,false,Family,3,8,1,1,0,738.88,738.88,0.00,12.5
2025-07-08,2,7,false,Executive,4,5,0,0,0,540.00,0.00,0.00,0.0
2025-07-08,2,7,false,Suite,5,5,0,0,0,760.00,0.00,0.00,0.0
2025-07-09,3,7,false,Standard,1,18,0,0,0,220.00,0.00,0.00,0.0
2025-07-09,3,7,false,Deluxe,2,12,2,0,0,551.88,1103.75,0.00,16.666666666666668
2025-07-09,3,7,false,Family,3,8,0,0,0,430.00,0.00,0.00,0.0
2025-07-09,3,7,false,Executive,4,5,0,0,0,540.00,0.00,0.00,0.0
2025-07-09,3,7,false,Suite,5,5,0,0,0,760.00,0.00,0.00,0.0
2025-07-10,4,7,false,Standard,1,18,0,0,1,220.00,0.00,858.38,0.0
2025-07-10,4,7,false,Deluxe,2,12,1,0,0,547.97,547.97,572.25,8.333333333333334
2025-07-10,4,7,false,Family,3,8,0,0,0,430.00,0.00,381.50,0.0
2025-07-10,4,7,false,Executive,4,5,0,0,0,540.00,0.00,238.44,0.0
2025-07-10,4,7,false,Suite,5,5,1,1,0,1591.86,1591.86,238.44,20.0
2025-07-11,5,7,true,Standard,1,18,1,1,0,431.17,431.17,0.00,5.555555555555555
2025-07-11,5,7,true,Deluxe,2,12,2,1,1,607.67,1215.34,0.00,16.666666666666668
2025-07-11,5,7,true,Family,3,8,1,1,0,902.03,902.03,0.00,12.5
2025-07-11,5,7,true,Executive,4,5,0,0,0,540.00,0.00,0.00,0.0
2025-07-11,5,7,true,Suite,5,5,1,0,0,1591.86,1591.86,0.00,20.0
2025-07-12,6,7,true,Standard,1,18,2,1,0,433.26,866.51,2238.38,11.11111111111111
2025-07-12,6,7,true,Deluxe,2,12,1,1,0,677.78,677.78,1492.25,8.333333333333334
2025-07-12,6,7,true,Family,3,8,1,0,0,902.03,902.03,994.83,12.5
2025-07-12,6,7,true,Executive,4,5,0,0,1,540.00,0.00,621.77,0.0
2025-07-12,6,7,true,Suite,5,5,1,0,0,1591.86,1591.86,621.77,20.0
2025-07-13,7,7,false,Standard,1,18,3,1,0,402.73,1208.20,2920.88,16.666666666666668
2025-07-13,7,7,false,Deluxe,2,12,2,1,0,610.29,1220.58,1947.25,16.666666666666668
2025-07-13,7,7,false,Family,3,8,1,0,0,902.03,902.03,1298.17,12.5
2025-07-13,7,7,false,Executive,4,5,0,0,0,540.00,0.00,811.35,0.0
2025-07-13,7,7,false,Suite,5,5,2,2,0,1352.15,2704.29,811.35,40.0
2025-07-14,1,7,false,Standard,1,18,3,1,0,402.39,1207.17,0.00,16.666666666666668
2025-07-14,1,7,false,Deluxe,2,12,5,3,0,564.34,2821.69,0.00,41.666666666666664
2025-07-14,1,7,false,Family,3,8,2,1,0,813.89,1627.77,0.00,25.0
2025-07-14,1,7,false,Executive,4,5,2,2,0,904.84,1809.68,0.00,40.0
2025-07-14,1,7,false,Suite,5,5,2,0,0,1352.15,2704.29,0.00,40.0
2025-07-15,2,7,false,Standard,1,18,1,0,0,431.17,431.17,406.50,5.555555555555555
2025-07-15,2,7,false,Deluxe,2,12,4,0,0,576.70,2306.80,271.00,33.333333333333336
2025-07-15,2,7,false,Family,3,8,2,1,0,729.54,1459.08,180.67,25.0
2025-07-15,2,7,false,Executive,4,5,2,1,0,945.75,1891.49,112.92,40.0
2025-07-15,2,7,false,Suite,5,5,3,1,0,1367.16,4101.48,112.92,60.0
2025-07-16,3,7,false,Standard,1,18,2,2,0,344.01,688.02,0.00,11.11111111111111
2025-07-16,3,7,false,Deluxe,2,12,4,1,0,538.61,2154.43,0.00,33.333333333333336
2025-07-16,3,7,false,Family,3,8,2,0,0,729.54,1459.08,0.00,25.0
2025-07-16,3,7,false,Executive,4,5,2,0,0,945.75,1891.49,0.00,40.0
2025-07-16,3,7,false,Suite,5,5,2,0,0,1368.94,2737.88,0.00,40.0
2025-07-17,4,7,false,Standard,1,18,1,0,0,338.30,338.30,0.00,5.555555555555555
2025-07-17,4,7,false,Deluxe,2,12,3,1,0,558.10,1674.29,0.00,25.0
2025-07-17,4,7,false,Family,3,8,2,0,0,729.54,1459.08,0.00,25.0
2025-07-17,4,7,false,Executive,4,5,1,0,0,963.66,963.66,0.00,20.0
2025-07-17,4,7,false,Suite,5,5,2,0,0,1368.94,2737.88,0.00,40.0
2025-07-18,5,7,true,Standard,1,18,2,1,0,378.35,756.69,0.00,11.11111111111111
2025-07-18,5,7,true,Deluxe,2,12,4,2,0,608.63,2434.50,0.00,33.333333333333336
2025-07-18,5,7,true,Family,3,8,3,1,0,791.92,2375.77,0.00,37.5
2025-07-18,5,7,true,Executive,4,5,1,0,0,963.66,963.66,0.00,20.0
2025-07-18,5,7,true,Suite,5,5,1,0,0,1397.19,1397.19,0.00,20.0
2025-07-19,6,7,true,Standard,1,18,1,0,0,418.39,418.39,0.00,5.555555555555555
2025-07-19,6,7,true,Deluxe,2,12,4,0,0,608.63,2434.50,0.00,33.333333333333336
2025-07-19,6,7,true,Family,3,8,2,1,0,901.34,1802.67,0.00,25.0
2025-07-19,6,7,true,Executive,4,5,1,1,0,1149.06,1149.06,0.00,20.0
2025-07-19,6,7,true,Suite,5,5,0,0,0,760.00,0.00,0.00,0.0
2025-07-20,7,7,false,Standard,1,18,3,2,0,366.58,1099.73,995.63,16.666666666666668
2025-07-20,7,7,false,Deluxe,2,12,3,0,0,592.86,1778.58,663.75,25.0
2025-07-20,7,7,false,Family,3,8,3,1,0,831.10,2493.30,442.50,37.5
2025-07-20,7,7,false,Executive,4,5,1,0,0,1149.06,1149.06,276.56,20.0
2025-07-20,7,7,false,Suite,5,5,0,0,0,760.00,0.00,276.56,0.0
2025-07-21,1,7,false,Standard,1,18,4,1,0,361.50,1446.01,0.00,22.22222222222222
2025-07-21,1,7,false,Deluxe,2,12,2,1,0,576.94,1153.87,0.00,16.666666666666668
2025-07-21,1,7,false,Family,3,8,2,0,0,901.34,1802.67,0.00,25.0
2025-07-21,1,7,false,Executive,4,5,1,0,0,1149.06,1149.06,0.00,20.0
2025-07-21,1,7,false,Suite,5,5,0,0,0,760.00,0.00,0.00,0.0
2025-07-22,2,7,false,Standard,1,18,2,0,0,378.80,757.60,0.00,11.11111111111111
2025-07-22,2,7,false,Deluxe,2,12,1,0,0,547.79,547.79,0.00,8.333333333333334
2025-07-22,2,7,false,Family,3,8,2,0,0,901.34,1802.67,0.00,25.0
2025-07-22,2,7,false,Executive,4,5,1,0,0,1149.06,1149.06,0.00,20.0
2025-07-22,2,7,false,Suite,5,5,0,0,1,760.00,0.00,0.00,0.0
2025-07-23,3,7,false,Standard,1,18,0,0,1,220.00,0.00,1024.88,0.0
2025-07-23,3,7,false,Deluxe,2,12,1,0,0,547.79,547.79,683.25,8.333333333333334
2025-07-23,3,7,false,Family,3,8,0,0,0,430.00,0.00,455.50,0.0
2025-07-23,3,7,false,Executive,4,5,3,2,0,991.84,2975.52,284.69,60.0
2025-07-23,3,7,false,Suite,5,5,0,0,0,760.00,0.00,284.69,0.0
2025-07-24,4,7,false,Standard,1,18,0,0,0,220.00,0.00,0.00,0.0
2025-07-24,4,7,false,Deluxe,2,12,2,1,0,571.59,1143.17,0.00,16.666666666666668
2025-07-24,4,7,false,Family,3,8,1,1,0,837.70,837.70,0.00,12.5
2025-07-24,4,7,false,Executive,4,5,2,0,0,913.23,1826.46,0.00,40.0
2025-07-24,4,7,false,Suite,5,5,0,0,0,760.00,0.00,0.00,0.0
2025-07-25,5,7,true,Standard,1,18,0,0,0,220.00,0.00,0.00,0.0
2025-07-25,5,7,true,Deluxe,2,12,2,1,0,619.55,1239.10,0.00,16.666666666666668
2025-07-25,5,7,true,Family,3,8,1,0,0,837.70,837.70,0.00,12.5
2025-07-25,5,7,true,Executive,4,5,2,0,0,913.23,1826.46,0.00,40.0
2025-07-25,5,7,true,Suite,5,5,0,0,0,760.00,0.00,0.00,0.0
2025-07-26,6,7,true,Standard,1,18,0,0,0,220.00,0.00,0.00,0.0
2025-07-26,6,7,true,Deluxe,2,12,1,1,0,671.05,671.05,0.00,8.333333333333334
2025-07-26,6,7,true,Family,3,8,1,1,0,913.70,913.70,0.00,12.5
2025-07-26,6,7,true,Executive,4,5,3,1,0,1011.42,3034.27,0.00,60.0
2025-07-26,6,7,true,Suite,5,5,2,2,0,1689.42,3378.83,0.00,40.0
2025-07-27,7,7,false,Standard,1,18,1,1,0,330.77,330.77,9740.63,5.555555555555555
2025-07-27,7,7,false,Deluxe,2,12,2,1,0,602.18,1204.36,6493.75,16.666666666666668
2025-07-27,7,7,false,Family,3,8,1,0,0,913.70,913.70,4329.17,12.5
2025-07-27,7,7,false,Executive,4,5,3,1,0,1038.92,3116.77,2705.73,60.0
2025-07-27,7,7,false,Suite,5,5,2,1,0,1514.50,3028.99,2705.73,40.0
2025-07-28,1,7,false,Standard,1,18,1,0,0,330.77,330.77,6698.25,5.555555555555555
2025-07-28,1,7,false,Deluxe,2,12,1,0,0,671.05,671.05,4465.50,8.333333333333334
2025-07-28,1,7,false,Family,3,8,1,0,0,913.70,913.70,2977.00,12.5
2025-07-28,1,7,false,Executive,4,5,2,1,0,1061.74,2123.47,1860.63,40.0
2025-07-28,1,7,false,Suite,5,5,2,0,0,1514.50,3028.99,1860.63,40.0
2025-07-29,2,7,false,Standard,1,18,1,0,0,330.77,330.77,389.63,5.555555555555555
2025-07-29,2,7,false,Deluxe,2,12,2,1,0,611.73,1223.46,259.75,16.666666666666668
2025-07-29,2,7,false,Family,3,8,1,0,0,913.70,913.70,173.17,12.5
2025-07-29,2,7,false,Executive,4,5,2,0,0,1061.74,2123.47,108.23,40.0
2025-07-29,2,7,false,Suite,5,5,1,0,1,1387.14,1387.14,108.23,20.0
2025-07-30,3,7,false,Standard,1,18,3,2,0,338.04,1014.13,0.00,16.666666666666668
2025-07-30,3,7,false,Deluxe,2,12,2,0,0,611.73,1223.46,0.00,16.666666666666668
2025-07-30,3,7,false,Family,3,8,1,1,0,715.99,715.99,0.00,12.5
2025-07-30,3,7,false,Executive,4,5,1,0,0,915.66,915.66,0.00,20.0
2025-07-30,3,7,false,Suite,5,5,1,0,0,1387.14,1387.14,0.00,20.0
2025-07-31,4,7,false,Standard,1,18,4,2,0,357.53,1430.12,0.00,22.22222222222222
2025-07-31,4,7,false,Deluxe,2,12,3,2,0,591.64,1774.91,0.00,25.0
2025-07-31,4,7,false,Family,3,8,3,2,0,762.73,2288.20,0.00,37.5
2025-07-31,4,7,false,Executive,4,5,1,0,0,915.66,915.66,0.00,20.0
2025-07-31,4,7,false,Suite,5,5,1,0,0,1387.14,1387.14,0.00,20.0
2025-08-01,5,8,true,Standard,1,18,3,2,0,425.26,1275.78,0.00,16.666666666666668
2025-08-01,5,8,true,Deluxe,2,12,4,2,0,619.37,2477.49,0.00,33.333333333333336
2025-08-01,5,8,true,Family,3,8,6,3,0,836.42,5018.54,0.00,75.0
2025-08-01,5,8,true,Executive,4,5,0,0,0,540.00,0.00,0.00,0.0
2025-08-01,5,8,true,Suite,5,5,0,0,0,760.00,0.00,0.00,0.0
2025-08-02,6,8,true,Standard,1,18,4,2,0,422.58,1690.33,0.00,22.22222222222222
2025-08-02,6,8,true,Deluxe,2,12,3,0,0,609.37,1828.10,0.00,25.0
2025-08-02,6,8,true,Family,3,8,5,0,0,860.51,4302.55,0.00,62.5
2025-08-02,6,8,true,Executive,4,5,0,0,0,540.00,0.00,0.00,0.0
2025-08-02,6,8,true,Suite,5,5,0,0,0,760.00,0.00,0.00,0.0
2025-08-03,7,8,false,Standard,1,18,3,0,0,422.45,1267.34,4420.88,16.666666666666668
2025-08-03,7,8,false,Deluxe,2,12,3,1,0,607.41,1822.22,2947.25,25.0
2025-08-03,7,8,false,Family,3,8,2,0,0,848.89,1697.78,1964.83,25.0
2025-08-03,7,8,false,Executive,4,5,0,0,0,540.00,0.00,1228.02,0.0
2025-08-03,7,8,false,Suite,5,5,0,0,0,760.00,0.00,1228.02,0.0
2025-08-04,1,8,false,Standard,1,18,2,1,0,395.93,791.86,325.50,11.11111111111111
2025-08-04,1,8,false,Deluxe,2,12,2,0,0,612.39,1224.77,217.00,16.666666666666668
2025-08-04,1,8,false,Family,3,8,1,0,0,925.68,925.68,144.67,12.5
2025-08-04,1,8,false,Executive,4,5,0,0,0,540.00,0.00,90.42,0.0
2025-08-04,1,8,false,Suite,5,5,1,1,0,1351.34,1351.34,90.42,20.0
2025-08-05,2,8,false,Standard,1,18,4,2,0,359.64,1438.57,0.00,22.22222222222222
2025-08-05,2,8,false,Deluxe,2,12,3,1,0,580.36,1741.07,0.00,25.0
2025-08-05,2,8,false,Family,3,8,0,0,0,430.00,0.00,0.00,0.0
2025-08-05,2,8,false,Executive,4,5,0,0,1,540.00,0.00,0.00,0.0
2025-08-05,2,8,false,Suite,5,5,0,0,0,760.00,0.00,0.00,0.0
2025-08-06,3,8,false,Standard,1,18,2,0,0,335.41,670.81,0.00,11.11111111111111
2025-08-06,3,8,false,Deluxe,2,12,2,1,0,531.28,1062.55,0.00,16.666666666666668
2025-08-06,3,8,false,Family,3,8,1,1,0,692.13,692.13,0.00,12.5
2025-08-06,3,8,false,Executive,4,5,1,1,0,955.55,955.55,0.00,20.0
2025-08-06,3,8,false,Suite,5,5,1,1,0,1483.21,1483.21,0.00,20.0
2025-08-07,4,8,false,Standard,1,18,2,1,0,374.42,748.83,0.00,11.11111111111111
2025-08-07,4,8,false,Deluxe,2,12,2,0,0,531.28,1062.55,0.00,16.666666666666668
2025-08-07,4,8,false,Family,3,8,1,0,0,692.13,692.13,0.00,12.5
2025-08-07,4,8,false,Executive,4,5,0,0,0,540.00,0.00,0.00,0.0
2025-08-07,4,8,false,Suite,5,5,1,0,0,1483.21,1483.21,0.00,20.0
2025-08-08,5,8,true,Standard,1,18,3,1,0,398.26,1194.79,0.00,16.666666666666668
2025-08-08,5,8,true,Deluxe,2,12,2,0,0,531.28,1062.55,0.00,16.666666666666668
2025-08-08,5,8,true,Family,3,8,2,1,0,780.72,1561.43,0.00,25.0
2025-08-08,5,8,true,Executive,4,5,1,1,0,1172.23,1172.23,0.00,20.0
2025-08-08,5,8,true,Suite,5,5,0,0,0,760.00,0.00,0.00,0.0
2025-08-09,6,8,true,Standard,1,18,3,2,0,410.94,1232.81,1786.50,16.666666666666668
2025-08-09,6,8,true,Deluxe,2,12,3,1,0,591.01,1773.02,1191.00,25.0
2025-08-09,6,8,true,Family,3,8,2,0,0,780.72,1561.43,794.00,25.0
2025-08-09,6,8,true,Executive,4,5,2,1,0,1145.47,2290.93,496.25,40.0
2025-08-09,6,8,true,Suite,5,5,0,0,0,760.00,0.00,496.25,0.0
2025-08-10,7,8,false,Standard,1,18,4,1,0,397.30,1589.20,0.00,22.22222222222222
2025-08-10,7,8,false,Deluxe,2,12,1,0,0,546.25,546.25,0.00,8.333333333333334
2025-08-10,7,8,false,Family,3,8,1,0,0,869.30,869.30,0.00,12.5
2025-08-10,7,8,false,Executive,4,5,2,0,0,1145.47,2290.93,0.00,40.0
2025-08-10,7,8,false,Suite,5,5,0,0,0,760.00,0.00,0.00,0.0
2025-08-11,1,8,false,Standard,1,18,5,2,0,376.18,1880.89,0.00,27.77777777777778
2025-08-11,1,8,false,Deluxe,2,12,1,1,0,527.06,527.06,0.00,8.333333333333334
2025-08-11,1,8,false,Family,3,8,0,0,0,430.00,0.00,0.00,0.0
2025-08-11,1,8,false,Executive,4,5,3,1,0,1063.43,3190.28,0.00,60.0
2025-08-11,1,8,false,Suite,5,5,2,2,0,1412.43,2824.85,0.00,40.0
2025-08-12,2,8,false,Standard,1,18,5,0,0,376.18,1880.89,856.13,27.77777777777778
2025-08-12,2,8,false,Deluxe,2,12,1,0,0,527.06,527.06,570.75,8.333333333333334
2025-08-12,2,8,false,Family,3,8,0,0,0,430.00,0.00,380.50,0.0
2025-08-12,2,8,false,Executive,4,5,3,1,0,1094.66,3283.98,237.81,60.0
2025-08-12,2,8,false,Suite,5,5,2,0,0,1412.43,2824.85,237.81,40.0
2025-08-13,3,8,false,Standard,1,18,5,3,0,342.84,1714.22,2216.63,27.77777777777778
2025-08-13,3,8,false,Deluxe,2,12,1,0,0,527.06,527.06,1477.75,8.333333333333334
2025-08-13,3,8,false,Family,3,8,0,0,0,430.00,0.00,985.17,0.0
2025-08-13,3,8,false,Executive,4,5,2,1,0,951.28,1902.56,615.73,40.0
2025-08-13,3,8,false,Suite,5,5,1,1,0,1416.74,1416.74,615.73,20.0
2025-08-14,4,8,false,Standard,1,18,4,0,0,346.70,1386.81,310.50,22.22222222222222
2025-08-14,4,8,false,Deluxe,2,12,1,0,0,527.06,527.06,207.00,8.333333333333334
2025-08-14,4,8,false,Family,3,8,0,0,0,430.00,0.00,138.00,0.0
2025-08-14,4,8,false,Executive,4,5,1,0,0,993.05,993.05,86.25,20.0
2025-08-14,4,8,false,Suite,5,5,1,0,0,1416.74,1416.74,86.25,20.0
2025-08-15,5,8,true,Standard,1,18,2,0,0,354.71,709.42,0.00,11.11111111111111
2025-08-15,5,8,true,Deluxe,2,12,1,1,0,691.57,691.57,0.00,8.333333333333334
2025-08-15,5,8,true,Family,3,8,0,0,0,430.00,0.00,0.00,0.0
2025-08-15,5,8,true,Executive,4,5,1,0,0,993.05,993.05,0.00,20.0
2025-08-15,5,8,true,Suite,5,5,1,0,0,1416.74,1416.74,0.00,20.0
2025-08-16,6,8,true,Standard,1,18,2,1,0,384.44,768.87,1938.00,11.11111111111111
2025-08-16,6,8,true,Deluxe,2,12,1,0,0,691.57,691.57,1292.00,8.333333333333334
2025-08-16,6,8,true,Family,3,8,0,0,0,430.00,0.00,861.33,0.0
2025-08-16,6,8,true,Executive,4,5,1,1,0,1209.54,1209.54,538.33,20.0
2025-08-16,6,8,true,Suite,5,5,1,0,0,1416.74,1416.74,538.33,20.0
2025-08-17,7,8,false,Standard,1,18,3,1,0,373.24,1119.73,0.00,16.666666666666668
2025-08-17,7,8,false,Deluxe,2,12,2,1,0,607.28,1214.56,0.00,16.666666666666668
2025-08-17,7,8,false,Family,3,8,1,1,0,724.65,724.65,0.00,12.5
2025-08-17,7,8,false,Executive,4,5,1,0,0,1209.54,1209.54,0.00,20.0
2025-08-17,7,8,false,Suite,5,5,1,1,0,1459.11,1459.11,0.00,20.0
2025-08-18,1,8,false,Standard,1,18,2,0,1,387.70,775.39,451.88,11.11111111111111
2025-08-18,1,8,false,Deluxe,2,12,2,0,0,607.28,1214.56,301.25,16.666666666666668
2025-08-18,1,8,false,Family,3,8,1,0,0,724.65,724.65,200.83,12.5
2025-08-18,1,8,false,Executive,4,5,1,1,0,914.92,914.92,125.52,20.0
2025-08-18,1,8,false,Suite,5,5,0,0,0,760.00,0.00,125.52,0.0
2025-08-19,2,8,false,Standard,1,18,3,1,0,371.31,1113.92,0.00,16.666666666666668
2025-08-19,2,8,false,Deluxe,2,12,2,0,0,607.28,1214.56,0.00,16.666666666666668
2025-08-19,2,8,false,Family,3,8,3,2,0,702.78,2108.35,0.00,37.5
2025-08-19,2,8,false,Executive,4,5,1,1,0,919.22,919.22,0.00,20.0
2025-08-19,2,8,false,Suite,5,5,2,2,0,1382.56,2765.11,0.00,40.0
2025-08-20,3,8,false,Standard,1,18,3,1,0,347.53,1042.60,468.75,16.666666666666668
2025-08-20,3,8,false,Deluxe,2,12,1,0,0,522.99,522.99,312.50,8.333333333333334
2025-08-20,3,8,false,Family,3,8,1,0,1,688.28,688.28,208.33,12.5
2025-08-20,3,8,false,Executive,4,5,1,0,0,919.22,919.22,130.21,20.0
2025-08-20,3,8,false,Suite,5,5,1,0,0,1387.67,1387.67,130.21,20.0
2025-08-21,4,8,false,Standard,1,18,4,1,0,354.77,1419.09,0.00,22.22222222222222
2025-08-21,4,8,false,Deluxe,2,12,0,0,0,330.00,0.00,0.00,0.0
2025-08-21,4,8,false,Family,3,8,1,0,0,688.28,688.28,0.00,12.5
2025-08-21,4,8,false,Executive,4,5,1,0,0,919.22,919.22,0.00,20.0
2025-08-21,4,8,false,Suite,5,5,1,0,0,1387.67,1387.67,0.00,20.0
2025-08-22,5,8,true,Standard,1,18,4,2,0,394.14,1576.54,0.00,22.22222222222222
2025-08-22,5,8,true,Deluxe,2,12,0,0,0,330.00,0.00,0.00,0.0
2025-08-22,5,8,true,Family,3,8,0,0,0,430.00,0.00,0.00,0.0
2025-08-22,5,8,true,Executive,4,5,2,1,0,1061.99,2123.98,0.00,40.0
2025-08-22,5,8,true,Suite,5,5,1,0,0,1387.67,1387.67,0.00,20.0
2025-08-23,6,8,true,Standard,1,18,4,0,0,394.14,1576.54,367.13,22.22222222222222
2025-08-23,6,8,true,Deluxe,2,12,0,0,0,330.00,0.00,244.75,0.0
2025-08-23,6,8,true,Family,3,8,0,0,1,430.00,0.00,163.17,0.0
2025-08-23,6,8,true,Executive,4,5,2,0,0,1061.99,2123.98,101.98,40.0
2025-08-23,6,8,true,Suite,5,5,1,0,0,1387.67,1387.67,101.98,20.0
2025-08-24,7,8,false,Standard,1,18,4,2,0,353.43,1413.71,0.00,22.22222222222222
2025-08-24,7,8,false,Deluxe,2,12,0,0,0,330.00,0.00,0.00,0.0
2025-08-24,7,8,false,Family,3,8,0,0,0,430.00,0.00,0.00,0.0
2025-08-24,7,8,false,Executive,4,5,1,0,0,1204.76,1204.76,0.00,20.0
2025-08-24,7,8,false,Suite,5,5,2,2,0,1437.73,2875.45,0.00,40.0
2025-08-25,1,8,false,Standard,1,18,1,0,0,352.19,352.19,8762.25,5.555555555555555
2025-08-25,1,8,false,Deluxe,2,12,1,1,0,531.44,531.44,5841.50,8.333333333333334
2025-08-25,1,8,false,Family,3,8,0,0,0,430.00,0.00,3894.33,0.0
2025-08-25,1,8,false,Executive,4,5,1,0,0,1204.76,1204.76,2433.96,20.0
2025-08-25,1,8,false,Suite,5,5,1,0,0,1425.69,1425.69,2433.96,20.0
2025-08-26,2,8,false,Standard,1,18,2,1,0,348.15,696.29,0.00,11.11111111111111
2025-08-26,2,8,false,Deluxe,2,12,3,2,0,539.63,1618.89,0.00,25.0
2025-08-26,2,8,false,Family,3,8,0,0,0,430.00,0.00,0.00,0.0
2025-08-26,2,8,false,Executive,4,5,0,0,0,540.00,0.00,0.00,0.0
2025-08-26,2,8,false,Suite,5,5,1,0,0,1425.69,1425.69,0.00,20.0
2025-08-27,3,8,false,Standard,1,18,2,0,0,348.15,696.29,0.00,11.11111111111111
2025-08-27,3,8,false,Deluxe,2,12,3,0,0,539.63,1618.89,0.00,25.0
2025-08-27,3,8,false,Family,3,8,0,0,0,430.00,0.00,0.00,0.0
2025-08-27,3,8,false,Executive,4,5,0,0,0,540.00,0.00,0.00,0.0
2025-08-27,3,8,false,Suite,5,5,1,0,0,1425.69,1425.69,0.00,20.0
2025-08-28,4,8,false,Standard,1,18,4,3,0,390.42,1561.68,8896.88,22.22222222222222
2025-08-28,4,8,false,Deluxe,2,12,1,0,0,531.44,531.44,5931.25,8.333333333333334
2025-08-28,4,8,false,Family,3,8,0,0,0,430.00,0.00,3954.17,0.0
2025-08-28,4,8,false,Executive,4,5,0,0,0,540.00,0.00,2471.35,0.0
2025-08-28,4,8,false,Suite,5,5,1,0,1,1425.69,1425.69,2471.35,20.0
2025-08-29,5,8,true,Standard,1,18,6,2,0,404.32,2425.89,0.00,33.333333333333336
2025-08-29,5,8,true,Deluxe,2,12,1,0,0,531.44,531.44,0.00,8.333333333333334
2025-08-29,5,8,true,Family,3,8,0,0,0,430.00,0.00,0.00,0.0
2025-08-29,5,8,true,Executive,4,5,1,1,0,1168.64,1168.64,0.00,20.0
2025-08-29,5,8,true,Suite,5,5,2,2,0,1768.51,3537.01,0.00,40.0
2025-08-30,6,8,true,Standard,1,18,7,2,0,405.71,2840.00,0.00,38.888888888888886
2025-08-30,6,8,true,Deluxe,2,12,0,0,0,330.00,0.00,0.00,0.0
2025-08-30,6,8,true,Family,3,8,2,2,0,904.79,1809.57,0.00,25.0
2025-08-30,6,8,true,Executive,4,5,1,0,0,1168.64,1168.64,0.00,20.0
2025-08-30,6,8,true,Suite,5,5,2,0,0,1768.51,3537.01,0.00,40.0
2025-08-31,7,8,false,Standard,1,18,7,1,0,405.95,2841.67,0.00,38.888888888888886
2025-08-31,7,8,false,Deluxe,2,12,0,0,0,330.00,0.00,0.00,0.0
2025-08-31,7,8,false,Family,3,8,1,1,0,710.61,710.61,0.00,12.5
2025-08-31,7,8,false,Executive,4,5,0,0,0,540.00,0.00,0.00,0.0
2025-08-31,7,8,false,Suite,5,5,2,0,0,1768.51,3537.01,0.00,40.0
2025-09-01,1,9,false,Standard,1,18,8,2,0,360.24,2881.89,0.00,44.44444444444444
2025-09-01,1,9,false,Deluxe,2,12,2,2,0,359.74,719.48,0.00,16.666666666666668
2025-09-01,1,9,false,Family,3,8,0,0,0,430.00,0.00,0.00,0.0
2025-09-01,1,9,false,Executive,4,5,0,0,1,540.00,0.00,0.00,0.0
2025-09-01,1,9,false,Suite,5,5,2,0,0,1768.51,3537.01,0.00,40.0
2025-09-02,2,9,false,Standard,1,18,4,0,0,360.02,1440.08,0.00,22.22222222222222
2025-09-02,2,9,false,Deluxe,2,12,3,1,0,359.07,1077.22,0.00,25.0
2025-09-02,2,9,false,Family,3,8,0,0,0,430.00,0.00,0.00,0.0
2025-09-02,2,9,false,Executive,4,5,0,0,0,540.00,0.00,0.00,0.0
2025-09-02,2,9,false,Suite,5,5,2,0,0,1768.51,3537.01,0.00,40.0
2025-09-03,3,9,false,Standard,1,18,3,2,0,283.98,851.93,0.00,16.666666666666668
2025-09-03,3,9,false,Deluxe,2,12,2,1,0,357.26,714.52,0.00,16.666666666666668
2025-09-03,3,9,false,Family,3,8,0,0,0,430.00,0.00,0.00,0.0
2025-09-03,3,9,false,Executive,4,5,0,0,0,540.00,0.00,0.00,0.0
2025-09-03,3,9,false,Suite,5,5,0,0,0,760.00,0.00,0.00,0.0
2025-09-04,4,9,false,Standard,1,18,2,0,0,214.64,429.28,0.00,11.11111111111111
2025-09-04,4,9,false,Deluxe,2,12,1,0,0,357.74,357.74,0.00,8.333333333333334
2025-09-04,4,9,false,Family,3,8,0,0,0,430.00,0.00,0.00,0.0
2025-09-04,4,9,false,Executive,4,5,1,1,0,723.57,723.57,0.00,20.0
2025-09-04,4,9,false,Suite,5,5,0,0,0,760.00,0.00,0.00,0.0
2025-09-05,5,9,true,Standard,1,18,2,1,0,241.90,483.79,2839.50,11.11111111111111
2025-09-05,5,9,true,Deluxe,2,12,1,1,0,444.66,444.66,1893.00,8.333333333333334
2025-09-05,5,9,true,Family,3,8,1,1,0,599.03,599.03,1262.00,12.5
2025-09-05,5,9,true,Executive,4,5,1,0,0,723.57,723.57,788.75,20.0
2025-09-05,5,9,true,Suite,5,5,0,0,0,760.00,0.00,788.75,0.0
2025-09-06,6,9,true,Standard,1,18,3,2,0,272.39,817.16,0.00,16.666666666666668
2025-09-06,6,9,true,Deluxe,2,12,3,2,0,436.04,1308.13,0.00,25.0
2025-09-06,6,9,true,Family,3,8,1,0,0,599.03,599.03,0.00,12.5
2025-09-06,6,9,true,Executive,4,5,2,1,0,744.27,1488.53,0.00,40.0
2025-09-06,6,9,true,Suite,5,5,0,0,0,760.00,0.00,0.00,0.0
2025-09-07,7,9,false,Standard,1,18,5,3,0,247.66,1238.30,938.25,27.77777777777778
2025-09-07,7,9,false,Deluxe,2,12,2,0,0,443.26,886.52,625.50,16.666666666666668
2025-09-07,7,9,false,Family,3,8,1,0,0,599.03,599.03,417.00,12.5
2025-09-07,7,9,false,Executive,4,5,3,1,0,707.43,2122.30,260.63,60.0
2025-09-07,7,9,false,Suite,5,5,0,0,0,760.00,0.00,260.63,0.0
2025-09-08,1,9,false,Standard,1,18,5,1,0,236.21,1181.05,0.00,27.77777777777778
2025-09-08,1,9,false,Deluxe,2,12,2,1,0,395.35,790.69,0.00,16.666666666666668
2025-09-08,1,9,false,Family,3,8,1,0,0,599.03,599.03,0.00,12.5
2025-09-08,1,9,false,Executive,4,5,2,0,0,699.37,1398.73,0.00,40.0
2025-09-08,1,9,false,Suite,5,5,0,0,0,760.00,0.00,0.00,0.0
2025-09-09,2,9,false,Standard,1,18,4,0,0,237.05,948.18,0.00,22.22222222222222
2025-09-09,2,9,false,Deluxe,2,12,1,0,0,441.86,441.86,0.00,8.333333333333334
2025-09-09,2,9,false,Family,3,8,2,1,0,519.20,1038.39,0.00,25.0
2025-09-09,2,9,false,Executive,4,5,2,0,0,699.37,1398.73,0.00,40.0
2025-09-09,2,9,false,Suite,5,5,1,1,0,866.57,866.57,0.00,20.0
2025-09-10,3,9,false,Standard,1,18,4,2,0,225.35,901.38,0.00,22.22222222222222
2025-09-10,3,9,false,Deluxe,2,12,3,3,0,344.88,1034.63,0.00,25.0
2025-09-10,3,9,false,Family,3,8,2,1,0,463.35,926.70,0.00,25.0
2025-09-10,3,9,false,Executive,4,5,1,0,1,633.77,633.77,0.00,20.0
2025-09-10,3,9,false,Suite,5,5,1,0,0,866.57,866.57,0.00,20.0
2025-09-11,4,9,false,Standard,1,18,3,2,0,252.97,758.92,1211.63,16.666666666666668
2025-09-11,4,9,false,Deluxe,2,12,3,1,0,359.20,1077.61,807.75,25.0
2025-09-11,4,9,false,Family,3,8,2,0,1,463.35,926.70,538.50,25.0
2025-09-11,4,9,false,Executive,4,5,0,0,0,540.00,0.00,336.56,0.0
2025-09-11,4,9,false,Suite,5,5,1,0,0,866.57,866.57,336.56,20.0
2025-09-12,5,9,true,Standard,1,18,4,1,0,257.95,1031.78,0.00,22.22222222222222
2025-09-12,5,9,true,Deluxe,2,12,3,1,0,385.55,1156.66,0.00,25.0
2025-09-12,5,9,true,Family,3,8,0,0,0,430.00,0.00,0.00,0.0
2025-09-12,5,9,true,Executive,4,5,0,0,0,540.00,0.00,0.00,0.0
2025-09-12,5,9,true,Suite,5,5,1,0,0,866.57,866.57,0.00,20.0
2025-09-13,6,9,true,Standard,1,18,4,1,1,263.20,1052.80,755.25,22.22222222222222
2025-09-13,6,9,true,Deluxe,2,12,3,0,0,385.55,1156.66,503.50,25.0
2025-09-13,6,9,true,Family,3,8,0,0,0,430.00,0.00,335.67,0.0
2025-09-13,6,9,true,Executive,4,5,0,0,0,540.00,0.00,209.79,0.0
2025-09-13,6,9,true,Suite,5,5,0,0,0,760.00,0.00,209.79,0.0
2025-09-14,7,9,false,Standard,1,18,4,1,0,248.13,992.53,0.00,22.22222222222222
2025-09-14,7,9,false,Deluxe,2,12,1,0,0,418.64,418.64,0.00,8.333333333333334
2025-09-14,7,9,false,Family,3,8,0,0,0,430.00,0.00,0.00,0.0
2025-09-14,7,9,false,Executive,4,5,1,1,0,593.98,593.98,0.00,20.0
2025-09-14,7,9,false,Suite,5,5,0,0,0,760.00,0.00,0.00,0.0
2025-09-15,1,9,false,Standard,1,18,2,0,0,275.11,550.22,2689.88,11.11111111111111
2025-09-15,1,9,false,Deluxe,2,12,1,0,0,418.64,418.64,1793.25,8.333333333333334
2025-09-15,1,9,false,Family,3,8,0,0,0,430.00,0.00,1195.50,0.0
2025-09-15,1,9,false,Executive,4,5,1,0,0,593.98,593.98,747.19,20.0
2025-09-15,1,9,false,Suite,5,5,0,0,0,760.00,0.00,747.19,0.0
2025-09-16,2,9,false,Standard,1,18,2,2,0,228.18,456.35,0.00,11.11111111111111
2025-09-16,2,9,false,Deluxe,2,12,3,2,0,365.24,1095.72,0.00,25.0
2025-09-16,2,9,false,Family,3,8,1,1,0,465.77,465.77,0.00,12.5
2025-09-16,2,9,false,Executive,4,5,0,0,0,540.00,0.00,0.00,0.0
2025-09-16,2,9,false,Suite,5,5,0,0,0,760.00,0.00,0.00,0.0
2025-09-17,3,9,false,Standard,1,18,2,0,0,228.18,456.35,1198.88,11.11111111111111
2025-09-17,3,9,false,Deluxe,2,12,1,0,0,338.86,338.86,799.25,8.333333333333334
2025-09-17,3,9,false,Family,3,8,2,1,0,465.67,931.34,532.83,25.0
2025-09-17,3,9,false,Executive,4,5,1,1,0,628.94,628.94,333.02,20.0
2025-09-17,3,9,false,Suite,5,5,0,0,0,760.00,0.00,333.02,0.0
2025-09-18,4,9,false,Standard,1,18,2,0,0,228.18,456.35,0.00,11.11111111111111
2025-09-18,4,9,false,Deluxe,2,12,2,1,0,362.46,724.92,0.00,16.666666666666668
2025-09-18,4,9,false,Family,3,8,3,1,0,497.98,1493.93,0.00,37.5
2025-09-18,4,9,false,Executive,4,5,2,1,0,672.20,1344.39,0.00,40.0
2025-09-18,4,9,false,Suite,5,5,1,1,0,1012.92,1012.92,0.00,20.0
2025-09-19,5,9,true,Standard,1,18,2,1,0,253.70,507.39,360.38,11.11111111111111
2025-09-19,5,9,true,Deluxe,2,12,4,2,0,395.82,1583.29,240.25,33.333333333333336
2025-09-19,5,9,true,Family,3,8,1,0,0,465.57,465.57,160.17,12.5
2025-09-19,5,9,true,Executive,4,5,0,0,0,540.00,0.00,100.10,0.0
2025-09-19,5,9,true,Suite,5,5,1,0,0,1012.92,1012.92,100.10,20.0
2025-09-20,6,9,true,Standard,1,18,2,1,0,283.71,567.41,0.00,11.11111111111111
2025-09-20,6,9,true,Deluxe,2,12,6,2,0,412.24,2473.41,0.00,50.0
2025-09-20,6,9,true,Family,3,8,1,0,0,465.57,465.57,0.00,12.5
2025-09-20,6,9,true,Executive,4,5,0,0,0,540.00,0.00,0.00,0.0
2025-09-20,6,9,true,Suite,5,5,2,1,0,1059.81,2119.61,0.00,40.0
2025-09-21,7,9,false,Standard,1,18,1,0,0,278.67,278.67,883.50,5.555555555555555
2025-09-21,7,9,false,Deluxe,2,12,7,2,0,405.26,2836.84,589.00,58.333333333333336
2025-09-21,7,9,false,Family,3,8,2,1,0,471.73,943.45,392.67,25.0
2025-09-21,7,9,false,Executive,4,5,0,0,0,540.00,0.00,245.42,0.0
2025-09-21,7,9,false,Suite,5,5,1,0,0,1012.92,1012.92,245.42,20.0
2025-09-22,1,9,false,Standard,1,18,2,1,0,247.48,494.96,346.13,11.11111111111111
2025-09-22,1,9,false,Deluxe,2,12,6,0,0,401.90,2411.37,230.75,50.0
2025-09-22,1,9,false,Family,3,8,2,1,0,469.33,938.65,153.83,25.0
2025-09-22,1,9,false,Executive,4,5,0,0,0,540.00,0.00,96.15,0.0
2025-09-22,1,9,false,Suite,5,5,1,0,0,1012.92,1012.92,96.15,20.0
2025-09-23,2,9,false,Standard,1,18,4,3,0,220.65,882.59,0.00,22.22222222222222
2025-09-23,2,9,false,Deluxe,2,12,5,2,1,389.77,1948.86,0.00,41.666666666666664
2025-09-23,2,9,false,Family,3,8,1,0,0,460.77,460.77,0.00,12.5
2025-09-23,2,9,false,Executive,4,5,1,1,0,599.41,599.41,0.00,20.0
2025-09-23,2,9,false,Suite,5,5,0,0,0,760.00,0.00,0.00,0.0
2025-09-24,3,9,false,Standard,1,18,4,1,0,220.57,882.26,8293.13,22.22222222222222
2025-09-24,3,9,false,Deluxe,2,12,2,0,0,362.16,724.31,5528.75,16.666666666666668
2025-09-24,3,9,false,Family,3,8,2,1,0,463.26,926.52,3685.83,25.0
2025-09-24,3,9,false,Executive,4,5,2,1,0,616.13,1232.26,2303.65,40.0
2025-09-24,3,9,false,Suite,5,5,0,0,0,760.00,0.00,2303.65,0.0
2025-09-25,4,9,false,Standard,1,18,2,1,0,235.74,471.47,0.00,11.11111111111111
2025-09-25,4,9,false,Deluxe,2,12,1,0,0,371.18,371.18,0.00,8.333333333333334
2025-09-25,4,9,false,Family,3,8,2,0,0,463.26,926.52,0.00,25.0
2025-09-25,4,9,false,Executive,4,5,1,0,0,599.41,599.41,0.00,20.0
2025-09-25,4,9,false,Suite,5,5,0,0,0,760.00,0.00,0.00,0.0
2025-09-26,5,9,true,Standard,1,18,2,0,0,235.74,471.47,7025.63,11.11111111111111
2025-09-26,5,9,true,Deluxe,2,12,0,0,0,330.00,0.00,4683.75,0.0
2025-09-26,5,9,true,Family,3,8,0,0,0,430.00,0.00,3122.50,0.0
2025-09-26,5,9,true,Executive,4,5,1,0,1,599.41,599.41,1951.56,20.0
2025-09-26,5,9,true,Suite,5,5,0,0,1,760.00,0.00,1951.56,0.0
2025-09-27,6,9,true,Standard,1,18,2,0,0,235.74,471.47,0.00,11.11111111111111
2025-09-27,6,9,true,Deluxe,2,12,1,1,0,448.57,448.57,0.00,8.333333333333334
2025-09-27,6,9,true,Family,3,8,1,1,0,557.90,557.90,0.00,12.5
2025-09-27,6,9,true,Executive,4,5,0,0,0,540.00,0.00,0.00,0.0
2025-09-27,6,9,true,Suite,5,5,2,2,0,1159.51,2319.02,0.00,40.0
2025-09-28,7,9,false,Standard,1,18,1,0,0,250.07,250.07,0.00,5.555555555555555
2025-09-28,7,9,false,Deluxe,2,12,1,0,0,448.57,448.57,0.00,8.333333333333334
2025-09-28,7,9,false,Family,3,8,0,0,0,430.00,0.00,0.00,0.0
2025-09-28,7,9,false,Executive,4,5,0,0,0,540.00,0.00,0.00,0.0
2025-09-28,7,9,false,Suite,5,5,2,0,0,1159.51,2319.02,0.00,40.0
2025-09-29,1,9,false,Standard,1,18,0,0,0,220.00,0.00,0.00,0.0
2025-09-29,1,9,false,Deluxe,2,12,4,3,0,376.54,1506.17,0.00,33.333333333333336
2025-09-29,1,9,false,Family,3,8,1,1,0,476.57,476.57,0.00,12.5
2025-09-29,1,9,false,Executive,4,5,0,0,0,540.00,0.00,0.00,0.0
2025-09-29,1,9,false,Suite,5,5,3,2,0,999.48,2998.43,0.00,60.0
2025-09-30,2,9,false,Standard,1,18,0,0,0,220.00,0.00,321.38,0.0
2025-09-30,2,9,false,Deluxe,2,12,4,1,0,380.51,1522.02,214.25,33.333333333333336
2025-09-30,2,9,false,Family,3,8,2,2,0,461.66,923.31,142.83,25.0
2025-09-30,2,9,false,Executive,4,5,1,1,0,613.73,613.73,89.27,20.0
2025-09-30,2,9,false,Suite,5,5,1,0,0,904.25,904.25,89.27,20.0
2025-10-01,3,10,false,Standard,1,18,0,0,1,220.00,0.00,0.00,0.0
2025-10-01,3,10,false,Deluxe,2,12,3,1,0,375.33,1125.99,0.00,25.0
2025-10-01,3,10,false,Family,3,8,0,0,0,430.00,0.00,0.00,0.0
2025-10-01,3,10,false,Executive,4,5,2,1,0,666.01,1332.01,0.00,40.0
2025-10-01,3,10,false,Suite,5,5,1,0,0,904.25,904.25,0.00,20.0
2025-10-02,4,10,false,Standard,1,18,1,1,0,319.52,319.52,0.00,5.555555555555555
2025-10-02,4,10,false,Deluxe,2,12,2,0,0,381.10,762.20,0.00,16.666666666666668
2025-10-02,4,10,false,Family,3,8,2,2,0,657.54,1315.07,0.00,25.0
2025-10-02,4,10,false,Executive,4,5,1,0,0,613.73,613.73,0.00,20.0
2025-10-02,4,10,false,Suite,5,5,0,0,0,760.00,0.00,0.00,0.0
2025-10-03,5,10,true,Standard,1,18,0,0,0,220.00,0.00,325.88,0.0
2025-10-03,5,10,true,Deluxe,2,12,2,0,0,381.10,762.20,217.25,16.666666666666668
2025-10-03,5,10,true,Family,3,8,2,1,0,685.58,1371.16,144.83,25.0
2025-10-03,5,10,true,Executive,4,5,0,0,0,540.00,0.00,90.52,0.0
2025-10-03,5,10,true,Suite,5,5,1,1,0,1337.15,1337.15,90.52,20.0
2025-10-04,6,10,true,Standard,1,18,1,1,0,353.16,353.16,0.00,5.555555555555555
2025-10-04,6,10,true,Deluxe,2,12,0,0,0,330.00,0.00,0.00,0.0
2025-10-04,6,10,true,Family,3,8,1,0,0,672.89,672.89,0.00,12.5
2025-10-04,6,10,true,Executive,4,5,0,0,0,540.00,0.00,0.00,0.0
2025-10-04,6,10,true,Suite,5,5,2,1,0,1369.15,2738.30,0.00,40.0
2025-10-05,7,10,false,Standard,1,18,2,1,0,313.84,627.67,4300.13,11.11111111111111
2025-10-05,7,10,false,Deluxe,2,12,0,0,0,330.00,0.00,2866.75,0.0
2025-10-05,7,10,false,Family,3,8,1,1,0,571.62,571.62,1911.17,12.5
2025-10-05,7,10,false,Executive,4,5,0,0,0,540.00,0.00,1194.48,0.0
2025-10-05,7,10,false,Suite,5,5,3,1,0,1286.03,3858.10,1194.48,60.0
2025-10-06,1,10,false,Standard,1,18,3,2,0,275.01,825.04,0.00,16.666666666666668
2025-10-06,1,10,false,Deluxe,2,12,0,0,0,330.00,0.00,0.00,0.0
2025-10-06,1,10,false,Family,3,8,3,2,0,565.13,1695.39,0.00,37.5
2025-10-06,1,10,false,Executive,4,5,0,0,0,540.00,0.00,0.00,0.0
2025-10-06,1,10,false,Suite,5,5,2,0,0,1369.15,2738.30,0.00,40.0
2025-10-07,2,10,false,Standard,1,18,3,1,0,276.33,828.98,0.00,16.666666666666668
2025-10-07,2,10,false,Deluxe,2,12,0,0,0,330.00,0.00,0.00,0.0
2025-10-07,2,10,false,Family,3,8,3,0,0,565.13,1695.39,0.00,37.5
2025-10-07,2,10,false,Executive,4,5,1,1,0,728.15,728.15,0.00,20.0
2025-10-07,2,10,false,Suite,5,5,1,0,0,1401.15,1401.15,0.00,20.0
2025-10-08,3,10,false,Standard,1,18,2,0,0,277.24,554.47,0.00,11.11111111111111
2025-10-08,3,10,false,Deluxe,2,12,1,1,0,429.51,429.51,0.00,8.333333333333334
2025-10-08,3,10,false,Family,3,8,2,0,0,562.52,1125.03,0.00,25.0
2025-10-08,3,10,false,Executive,4,5,2,1,0,716.96,1433.92,0.00,40.0
2025-10-08,3,10,false,Suite,5,5,2,1,0,1254.25,2508.49,0.00,40.0
2025-10-09,4,10,false,Standard,1,18,2,0,0,277.24,554.47,0.00,11.11111111111111
2025-10-09,4,10,false,Deluxe,2,12,1,1,0,492.59,492.59,0.00,8.333333333333334
2025-10-09,4,10,false,Family,3,8,2,0,0,562.52,1125.03,0.00,25.0
2025-10-09,4,10,false,Executive,4,5,1,0,0,705.77,705.77,0.00,20.0
2025-10-09,4,10,false,Suite,5,5,1,0,0,1107.34,1107.34,0.00,20.0
2025-10-10,5,10,true,Standard,1,18,1,1,0,335.72,335.72,0.00,5.555555555555555
2025-10-10,5,10,true,Deluxe,2,12,1,0,0,492.59,492.59,0.00,8.333333333333334
2025-10-10,5,10,true,Family,3,8,1,0,0,553.41,553.41,0.00,12.5
2025-10-10,5,10,true,Executive,4,5,1,0,0,705.77,705.77,0.00,20.0
2025-10-10,5,10,true,Suite,5,5,1,0,0,1107.34,1107.34,0.00,20.0
2025-10-11,6,10,true,Standard,1,18,1,0,0,335.72,335.72,694.50,5.555555555555555
2025-10-11,6,10,true,Deluxe,2,12,3,2,0,523.40,1570.20,463.00,25.0
2025-10-11,6,10,true,Family,3,8,0,0,0,430.00,0.00,308.67,0.0
2025-10-11,6,10,true,Executive,4,5,2,1,0,822.79,1645.58,192.92,40.0
2025-10-11,6,10,true,Suite,5,5,1,0,1,1107.34,1107.34,192.92,20.0
2025-10-12,7,10,false,Standard,1,18,1,0,0,335.72,335.72,376.13,5.555555555555555
2025-10-12,7,10,false,Deluxe,2,12,3,0,0,523.40,1570.20,250.75,25.0
2025-10-12,7,10,false,Family,3,8,1,1,0,550.79,550.79,167.17,12.5
2025-10-12,7,10,false,Executive,4,5,3,1,0,802.06,2406.18,104.48,60.0
2025-10-12,7,10,false,Suite,5,5,0,0,0,760.00,0.00,104.48,0.0
2025-10-13,1,10,false,Standard,1,18,1,1,0,284.01,284.01,4116.38,5.555555555555555
2025-10-13,1,10,false,Deluxe,2,12,3,0,0,523.40,1570.20,2744.25,25.0
2025-10-13,1,10,false,Family,3,8,2,1,0,558.06,1116.11,1829.50,25.0
2025-10-13,1,10,false,Executive,4,5,1,0,0,939.81,939.81,1143.44,20.0
2025-10-13,1,10,false,Suite,5,5,0,0,0,760.00,0.00,1143.44,0.0
2025-10-14,2,10,false,Standard,1,18,1,0,0,284.01,284.01,427.50,5.555555555555555
2025-10-14,2,10,false,Deluxe,2,12,3,2,0,450.19,1350.57,285.00,25.0
2025-10-14,2,10,false,Family,3,8,3,1,0,558.78,1676.34,190.00,37.5
2025-10-14,2,10,false,Executive,4,5,1,0,0,939.81,939.81,118.75,20.0
2025-10-14,2,10,false,Suite,5,5,0,0,0,760.00,0.00,118.75,0.0
2025-10-15,3,10,false,Standard,1,18,1,0,0,284.01,284.01,0.00,5.555555555555555
2025-10-15,3,10,false,Deluxe,2,12,3,0,0,450.19,1350.57,0.00,25.0
2025-10-15,3,10,false,Family,3,8,3,0,0,558.78,1676.34,0.00,37.5
2025-10-15,3,10,false,Executive,4,5,1,0,0,939.81,939.81,0.00,20.0
2025-10-15,3,10,false,Suite,5,5,1,1,0,1092.14,1092.14,0.00,20.0
2025-10-16,4,10,false,Standard,1,18,1,1,0,305.64,305.64,0.00,5.555555555555555
2025-10-16,4,10,false,Deluxe,2,12,2,0,0,412.75,825.49,0.00,16.666666666666668
2025-10-16,4,10,false,Family,3,8,3,2,0,618.73,1856.19,0.00,37.5
2025-10-16,4,10,false,Executive,4,5,0,0,0,540.00,0.00,0.00,0.0
2025-10-16,4,10,false,Suite,5,5,2,1,0,1154.79,2309.57,0.00,40.0
2025-10-17,5,10,true,Standard,1,18,3,2,0,333.39,1000.18,613.88,16.666666666666668
2025-10-17,5,10,true,Deluxe,2,12,3,1,0,444.87,1334.61,409.25,25.0
2025-10-17,5,10,true,Family,3,8,3,1,0,675.38,2026.15,272.83,37.5
2025-10-17,5,10,true,Executive,4,5,0,0,0,540.00,0.00,170.52,0.0
2025-10-17,5,10,true,Suite,5,5,2,0,0,1154.79,2309.57,170.52,40.0
2025-10-18,6,10,true,Standard,1,18,4,2,0,335.19,1340.77,0.00,22.22222222222222
2025-10-18,6,10,true,Deluxe,2,12,5,3,0,499.69,2498.45,0.00,41.666666666666664
2025-10-18,6,10,true,Family,3,8,3,1,0,707.04,2121.13,0.00,37.5
2025-10-18,6,10,true,Executive,4,5,0,0,0,540.00,0.00,0.00,0.0
2025-10-18,6,10,true,Suite,5,5,2,0,0,1154.79,2309.57,0.00,40.0
2025-10-19,7,10,false,Standard,1,18,4,0,0,335.19,1340.77,0.00,22.22222222222222
2025-10-19,7,10,false,Deluxe,2,12,4,1,0,498.72,1994.87,0.00,33.333333333333336
2025-10-19,7,10,false,Family,3,8,3,0,0,707.04,2121.13,0.00,37.5
2025-10-19,7,10,false,Executive,4,5,1,1,0,765.99,765.99,0.00,20.0
2025-10-19,7,10,false,Suite,5,5,2,0,0,1154.79,2309.57,0.00,40.0
2025-10-20,1,10,false,Standard,1,18,4,1,0,316.43,1265.70,0.00,22.22222222222222
2025-10-20,1,10,false,Deluxe,2,12,3,0,0,495.25,1485.75,0.00,25.0
2025-10-20,1,10,false,Family,3,8,3,0,0,707.04,2121.13,0.00,37.5
2025-10-20,1,10,false,Executive,4,5,0,0,0,540.00,0.00,0.00,0.0
2025-10-20,1,10,false,Suite,5,5,2,2,0,1066.83,2133.65,0.00,40.0
2025-10-21,2,10,false,Standard,1,18,3,0,0,320.02,960.06,0.00,16.666666666666668
2025-10-21,2,10,false,Deluxe,2,12,4,1,0,480.70,1922.80,0.00,33.333333333333336
2025-10-21,2,10,false,Family,3,8,1,0,0,730.19,730.19,0.00,12.5
2025-10-21,2,10,false,Executive,4,5,0,0,0,540.00,0.00,0.00,0.0
2025-10-21,2,10,false,Suite,5,5,2,0,0,1066.83,2133.65,0.00,40.0
2025-10-22,3,10,false,Standard,1,18,2,0,0,302.38,604.75,388.50,11.11111111111111
2025-10-22,3,10,false,Deluxe,2,12,5,1,0,469.82,2349.11,259.00,41.666666666666664
2025-10-22,3,10,false,Family,3,8,1,1,1,594.21,594.21,172.67,12.5
2025-10-22,3,10,false,Executive,4,5,0,0,0,540.00,0.00,107.92,0.0
2025-10-22,3,10,false,Suite,5,5,3,1,0,1082.02,3246.05,107.92,60.0
2025-10-23,4,10,false,Standard,1,18,0,0,0,220.00,0.00,0.00,0.0
2025-10-23,4,10,false,Deluxe,2,12,1,0,0,426.31,426.31,0.00,8.333333333333334
2025-10-23,4,10,false,Family,3,8,2,1,0,634.30,1268.59,0.00,25.0
2025-10-23,4,10,false,Executive,4,5,0,0,0,540.00,0.00,0.00,0.0
2025-10-23,4,10,false,Suite,5,5,2,1,0,1173.90,2347.79,0.00,40.0
2025-10-24,5,10,true,Standard,1,18,1,1,0,334.26,334.26,0.00,5.555555555555555
2025-10-24,5,10,true,Deluxe,2,12,0,0,1,330.00,0.00,0.00,0.0
2025-10-24,5,10,true,Family,3,8,2,1,0,702.13,1404.26,0.00,25.0
2025-10-24,5,10,true,Executive,4,5,0,0,0,540.00,0.00,0.00,0.0
2025-10-24,5,10,true,Suite,5,5,2,1,0,1188.69,2377.38,0.00,40.0
2025-10-25,6,10,true,Standard,1,18,2,1,0,339.86,679.71,0.00,11.11111111111111
2025-10-25,6,10,true,Deluxe,2,12,0,0,0,330.00,0.00,0.00,0.0
2025-10-25,6,10,true,Family,3,8,2,1,0,699.42,1398.84,0.00,25.0
2025-10-25,6,10,true,Executive,4,5,0,0,1,540.00,0.00,0.00,0.0
2025-10-25,6,10,true,Suite,5,5,1,0,0,1305.95,1305.95,0.00,20.0
2025-10-26,7,10,false,Standard,1,18,1,0,0,334.26,334.26,0.00,5.555555555555555
2025-10-26,7,10,false,Deluxe,2,12,1,1,0,426.30,426.30,0.00,8.333333333333334
2025-10-26,7,10,false,Family,3,8,2,0,0,699.42,1398.84,0.00,25.0
2025-10-26,7,10,false,Executive,4,5,0,0,0,540.00,0.00,0.00,0.0
2025-10-26,7,10,false,Suite,5,5,0,0,0,760.00,0.00,0.00,0.0
2025-10-27,1,10,false,Standard,1,18,2,1,1,305.11,610.22,7464.00,11.11111111111111
2025-10-27,1,10,false,Deluxe,2,12,1,0,0,426.30,426.30,4976.00,8.333333333333334
2025-10-27,1,10,false,Family,3,8,2,0,0,699.42,1398.84,3317.33,25.0
2025-10-27,1,10,false,Executive,4,5,0,0,0,540.00,0.00,2073.33,0.0
2025-10-27,1,10,false,Suite,5,5,1,1,0,1110.47,1110.47,2073.33,20.0
2025-10-28,2,10,false,Standard,1,18,1,0,0,275.96,275.96,0.00,5.555555555555555
2025-10-28,2,10,false,Deluxe,2,12,3,2,0,424.99,1274.97,0.00,25.0
2025-10-28,2,10,false,Family,3,8,0,0,0,430.00,0.00,0.00,0.0
2025-10-28,2,10,false,Executive,4,5,0,0,1,540.00,0.00,0.00,0.0
2025-10-28,2,10,false,Suite,5,5,1,0,0,1110.47,1110.47,0.00,20.0
2025-10-29,3,10,false,Standard,1,18,3,3,0,274.79,824.38,6826.50,16.666666666666668
2025-10-29,3,10,false,Deluxe,2,12,3,0,0,424.99,1274.97,4551.00,25.0
2025-10-29,3,10,false,Family,3,8,1,1,0,587.20,587.20,3034.00,12.5
2025-10-29,3,10,false,Executive,4,5,0,0,0,540.00,0.00,1896.25,0.0
2025-10-29,3,10,false,Suite,5,5,0,0,0,760.00,0.00,1896.25,0.0
2025-10-30,4,10,false,Standard,1,18,2,1,0,284.40,568.79,0.00,11.11111111111111
2025-10-30,4,10,false,Deluxe,2,12,4,1,0,448.03,1792.12,0.00,33.333333333333336
2025-10-30,4,10,false,Family,3,8,1,0,0,587.20,587.20,0.00,12.5
2025-10-30,4,10,false,Executive,4,5,0,0,0,540.00,0.00,0.00,0.0
2025-10-30,4,10,false,Suite,5,5,1,1,0,1196.88,1196.88,0.00,20.0
2025-10-31,5,10,true,Standard,1,18,3,1,0,296.48,889.43,0.00,16.666666666666668
2025-10-31,5,10,true,Deluxe,2,12,2,0,0,469.88,939.76,0.00,16.666666666666668
2025-10-31,5,10,true,Family,3,8,2,1,0,646.29,1292.58,0.00,25.0
2025-10-31,5,10,true,Executive,4,5,0,0,0,540.00,0.00,0.00,0.0
2025-10-31,5,10,true,Suite,5,5,1,0,0,1196.88,1196.88,0.00,20.0
2025-11-01,6,11,true,Standard,1,18,3,1,0,301.99,905.97,370.13,16.666666666666668
2025-11-01,6,11,true,Deluxe,2,12,1,0,0,422.61,422.61,246.75,8.333333333333334
2025-11-01,6,11,true,Family,3,8,2,0,0,646.29,1292.58,164.50,25.0
2025-11-01,6,11,true,Executive,4,5,0,0,0,540.00,0.00,102.81,0.0
2025-11-01,6,11,true,Suite,5,5,1,0,0,1196.88,1196.88,102.81,20.0
2025-11-02,7,11,false,Standard,1,18,7,4,0,283.52,1984.61,0.00,38.888888888888886
2025-11-02,7,11,false,Deluxe,2,12,1,1,0,410.68,410.68,0.00,8.333333333333334
2025-11-02,7,11,false,Family,3,8,3,1,2,617.85,1853.55,0.00,37.5
2025-11-02,7,11,false,Executive,4,5,0,0,0,540.00,0.00,0.00,0.0
2025-11-02,7,11,false,Suite,5,5,0,0,0,760.00,0.00,0.00,0.0
2025-11-03,1,11,false,Standard,1,18,6,1,0,287.28,1723.68,345.75,33.333333333333336
2025-11-03,1,11,false,Deluxe,2,12,2,2,0,430.95,861.90,230.50,16.666666666666668
2025-11-03,1,11,false,Family,3,8,2,1,1,637.92,1275.84,153.67,25.0
2025-11-03,1,11,false,Executive,4,5,1,1,0,745.66,745.66,96.04,20.0
2025-11-03,1,11,false,Suite,5,5,0,0,1,760.00,0.00,96.04,0.0
2025-11-04,2,11,false,Standard,1,18,4,0,0,271.37,1085.49,0.00,22.22222222222222
2025-11-04,2,11,false,Deluxe,2,12,2,0,0,430.95,861.90,0.00,16.666666666666668
2025-11-04,2,11,false,Family,3,8,3,2,0,565.55,1696.64,0.00,37.5
2025-11-04,2,11,false,Executive,4,5,1,0,0,745.66,745.66,0.00,20.0
2025-11-04,2,11,false,Suite,5,5,0,0,0,760.00,0.00,0.00,0.0
2025-11-05,3,11,false,Standard,1,18,7,3,0,270.16,1891.15,0.00,38.888888888888886
2025-11-05,3,11,false,Deluxe,2,12,2,1,0,425.08,850.16,0.00,16.666666666666668
2025-11-05,3,11,false,Family,3,8,3,1,0,566.26,1698.77,0.00,37.5
2025-11-05,3,11,false,Executive,4,5,1,0,0,745.66,745.66,0.00,20.0
2025-11-05,3,11,false,Suite,5,5,0,0,0,760.00,0.00,0.00,0.0
2025-11-06,4,11,false,Standard,1,18,10,4,0,288.00,2879.97,4771.88,55.55555555555556
2025-11-06,4,11,false,Deluxe,2,12,2,1,0,457.75,915.50,3181.25,16.666666666666668
2025-11-06,4,11,false,Family,3,8,3,0,0,566.26,1698.77,2120.83,37.5
2025-11-06,4,11,false,Executive,4,5,1,0,0,745.66,745.66,1325.52,20.0
2025-11-06,4,11,false,Suite,5,5,0,0,0,760.00,0.00,1325.52,0.0
2025-11-07,5,11,true,Standard,1,18,6,0,0,294.67,1767.99,0.00,33.333333333333336
2025-11-07,5,11,true,Deluxe,2,12,0,0,0,330.00,0.00,0.00,0.0
2025-11-07,5,11,true,Family,3,8,4,2,0,633.87,2535.47,0.00,50.0
2025-11-07,5,11,true,Executive,4,5,1,0,0,745.66,745.66,0.00,20.0
2025-11-07,5,11,true,Suite,5,5,0,0,0,760.00,0.00,0.00,0.0
2025-11-08,6,11,true,Standard,1,18,6,1,0,304.73,1828.40,0.00,33.333333333333336
2025-11-08,6,11,true,Deluxe,2,12,0,0,0,330.00,0.00,0.00,0.0
2025-11-08,6,11,true,Family,3,8,3,0,0,607.05,1821.14,0.00,37.5
2025-11-08,6,11,true,Executive,4,5,0,0,0,540.00,0.00,0.00,0.0
2025-11-08,6,11,true,Suite,5,5,0,0,0,760.00,0.00,0.00,0.0
2025-11-09,7,11,false,Standard,1,18,3,0,0,323.85,971.55,1885.50,16.666666666666668
2025-11-09,7,11,false,Deluxe,2,12,1,1,0,424.31,424.31,1257.00,8.333333333333334
2025-11-09,7,11,false,Family,3,8,1,0,0,694.96,694.96,838.00,12.5
2025-11-09,7,11,false,Executive,4,5,0,0,0,540.00,0.00,523.75,0.0
2025-11-09,7,11,false,Suite,5,5,0,0,0,760.00,0.00,523.75,0.0
2025-11-10,1,11,false,Standard,1,18,2,0,0,332.38,664.76,0.00,11.11111111111111
2025-11-10,1,11,false,Deluxe,2,12,4,3,0,432.29,1729.16,0.00,33.333333333333336
2025-11-10,1,11,false,Family,3,8,1,0,0,694.96,694.96,0.00,12.5
2025-11-10,1,11,false,Executive,4,5,2,2,0,747.12,1494.23,0.00,40.0
2025-11-10,1,11,false,Suite,5,5,0,0,0,760.00,0.00,0.00,0.0
2025-11-11,2,11,false,Standard,1,18,1,0,0,340.59,340.59,0.00,5.555555555555555
2025-11-11,2,11,false,Deluxe,2,12,4,1,0,429.66,1718.62,0.00,33.333333333333336
2025-11-11,2,11,false,Family,3,8,0,0,0,430.00,0.00,0.00,0.0
2025-11-11,2,11,false,Executive,4,5,4,2,0,754.37,3017.48,0.00,80.0
2025-11-11,2,11,false,Suite,5,5,0,0,0,760.00,0.00,0.00,0.0
2025-11-12,3,11,false,Standard,1,18,0,0,0,220.00,0.00,0.00,0.0
2025-11-12,3,11,false,Deluxe,2,12,3,0,0,431.44,1294.31,0.00,25.0
2025-11-12,3,11,false,Family,3,8,0,0,0,430.00,0.00,0.00,0.0
2025-11-12,3,11,false,Executive,4,5,4,1,0,755.46,3021.82,0.00,80.0
2025-11-12,3,11,false,Suite,5,5,0,0,0,760.00,0.00,0.00,0.0
2025-11-13,4,11,false,Standard,1,18,2,2,1,319.49,638.98,344.25,11.11111111111111
2025-11-13,4,11,false,Deluxe,2,12,2,0,0,424.78,849.56,229.50,16.666666666666668
2025-11-13,4,11,false,Family,3,8,2,2,0,640.51,1281.02,153.00,25.0
2025-11-13,4,11,false,Executive,4,5,4,0,0,755.46,3021.82,95.63,80.0
2025-11-13,4,11,false,Suite,5,5,1,1,0,1277.29,1277.29,95.63,20.0
2025-11-14,5,11,true,Standard,1,18,4,2,0,332.93,1331.72,0.00,22.22222222222222
2025-11-14,5,11,true,Deluxe,2,12,1,0,0,423.93,423.93,0.00,8.333333333333334
2025-11-14,5,11,true,Family,3,8,1,0,0,659.67,659.67,0.00,12.5
2025-11-14,5,11,true,Executive,4,5,3,1,0,812.42,2437.25,0.00,60.0
2025-11-14,5,11,true,Suite,5,5,1,0,0,1277.29,1277.29,0.00,20.0
2025-11-15,6,11,true,Standard,1,18,4,3,0,330.02,1320.08,448.88,22.22222222222222
2025-11-15,6,11,true,Deluxe,2,12,2,2,0,534.80,1069.59,299.25,16.666666666666668
2025-11-15,6,11,true,Family,3,8,1,0,0,659.67,659.67,199.50,12.5
2025-11-15,6,11,true,Executive,4,5,2,0,0,849.52,1699.03,124.69,40.0
2025-11-15,6,11,true,Suite,5,5,2,1,0,1367.57,2735.14,124.69,40.0
2025-11-16,7,11,false,Standard,1,18,5,2,0,312.14,1560.68,1125.38,27.77777777777778
2025-11-16,7,11,false,Deluxe,2,12,2,2,0,435.48,870.96,750.25,16.666666666666668
2025-11-16,7,11,false,Family,3,8,3,2,0,596.46,1789.38,500.17,37.5
2025-11-16,7,11,false,Executive,4,5,2,0,0,849.52,1699.03,312.60,40.0
2025-11-16,7,11,false,Suite,5,5,2,0,0,1367.57,2735.14,312.60,40.0
2025-11-17,1,11,false,Standard,1,18,5,0,0,312.14,1560.68,425.25,27.77777777777778
2025-11-17,1,11,false,Deluxe,2,12,2,1,0,433.51,867.01,283.50,16.666666666666668
2025-11-17,1,11,false,Family,3,8,2,0,0,564.86,1129.71,189.00,25.0
2025-11-17,1,11,false,Executive,4,5,2,1,0,840.59,1681.17,118.13,40.0
2025-11-17,1,11,false,Suite,5,5,1,0,0,1457.85,1457.85,118.13,20.0
2025-11-18,2,11,false,Standard,1,18,5,0,0,312.14,1560.68,0.00,27.77777777777778
2025-11-18,2,11,false,Deluxe,2,12,2,0,0,433.51,867.01,0.00,16.666666666666668
2025-11-18,2,11,false,Family,3,8,2,0,0,564.86,1129.71,0.00,25.0
2025-11-18,2,11,false,Executive,4,5,1,0,0,745.25,745.25,0.00,20.0
2025-11-18,2,11,false,Suite,5,5,0,0,0,760.00,0.00,0.00,0.0
2025-11-19,3,11,false,Standard,1,18,2,1,0,289.80,579.59,938.63,11.11111111111111
2025-11-19,3,11,false,Deluxe,2,12,2,0,0,433.51,867.01,625.75,16.666666666666668
2025-11-19,3,11,false,Family,3,8,2,0,0,564.86,1129.71,417.17,25.0
2025-11-19,3,11,false,Executive,4,5,1,1,0,781.00,781.00,260.73,20.0
2025-11-19,3,11,false,Suite,5,5,0,0,0,760.00,0.00,260.73,0.0
2025-11-20,4,11,false,Standard,1,18,2,1,0,281.57,563.14,0.00,11.11111111111111
2025-11-20,4,11,false,Deluxe,2,12,1,0,0,422.72,422.72,0.00,8.333333333333334
2025-11-20,4,11,false,Family,3,8,1,0,0,545.93,545.93,0.00,12.5
2025-11-20,4,11,false,Executive,4,5,1,0,0,781.00,781.00,0.00,20.0
2025-11-20,4,11,false,Suite,5,5,0,0,0,760.00,0.00,0.00,0.0
2025-11-21,5,11,true,Standard,1,18,3,3,0,345.41,1036.22,0.00,16.666666666666668
2025-11-21,5,11,true,Deluxe,2,12,1,1,0,540.50,540.50,0.00,8.333333333333334
2025-11-21,5,11,true,Family,3,8,0,0,1,430.00,0.00,0.00,0.0
2025-11-21,5,11,true,Executive,4,5,0,0,0,540.00,0.00,0.00,0.0
2025-11-21,5,11,true,Suite,5,5,0,0,0,760.00,0.00,0.00,0.0
2025-11-22,6,11,true,Standard,1,18,2,0,0,349.53,699.05,0.00,11.11111111111111
2025-11-22,6,11,true,Deluxe,2,12,2,1,0,534.15,1068.29,0.00,16.666666666666668
2025-11-22,6,11,true,Family,3,8,0,0,0,430.00,0.00,0.00,0.0
2025-11-22,6,11,true,Executive,4,5,1,1,0,913.48,913.48,0.00,20.0
2025-11-22,6,11,true,Suite,5,5,0,0,0,760.00,0.00,0.00,0.0
2025-11-23,7,11,false,Standard,1,18,2,0,0,349.53,699.05,486.75,11.11111111111111
2025-11-23,7,11,false,Deluxe,2,12,3,1,0,497.99,1493.97,324.50,25.0
2025-11-23,7,11,false,Family,3,8,0,0,0,430.00,0.00,216.33,0.0
2025-11-23,7,11,false,Executive,4,5,0,0,0,540.00,0.00,135.21,0.0
2025-11-23,7,11,false,Suite,5,5,0,0,0,760.00,0.00,135.21,0.0
2025-11-24,1,11,false,Standard,1,18,2,0,0,349.53,699.05,7312.88,11.11111111111111
2025-11-24,1,11,false,Deluxe,2,12,4,1,0,477.92,1911.66,4875.25,33.333333333333336
2025-11-24,1,11,false,Family,3,8,0,0,0,430.00,0.00,3250.17,0.0
2025-11-24,1,11,false,Executive,4,5,0,0,0,540.00,0.00,2031.35,0.0
2025-11-24,1,11,false,Suite,5,5,0,0,0,760.00,0.00,2031.35,0.0
2025-11-25,2,11,false,Standard,1,18,3,1,0,328.80,986.41,0.00,16.666666666666668
2025-11-25,2,11,false,Deluxe,2,12,3,0,0,457.05,1371.16,0.00,25.0
2025-11-25,2,11,false,Family,3,8,1,1,0,566.06,566.06,0.00,12.5
2025-11-25,2,11,false,Executive,4,5,0,0,0,540.00,0.00,0.00,0.0
2025-11-25,2,11,false,Suite,5,5,0,0,0,760.00,0.00,0.00,0.0
2025-11-26,3,11,false,Standard,1,18,3,2,0,277.06,831.17,248.25,16.666666666666668
2025-11-26,3,11,false,Deluxe,2,12,1,1,0,437.26,437.26,165.50,8.333333333333334
2025-11-26,3,11,false,Family,3,8,1,0,0,566.06,566.06,110.33,12.5
2025-11-26,3,11,false,Executive,4,5,0,0,0,540.00,0.00,68.96,0.0
2025-11-26,3,11,false,Suite,5,5,0,0,0,760.00,0.00,68.96,0.0
2025-11-27,4,11,false,Standard,1,18,3,0,0,277.06,831.17,8699.63,16.666666666666668
2025-11-27,4,11,false,Deluxe,2,12,1,0,0,437.26,437.26,5799.75,8.333333333333334
2025-11-27,4,11,false,Family,3,8,3,2,0,626.75,1880.24,3866.50,37.5
2025-11-27,4,11,false,Executive,4,5,1,1,0,850.76,850.76,2416.56,20.0
2025-11-27,4,11,false,Suite,5,5,0,0,0,760.00,0.00,2416.56,0.0
2025-11-28,5,11,true,Standard,1,18,4,1,0,292.99,1171.96,0.00,22.22222222222222
2025-11-28,5,11,true,Deluxe,2,12,0,0,0,330.00,0.00,0.00,0.0
2025-11-28,5,11,true,Family,3,8,4,1,0,654.22,2616.88,0.00,50.0
2025-11-28,5,11,true,Executive,4,5,1,0,0,850.76,850.76,0.00,20.0
2025-11-28,5,11,true,Suite,5,5,0,0,0,760.00,0.00,0.00,0.0
2025-11-29,6,11,true,Standard,1,18,1,0,0,340.79,340.79,0.00,5.555555555555555
2025-11-29,6,11,true,Deluxe,2,12,1,1,0,512.42,512.42,0.00,8.333333333333334
2025-11-29,6,11,true,Family,3,8,2,0,1,657.09,1314.18,0.00,25.0
2025-11-29,6,11,true,Executive,4,5,2,1,0,912.32,1824.63,0.00,40.0
2025-11-29,6,11,true,Suite,5,5,1,1,0,1328.15,1328.15,0.00,20.0
2025-11-30,7,11,false,Standard,1,18,3,2,0,290.66,871.99,346.88,16.666666666666668
2025-11-30,7,11,false,Deluxe,2,12,2,1,0,470.89,941.78,231.25,16.666666666666668
2025-11-30,7,11,false,Family,3,8,2,1,0,617.92,1235.83,154.17,25.0
2025-11-30,7,11,false,Executive,4,5,3,1,0,862.10,2586.30,96.35,60.0
2025-11-30,7,11,false,Suite,5,5,0,0,0,760.00,0.00,96.35,0.0
2025-12-01,1,12,false,Standard,1,18,2,0,0,265.60,531.20,0.00,11.11111111111111
2025-12-01,1,12,false,Deluxe,2,12,3,1,0,482.89,1448.68,0.00,25.0
2025-12-01,1,12,false,Family,3,8,1,0,0,559.46,559.46,0.00,12.5
2025-12-01,1,12,false,Executive,4,5,2,0,0,867.77,1735.54,0.00,40.0
2025-12-01,1,12,false,Suite,5,5,0,0,0,760.00,0.00,0.00,0.0
2025-12-02,2,12,false,Standard,1,18,1,0,1,273.01,273.01,0.00,5.555555555555555
2025-12-02,2,12,false,Deluxe,2,12,5,2,1,490.12,2450.60,0.00,41.666666666666664
2025-12-02,2,12,false,Family,3,8,1,0,0,559.46,559.46,0.00,12.5
2025-12-02,2,12,false,Executive,4,5,2,0,0,867.77,1735.54,0.00,40.0
2025-12-02,2,12,false,Suite,5,5,0,0,0,760.00,0.00,0.00,0.0
2025-12-03,3,12,false,Standard,1,18,3,2,0,295.88,887.65,0.00,16.666666666666668
2025-12-03,3,12,false,Deluxe,2,12,3,0,0,482.89,1448.68,0.00,25.0
2025-12-03,3,12,false,Family,3,8,1,0,0,559.46,559.46,0.00,12.5
2025-12-03,3,12,false,Executive,4,5,1,0,0,761.67,761.67,0.00,20.0
2025-12-03,3,12,false,Suite,5,5,0,0,0,760.00,0.00,0.00,0.0
2025-12-04,4,12,false,Standard,1,18,3,1,0,313.37,940.11,0.00,16.666666666666668
2025-12-04,4,12,false,Deluxe,2,12,2,0,0,468.13,936.26,0.00,16.666666666666668
2025-12-04,4,12,false,Family,3,8,1,0,0,559.46,559.46,0.00,12.5
2025-12-04,4,12,false,Executive,4,5,1,0,1,761.67,761.67,0.00,20.0
2025-12-04,4,12,false,Suite,5,5,0,0,0,760.00,0.00,0.00,0.0
2025-12-05,5,12,true,Standard,1,18,2,0,0,333.55,667.10,0.00,11.11111111111111
2025-12-05,5,12,true,Deluxe,2,12,1,1,0,611.44,611.44,0.00,8.333333333333334
2025-12-05,5,12,true,Family,3,8,1,1,0,863.58,863.58,0.00,12.5
2025-12-05,5,12,true,Executive,4,5,1,1,0,1080.69,1080.69,0.00,20.0
2025-12-05,5,12,true,Suite,5,5,0,0,0,760.00,0.00,0.00,0.0
2025-12-06,6,12,true,Standard,1,18,3,1,0,355.30,1065.89,0.00,16.666666666666668
2025-12-06,6,12,true,Deluxe,2,12,2,1,0,604.61,1209.22,0.00,16.666666666666668
2025-12-06,6,12,true,Family,3,8,1,0,0,863.58,863.58,0.00,12.5
2025-12-06,6,12,true,Executive,4,5,1,0,0,1080.69,1080.69,0.00,20.0
2025-12-06,6,12,true,Suite,5,5,0,0,0,760.00,0.00,0.00,0.0
2025-12-07,7,12,false,Standard,1,18,4,2,0,345.76,1383.05,2575.13,22.22222222222222
2025-12-07,7,12,false,Deluxe,2,12,2,0,0,604.61,1209.22,1716.75,16.666666666666668
2025-12-07,7,12,false,Family,3,8,1,0,0,863.58,863.58,1144.50,12.5
2025-12-07,7,12,false,Executive,4,5,3,2,0,932.51,2797.54,715.31,60.0
2025-12-07,7,12,false,Suite,5,5,0,0,0,760.00,0.00,715.31,0.0
2025-12-08,1,12,false,Standard,1,18,5,2,0,337.92,1689.62,0.00,27.77777777777778
2025-12-08,1,12,false,Deluxe,2,12,4,2,0,551.99,2207.97,0.00,33.333333333333336
2025-12-08,1,12,false,Family,3,8,1,0,0,863.58,863.58,0.00,12.5
2025-12-08,1,12,false,Executive,4,5,3,0,0,932.51,2797.54,0.00,60.0
2025-12-08,1,12,false,Suite,5,5,1,1,0,1240.90,1240.90,0.00,20.0
2025-12-09,2,12,false,Standard,1,18,4,0,0,333.87,1335.46,1225.13,22.22222222222222
2025-12-09,2,12,false,Deluxe,2,12,5,1,0,536.12,2680.58,816.75,41.666666666666664
2025-12-09,2,12,false,Family,3,8,1,0,0,863.58,863.58,544.50,12.5
2025-12-09,2,12,false,Executive,4,5,2,1,0,845.20,1690.40,340.31,40.0
2025-12-09,2,12,false,Suite,5,5,2,1,0,1247.99,2495.97,340.31,40.0
2025-12-10,3,12,false,Standard,1,18,2,1,0,357.14,714.27,1166.63,11.11111111111111
2025-12-10,3,12,false,Deluxe,2,12,2,1,0,496.23,992.45,777.75,16.666666666666668
2025-12-10,3,12,false,Family,3,8,0,0,0,430.00,0.00,518.50,0.0
2025-12-10,3,12,false,Executive,4,5,1,0,0,827.52,827.52,324.06,20.0
2025-12-10,3,12,false,Suite,5,5,2,1,0,1263.92,2527.84,324.06,40.0
2025-12-11,4,12,false,Standard,1,18,1,0,0,315.48,315.48,0.00,5.555555555555555
2025-12-11,4,12,false,Deluxe,2,12,2,0,0,496.23,992.45,0.00,16.666666666666668
2025-12-11,4,12,false,Family,3,8,0,0,0,430.00,0.00,0.00,0.0
2025-12-11,4,12,false,Executive,4,5,2,1,0,924.90,1849.79,0.00,40.0
2025-12-11,4,12,false,Suite,5,5,2,0,0,1263.92,2527.84,0.00,40.0
2025-12-12,5,12,true,Standard,1,18,1,0,0,315.48,315.48,0.00,5.555555555555555
2025-12-12,5,12,true,Deluxe,2,12,2,0,0,496.23,992.45,0.00,16.666666666666668
2025-12-12,5,12,true,Family,3,8,0,0,0,430.00,0.00,0.00,0.0
2025-12-12,5,12,true,Executive,4,5,1,0,0,1022.27,1022.27,0.00,20.0
2025-12-12,5,12,true,Suite,5,5,3,2,0,1489.34,4468.02,0.00,60.0
2025-12-13,6,12,true,Standard,1,18,1,0,0,315.48,315.48,2156.25,5.555555555555555
2025-12-13,6,12,true,Deluxe,2,12,0,0,1,330.00,0.00,1437.50,0.0
2025-12-13,6,12,true,Family,3,8,0,0,0,430.00,0.00,958.33,0.0
2025-12-13,6,12,true,Executive,4,5,2,1,0,1053.84,2107.67,598.96,40.0
2025-12-13,6,12,true,Suite,5,5,5,2,0,1558.97,7794.86,598.96,100.0
2025-12-14,7,12,false,Standard,1,18,0,0,1,220.00,0.00,0.00,0.0
2025-12-14,7,12,false,Deluxe,2,12,0,0,0,330.00,0.00,0.00,0.0
2025-12-14,7,12,false,Family,3,8,1,1,0,666.57,666.57,0.00,12.5
2025-12-14,7,12,false,Executive,4,5,2,0,0,1053.84,2107.67,0.00,40.0
2025-12-14,7,12,false,Suite,5,5,4,0,0,1634.95,6539.79,0.00,80.0
2025-12-15,1,12,false,Standard,1,18,1,1,0,320.18,320.18,0.00,5.555555555555555
2025-12-15,1,12,false,Deluxe,2,12,1,1,1,500.34,500.34,0.00,8.333333333333334
2025-12-15,1,12,false,Family,3,8,1,0,0,666.57,666.57,0.00,12.5
2025-12-15,1,12,false,Executive,4,5,1,1,0,881.26,881.26,0.00,20.0
2025-12-15,1,12,false,Suite,5,5,3,0,0,1669.40,5008.21,0.00,60.0
2025-12-16,2,12,false,Standard,1,18,2,1,0,320.86,641.71,0.00,11.11111111111111
2025-12-16,2,12,false,Deluxe,2,12,1,1,0,478.51,478.51,0.00,8.333333333333334
2025-12-16,2,12,false,Family,3,8,0,0,0,430.00,0.00,0.00,0.0
2025-12-16,2,12,false,Executive,4,5,1,0,0,881.26,881.26,0.00,20.0
2025-12-16,2,12,false,Suite,5,5,4,1,1,1562.72,6250.88,0.00,80.0
2025-12-17,3,12,false,Standard,1,18,3,1,0,323.11,969.32,561.75,16.666666666666668
2025-12-17,3,12,false,Deluxe,2,12,1,0,0,478.51,478.51,374.50,8.333333333333334
2025-12-17,3,12,false,Family,3,8,2,2,0,692.32,1384.64,249.67,25.0
2025-12-17,3,12,false,Executive,4,5,1,0,1,881.26,881.26,156.04,20.0
2025-12-17,3,12,false,Suite,5,5,1,0,0,1242.67,1242.67,156.04,20.0
2025-12-18,4,12,false,Standard,1,18,1,0,0,320.18,320.18,0.00,5.555555555555555
2025-12-18,4,12,false,Deluxe,2,12,0,0,0,330.00,0.00,0.00,0.0
2025-12-18,4,12,false,Family,3,8,1,0,0,701.75,701.75,0.00,12.5
2025-12-18,4,12,false,Executive,4,5,1,0,0,881.26,881.26,0.00,20.0
2025-12-18,4,12,false,Suite,5,5,2,1,0,1372.65,2745.30,0.00,40.0
2025-12-19,5,12,true,Standard,1,18,1,1,0,398.14,398.14,935.63,5.555555555555555
2025-12-19,5,12,true,Deluxe,2,12,3,3,0,634.21,1902.64,623.75,25.0
2025-12-19,5,12,true,Family,3,8,1,0,0,701.75,701.75,415.83,12.5
2025-12-19,5,12,true,Executive,4,5,0,0,0,540.00,0.00,259.90,0.0
2025-12-19,5,12,true,Suite,5,5,2,0,0,1372.65,2745.30,259.90,40.0
2025-12-20,6,12,true,Standard,1,18,2,1,0,400.33,800.65,310.88,11.11111111111111
2025-12-20,6,12,true,Deluxe,2,12,2,1,0,649.07,1298.14,207.25,16.666666666666668
2025-12-20,6,12,true,Family,3,8,3,2,0,790.69,2372.08,138.17,37.5
2025-12-20,6,12,true,Executive,4,5,0,0,0,540.00,0.00,86.35,0.0
2025-12-20,6,12,true,Suite,5,5,2,1,0,1603.98,3207.95,86.35,40.0
2025-12-21,7,12,false,Standard,1,18,2,1,1,353.12,706.24,0.00,11.11111111111111
2025-12-21,7,12,false,Deluxe,2,12,2,0,0,649.07,1298.14,0.00,16.666666666666668
2025-12-21,7,12,false,Family,3,8,3,1,0,783.03,2349.10,0.00,37.5
2025-12-21,7,12,false,Executive,4,5,2,2,0,857.51,1715.02,0.00,40.0
2025-12-21,7,12,false,Suite,5,5,2,0,0,1603.98,3207.95,0.00,40.0
2025-12-22,1,12,false,Standard,1,18,2,0,0,353.12,706.24,0.00,11.11111111111111
2025-12-22,1,12,false,Deluxe,2,12,2,0,0,649.07,1298.14,0.00,16.666666666666668
2025-12-22,1,12,false,Family,3,8,2,0,1,766.88,1533.75,0.00,25.0
2025-12-22,1,12,false,Executive,4,5,2,0,0,857.51,1715.02,0.00,40.0
2025-12-22,1,12,false,Suite,5,5,2,1,0,1479.36,2958.72,0.00,40.0
2025-12-23,2,12,false,Standard,1,18,1,1,0,313.08,313.08,9708.00,5.555555555555555
2025-12-23,2,12,false,Deluxe,2,12,2,1,0,569.49,1138.97,6472.00,16.666666666666668
2025-12-23,2,12,false,Family,3,8,0,0,0,430.00,0.00,4314.67,0.0
2025-12-23,2,12,false,Executive,4,5,2,1,0,871.36,1742.71,2696.67,40.0
2025-12-23,2,12,false,Suite,5,5,1,0,0,1705.32,1705.32,2696.67,20.0
2025-12-24,3,12,false,Standard,1,18,1,0,0,313.08,313.08,0.00,5.555555555555555
2025-12-24,3,12,false,Deluxe,2,12,2,0,0,569.49,1138.97,0.00,16.666666666666668
2025-12-24,3,12,false,Family,3,8,1,1,0,640.16,640.16,0.00,12.5
2025-12-24,3,12,false,Executive,4,5,2,0,0,871.36,1742.71,0.00,40.0
2025-12-24,3,12,false,Suite,5,5,0,0,0,760.00,0.00,0.00,0.0
2025-12-25,4,12,false,Standard,1,18,4,3,0,353.25,1412.98,8224.13,22.22222222222222
2025-12-25,4,12,false,Deluxe,2,12,3,2,0,544.87,1634.61,5482.75,25.0
2025-12-25,4,12,false,Family,3,8,4,3,0,728.92,2915.67,3655.17,50.0
2025-12-25,4,12,false,Executive,4,5,0,0,0,540.00,0.00,2284.48,0.0
2025-12-25,4,12,false,Suite,5,5,0,0,0,760.00,0.00,2284.48,0.0
2025-12-26,5,12,true,Standard,1,18,5,2,0,361.17,1805.86,371.25,27.77777777777778
2025-12-26,5,12,true,Deluxe,2,12,3,0,0,544.87,1634.61,247.50,25.0
2025-12-26,5,12,true,Family,3,8,3,0,0,758.50,2275.51,165.00,37.5
2025-12-26,5,12,true,Executive,4,5,2,2,0,1086.27,2172.54,103.13,40.0
2025-12-26,5,12,true,Suite,5,5,0,0,0,760.00,0.00,103.13,0.0
2025-12-27,6,12,true,Standard,1,18,4,1,0,382.13,1528.53,0.00,22.22222222222222
2025-12-27,6,12,true,Deluxe,2,12,0,0,0,330.00,0.00,0.00,0.0
2025-12-27,6,12,true,Family,3,8,3,1,0,781.22,2343.67,0.00,37.5
2025-12-27,6,12,true,Executive,4,5,2,0,0,1086.27,2172.54,0.00,40.0
2025-12-27,6,12,true,Suite,5,5,1,1,0,1616.53,1616.53,0.00,20.0
2025-12-28,7,12,false,Standard,1,18,2,0,0,380.23,760.45,0.00,11.11111111111111
2025-12-28,7,12,false,Deluxe,2,12,1,1,0,519.33,519.33,0.00,8.333333333333334
2025-12-28,7,12,false,Family,3,8,2,1,0,758.25,1516.50,0.00,25.0
2025-12-28,7,12,false,Executive,4,5,1,0,0,1087.66,1087.66,0.00,20.0
2025-12-28,7,12,false,Suite,5,5,1,0,0,1616.53,1616.53,0.00,20.0
2025-12-29,1,12,false,Standard,1,18,0,0,0,220.00,0.00,0.00,0.0
2025-12-29,1,12,false,Deluxe,2,12,2,1,0,497.56,995.12,0.00,16.666666666666668
2025-12-29,1,12,false,Family,3,8,3,1,0,736.20,2208.60,0.00,37.5
2025-12-29,1,12,false,Executive,4,5,1,0,0,1087.66,1087.66,0.00,20.0
2025-12-29,1,12,false,Suite,5,5,2,1,0,1431.73,2863.46,0.00,40.0
2025-12-30,2,12,false,Standard,1,18,0,0,0,220.00,0.00,0.00,0.0
2025-12-30,2,12,false,Deluxe,2,12,2,0,0,497.56,995.12,0.00,16.666666666666668
2025-12-30,2,12,false,Family,3,8,4,1,0,724.24,2896.95,0.00,50.0
2025-12-30,2,12,false,Executive,4,5,2,1,0,958.99,1917.98,0.00,40.0
2025-12-30,2,12,false,Suite,5,5,0,0,0,760.00,0.00,0.00,0.0
2025-12-31,3,12,false,Standard,1,18,0,0,0,220.00,0.00,0.00,0.0
2025-12-31,3,12,false,Deluxe,2,12,2,0,0,497.56,995.12,0.00,16.666666666666668
2025-12-31,3,12,false,Family,3,8,3,0,0,688.73,2066.19,0.00,37.5
2025-12-31,3,12,false,Executive,4,5,1,1,0,880.34,880.34,0.00,20.0
2025-12-31,3,12,false,Suite,5,5,0,0,0,760.00,0.00,0.00,0.0
2026-01-01,4,1,false,Standard,1,18,0,0,0,220.00,0.00,0.00,0.0
2026-01-01,4,1,false,Deluxe,2,12,4,2,0,537.47,2149.89,0.00,33.333333333333336
2026-01-01,4,1,false,Family,3,8,3,1,0,714.83,2144.50,0.00,37.5
2026-01-01,4,1,false,Executive,4,5,2,1,0,930.67,1861.33,0.00,40.0
2026-01-01,4,1,false,Suite,5,5,1,1,0,1521.14,1521.14,0.00,20.0
2026-01-02,5,1,true,Standard,1,18,2,2,0,391.99,783.98,0.00,11.11111111111111
2026-01-02,5,1,true,Deluxe,2,12,3,0,0,543.52,1630.56,0.00,25.0
2026-01-02,5,1,true,Family,3,8,4,3,0,811.65,3246.60,0.00,50.0
2026-01-02,5,1,true,Executive,4,5,2,0,0,930.67,1861.33,0.00,40.0
2026-01-02,5,1,true,Suite,5,5,1,0,0,1521.14,1521.14,0.00,20.0
2026-01-03,6,1,true,Standard,1,18,3,1,0,390.76,1172.29,0.00,16.666666666666668
2026-01-03,6,1,true,Deluxe,2,12,1,0,0,587.04,587.04,0.00,8.333333333333334
2026-01-03,6,1,true,Family,3,8,2,0,0,856.16,1712.32,0.00,25.0
2026-01-03,6,1,true,Executive,4,5,1,1,0,1145.46,1145.46,0.00,20.0
2026-01-03,6,1,true,Suite,5,5,0,0,0,760.00,0.00,0.00,0.0
2026-01-04,7,1,false,Standard,1,18,2,0,0,391.99,783.98,3904.88,11.11111111111111
2026-01-04,7,1,false,Deluxe,2,12,0,0,0,330.00,0.00,2603.25,0.0
2026-01-04,7,1,false,Family,3,8,1,0,0,852.99,852.99,1735.50,12.5
2026-01-04,7,1,false,Executive,4,5,2,1,0,1016.91,2033.81,1084.69,40.0
2026-01-04,7,1,false,Suite,5,5,0,0,0,760.00,0.00,1084.69,0.0
2026-01-05,1,1,false,Standard,1,18,2,1,0,348.51,697.02,0.00,11.11111111111111
2026-01-05,1,1,false,Deluxe,2,12,0,0,0,330.00,0.00,0.00,0.0
2026-01-05,1,1,false,Family,3,8,2,1,0,759.82,1519.63,0.00,25.0
2026-01-05,1,1,false,Executive,4,5,2,0,0,1016.91,2033.81,0.00,40.0
2026-01-05,1,1,false,Suite,5,5,0,0,0,760.00,0.00,0.00,0.0
2026-01-06,2,1,false,Standard,1,18,4,2,0,331.52,1326.09,0.00,22.22222222222222
2026-01-06,2,1,false,Deluxe,2,12,1,1,0,496.78,496.78,0.00,8.333333333333334
2026-01-06,2,1,false,Family,3,8,2,0,0,759.82,1519.63,0.00,25.0
2026-01-06,2,1,false,Executive,4,5,1,0,0,888.35,888.35,0.00,20.0
2026-01-06,2,1,false,Suite,5,5,0,0,0,760.00,0.00,0.00,0.0
2026-01-07,3,1,false,Standard,1,18,5,2,0,315.90,1579.49,0.00,27.77777777777778
2026-01-07,3,1,false,Deluxe,2,12,2,2,0,496.18,992.35,0.00,16.666666666666668
2026-01-07,3,1,false,Family,3,8,1,0,0,666.64,666.64,0.00,12.5
2026-01-07,3,1,false,Executive,4,5,3,2,0,876.88,2630.63,0.00,60.0
2026-01-07,3,1,false,Suite,5,5,0,0,0,760.00,0.00,0.00,0.0
2026-01-08,4,1,false,Standard,1,18,5,1,0,321.76,1608.80,732.75,27.77777777777778
2026-01-08,4,1,false,Deluxe,2,12,2,1,0,531.35,1062.69,488.50,16.666666666666668
2026-01-08,4,1,false,Family,3,8,1,0,0,666.64,666.64,325.67,12.5
2026-01-08,4,1,false,Executive,4,5,3,0,0,876.88,2630.63,203.54,60.0
2026-01-08,4,1,false,Suite,5,5,0,0,0,760.00,0.00,203.54,0.0
2026-01-09,5,1,true,Standard,1,18,3,0,0,321.58,964.73,910.13,16.666666666666668
2026-01-09,5,1,true,Deluxe,2,12,2,0,0,531.35,1062.69,606.75,16.666666666666668
2026-01-09,5,1,true,Family,3,8,2,2,0,833.47,1666.94,404.50,25.0
2026-01-09,5,1,true,Executive,4,5,2,0,0,871.14,1742.28,252.81,40.0
2026-01-09,5,1,true,Suite,5,5,0,0,0,760.00,0.00,252.81,0.0
2026-01-10,6,1,true,Standard,1,18,2,2,0,409.58,819.15,2609.25,11.11111111111111
2026-01-10,6,1,true,Deluxe,2,12,1,0,0,577.03,577.03,1739.50,8.333333333333334
2026-01-10,6,1,true,Family,3,8,2,0,0,833.47,1666.94,1159.67,25.0
2026-01-10,6,1,true,Executive,4,5,3,1,0,954.02,2862.05,724.79,60.0
2026-01-10,6,1,true,Suite,5,5,0,0,0,760.00,0.00,724.79,0.0
2026-01-11,7,1,false,Standard,1,18,3,1,0,375.98,1127.93,0.00,16.666666666666668
2026-01-11,7,1,false,Deluxe,2,12,2,1,0,539.82,1079.64,0.00,16.666666666666668
2026-01-11,7,1,false,Family,3,8,1,0,0,823.69,823.69,0.00,12.5
2026-01-11,7,1,false,Executive,4,5,3,0,0,954.02,2862.05,0.00,60.0
2026-01-11,7,1,false,Suite,5,5,1,1,0,1337.41,1337.41,0.00,20.0
2026-01-12,1,1,false,Standard,1,18,2,0,0,357.82,715.64,1867.88,11.11111111111111
2026-01-12,1,1,false,Deluxe,2,12,1,0,0,502.61,502.61,1245.25,8.333333333333334
2026-01-12,1,1,false,Family,3,8,0,0,0,430.00,0.00,830.17,0.0
2026-01-12,1,1,false,Executive,4,5,1,0,0,1119.77,1119.77,518.85,20.0
2026-01-12,1,1,false,Suite,5,5,1,0,0,1337.41,1337.41,518.85,20.0
2026-01-13,2,1,false,Standard,1,18,3,1,0,343.41,1030.22,0.00,16.666666666666668
2026-01-13,2,1,false,Deluxe,2,12,1,0,0,502.61,502.61,0.00,8.333333333333334
2026-01-13,2,1,false,Family,3,8,0,0,0,430.00,0.00,0.00,0.0
2026-01-13,2,1,false,Executive,4,5,1,0,0,1119.77,1119.77,0.00,20.0
2026-01-13,2,1,false,Suite,5,5,1,0,0,1337.41,1337.41,0.00,20.0
2026-01-14,3,1,false,Standard,1,18,3,0,0,343.41,1030.22,0.00,16.666666666666668
2026-01-14,3,1,false,Deluxe,2,12,0,0,0,330.00,0.00,0.00,0.0
2026-01-14,3,1,false,Family,3,8,0,0,0,430.00,0.00,0.00,0.0
2026-01-14,3,1,false,Executive,4,5,1,0,0,1119.77,1119.77,0.00,20.0
2026-01-14,3,1,false,Suite,5,5,1,1,0,1256.26,1256.26,0.00,20.0
2026-01-15,4,1,false,Standard,1,18,2,0,0,311.68,623.36,0.00,11.11111111111111
2026-01-15,4,1,false,Deluxe,2,12,0,0,0,330.00,0.00,0.00,0.0
2026-01-15,4,1,false,Family,3,8,0,0,1,430.00,0.00,0.00,0.0
2026-01-15,4,1,false,Executive,4,5,0,0,1,540.00,0.00,0.00,0.0
2026-01-15,4,1,false,Suite,5,5,2,1,0,1410.01,2820.01,0.00,40.0
2026-01-16,5,1,true,Standard,1,18,0,0,0,220.00,0.00,259.13,0.0
2026-01-16,5,1,true,Deluxe,2,12,2,2,0,646.30,1292.60,172.75,16.666666666666668
2026-01-16,5,1,true,Family,3,8,0,0,0,430.00,0.00,115.17,0.0
2026-01-16,5,1,true,Executive,4,5,1,1,0,1052.14,1052.14,71.98,20.0
2026-01-16,5,1,true,Suite,5,5,2,0,0,1410.01,2820.01,71.98,40.0
2026-01-17,6,1,true,Standard,1,18,2,2,0,397.36,794.71,0.00,11.11111111111111
2026-01-17,6,1,true,Deluxe,2,12,1,0,0,643.87,643.87,0.00,8.333333333333334
2026-01-17,6,1,true,Family,3,8,0,0,0,430.00,0.00,0.00,0.0
2026-01-17,6,1,true,Executive,4,5,1,0,0,1052.14,1052.14,0.00,20.0
2026-01-17,6,1,true,Suite,5,5,1,0,0,1563.75,1563.75,0.00,20.0
2026-01-18,7,1,false,Standard,1,18,2,0,0,397.36,794.71,0.00,11.11111111111111
2026-01-18,7,1,false,Deluxe,2,12,0,0,0,330.00,0.00,0.00,0.0
2026-01-18,7,1,false,Family,3,8,0,0,0,430.00,0.00,0.00,0.0
2026-01-18,7,1,false,Executive,4,5,0,0,0,540.00,0.00,0.00,0.0
2026-01-18,7,1,false,Suite,5,5,1,0,0,1563.75,1563.75,0.00,20.0
2026-01-19,1,1,false,Standard,1,18,3,2,1,337.14,1011.41,1591.88,16.666666666666668
2026-01-19,1,1,false,Deluxe,2,12,1,1,0,503.53,503.53,1061.25,8.333333333333334
2026-01-19,1,1,false,Family,3,8,0,0,0,430.00,0.00,707.50,0.0
2026-01-19,1,1,false,Executive,4,5,0,0,0,540.00,0.00,442.19,0.0
2026-01-19,1,1,false,Suite,5,5,0,0,0,760.00,0.00,442.19,0.0
2026-01-20,2,1,false,Standard,1,18,2,0,0,345.67,691.34,0.00,11.11111111111111
2026-01-20,2,1,false,Deluxe,2,12,1,1,0,491.48,491.48,0.00,8.333333333333334
2026-01-20,2,1,false,Family,3,8,1,1,0,689.06,689.06,0.00,12.5
2026-01-20,2,1,false,Executive,4,5,0,0,0,540.00,0.00,0.00,0.0
2026-01-20,2,1,false,Suite,5,5,0,0,0,760.00,0.00,0.00,0.0
2026-01-21,3,1,false,Standard,1,18,4,3,0,309.80,1239.20,0.00,22.22222222222222
2026-01-21,3,1,false,Deluxe,2,12,3,2,0,503.84,1511.52,0.00,25.0
2026-01-21,3,1,false,Family,3,8,2,1,0,680.83,1361.65,0.00,25.0
2026-01-21,3,1,false,Executive,4,5,0,0,0,540.00,0.00,0.00,0.0
2026-01-21,3,1,false,Suite,5,5,0,0,0,760.00,0.00,0.00,0.0
2026-01-22,4,1,false,Standard,1,18,3,0,0,310.88,932.64,446.63,16.666666666666668
2026-01-22,4,1,false,Deluxe,2,12,3,0,0,503.84,1511.52,297.75,25.0
2026-01-22,4,1,false,Family,3,8,2,0,0,680.83,1361.65,198.50,25.0
2026-01-22,4,1,false,Executive,4,5,2,2,0,962.45,1924.89,124.06,40.0
2026-01-22,4,1,false,Suite,5,5,0,0,0,760.00,0.00,124.06,0.0
2026-01-23,5,1,true,Standard,1,18,2,0,0,317.02,634.04,273.00,11.11111111111111
2026-01-23,5,1,true,Deluxe,2,12,2,0,0,510.02,1020.04,182.00,16.666666666666668
2026-01-23,5,1,true,Family,3,8,2,0,0,680.83,1361.65,121.33,25.0
2026-01-23,5,1,true,Executive,4,5,1,0,0,955.83,955.83,75.83,20.0
2026-01-23,5,1,true,Suite,5,5,0,0,0,760.00,0.00,75.83,0.0
2026-01-24,6,1,true,Standard,1,18,2,0,0,317.02,634.04,0.00,11.11111111111111
2026-01-24,6,1,true,Deluxe,2,12,0,0,0,330.00,0.00,0.00,0.0
2026-01-24,6,1,true,Family,3,8,4,2,0,767.78,3071.10,0.00,50.0
2026-01-24,6,1,true,Executive,4,5,1,0,0,955.83,955.83,0.00,20.0
2026-01-24,6,1,true,Suite,5,5,1,1,0,1558.22,1558.22,0.00,20.0
2026-01-25,7,1,false,Standard,1,18,3,2,0,318.93,956.79,7711.50,16.666666666666668
2026-01-25,7,1,false,Deluxe,2,12,0,0,0,330.00,0.00,5141.00,0.0
2026-01-25,7,1,false,Family,3,8,2,0,0,854.73,1709.45,3427.33,25.0
2026-01-25,7,1,false,Executive,4,5,1,0,0,955.83,955.83,2142.08,20.0
2026-01-25,7,1,false,Suite,5,5,0,0,0,760.00,0.00,2142.08,0.0
2026-01-26,1,1,false,Standard,1,18,4,2,0,313.31,1253.23,0.00,22.22222222222222
2026-01-26,1,1,false,Deluxe,2,12,0,0,0,330.00,0.00,0.00,0.0
2026-01-26,1,1,false,Family,3,8,3,1,0,802.35,2407.06,0.00,37.5
2026-01-26,1,1,false,Executive,4,5,2,1,0,931.35,1862.69,0.00,40.0
2026-01-26,1,1,false,Suite,5,5,1,1,0,1279.78,1279.78,0.00,20.0
2026-01-27,2,1,false,Standard,1,18,3,0,0,313.56,940.69,0.00,16.666666666666668
2026-01-27,2,1,false,Deluxe,2,12,0,0,0,330.00,0.00,0.00,0.0
2026-01-27,2,1,false,Family,3,8,2,0,0,783.72,1567.43,0.00,25.0
2026-01-27,2,1,false,Executive,4,5,0,0,0,540.00,0.00,0.00,0.0
2026-01-27,2,1,false,Suite,5,5,1,0,0,1279.78,1279.78,0.00,20.0
2026-01-28,3,1,false,Standard,1,18,4,1,0,313.38,1253.50,7988.63,22.22222222222222
2026-01-28,3,1,false,Deluxe,2,12,2,2,0,498.29,996.57,5325.75,16.666666666666668
2026-01-28,3,1,false,Family,3,8,1,0,0,697.61,697.61,3550.50,12.5
2026-01-28,3,1,false,Executive,4,5,1,1,0,842.54,842.54,2219.06,20.0
2026-01-28,3,1,false,Suite,5,5,1,0,0,1279.78,1279.78,2219.06,20.0
2026-01-29,4,1,false,Standard,1,18,5,2,0,332.09,1660.47,0.00,27.77777777777778
2026-01-29,4,1,false,Deluxe,2,12,3,1,0,519.76,1559.28,0.00,25.0
2026-01-29,4,1,false,Family,3,8,2,2,0,744.48,1488.95,0.00,25.0
2026-01-29,4,1,false,Executive,4,5,1,0,0,842.54,842.54,0.00,20.0
2026-01-29,4,1,false,Suite,5,5,0,0,0,760.00,0.00,0.00,0.0
2026-01-30,5,1,true,Standard,1,18,3,1,0,374.01,1122.04,416.25,16.666666666666668
2026-01-30,5,1,true,Deluxe,2,12,4,1,0,542.20,2168.80,277.50,33.333333333333336
2026-01-30,5,1,true,Family,3,8,0,0,0,430.00,0.00,185.00,0.0
2026-01-30,5,1,true,Executive,4,5,1,1,0,1104.19,1104.19,115.63,20.0
2026-01-30,5,1,true,Suite,5,5,0,0,0,760.00,0.00,115.63,0.0
2026-01-31,6,1,true,Standard,1,18,1,0,0,365.19,365.19,0.00,5.555555555555555
2026-01-31,6,1,true,Deluxe,2,12,6,2,0,566.84,3401.02,0.00,50.0
2026-01-31,6,1,true,Family,3,8,0,0,0,430.00,0.00,0.00,0.0
2026-01-31,6,1,true,Executive,4,5,2,1,1,1106.45,2212.90,0.00,40.0
2026-01-31,6,1,true,Suite,5,5,1,1,0,1574.22,1574.22,0.00,20.0
2026-02-01,7,2,false,Standard,1,18,0,0,0,220.00,0.00,0.00,0.0
2026-02-01,7,2,false,Deluxe,2,12,3,0,0,564.76,1694.27,0.00,25.0
2026-02-01,7,2,false,Family,3,8,0,0,0,430.00,0.00,0.00,0.0
2026-02-01,7,2,false,Executive,4,5,1,0,0,1108.71,1108.71,0.00,20.0
2026-02-01,7,2,false,Suite,5,5,2,1,0,1429.74,2859.48,0.00,40.0
2026-02-02,1,2,false,Standard,1,18,1,1,0,317.82,317.82,0.00,5.555555555555555
2026-02-02,1,2,false,Deluxe,2,12,2,1,0,563.52,1127.04,0.00,16.666666666666668
2026-02-02,1,2,false,Family,3,8,1,1,0,660.79,660.79,0.00,12.5
2026-02-02,1,2,false,Executive,4,5,1,0,0,1108.71,1108.71,0.00,20.0
2026-02-02,1,2,false,Suite,5,5,1,0,0,1285.26,1285.26,0.00,20.0
2026-02-03,2,2,false,Standard,1,18,1,0,0,317.82,317.82,4372.50,5.555555555555555
2026-02-03,2,2,false,Deluxe,2,12,1,0,0,500.47,500.47,2915.00,8.333333333333334
2026-02-03,2,2,false,Family,3,8,2,1,0,671.55,1343.10,1943.33,25.0
2026-02-03,2,2,false,Executive,4,5,1,0,0,1108.71,1108.71,1214.58,20.0
2026-02-03,2,2,false,Suite,5,5,1,0,0,1285.26,1285.26,1214.58,20.0
2026-02-04,3,2,false,Standard,1,18,1,1,0,311.82,311.82,0.00,5.555555555555555
2026-02-04,3,2,false,Deluxe,2,12,1,1,0,493.10,493.10,0.00,8.333333333333334
2026-02-04,3,2,false,Family,3,8,2,0,0,671.55,1343.10,0.00,25.0
2026-02-04,3,2,false,Executive,4,5,1,1,0,837.49,837.49,0.00,20.0
2026-02-04,3,2,false,Suite,5,5,2,1,0,1284.51,2569.01,0.00,40.0
2026-02-05,4,2,false,Standard,1,18,2,1,0,346.13,692.25,0.00,11.11111111111111
2026-02-05,4,2,false,Deluxe,2,12,1,0,0,493.10,493.10,0.00,8.333333333333334
2026-02-05,4,2,false,Family,3,8,2,1,0,723.76,1447.52,0.00,25.0
2026-02-05,4,2,false,Executive,4,5,1,0,0,837.49,837.49,0.00,20.0
2026-02-05,4,2,false,Suite,5,5,2,0,0,1284.51,2569.01,0.00,40.0
2026-02-06,5,2,true,Standard,1,18,2,0,0,346.13,692.25,0.00,11.11111111111111
2026-02-06,5,2,true,Deluxe,2,12,1,0,0,493.10,493.10,0.00,8.333333333333334
2026-02-06,5,2,true,Family,3,8,3,1,0,773.60,2320.79,0.00,37.5
2026-02-06,5,2,true,Executive,4,5,1,0,0,837.49,837.49,0.00,20.0
2026-02-06,5,2,true,Suite,5,5,1,0,0,1283.75,1283.75,0.00,20.0
2026-02-07,6,2,true,Standard,1,18,4,3,0,364.39,1457.57,0.00,22.22222222222222
2026-02-07,6,2,true,Deluxe,2,12,1,0,0,493.10,493.10,0.00,8.333333333333334
2026-02-07,6,2,true,Family,3,8,3,2,0,850.72,2552.15,0.00,37.5
2026-02-07,6,2,true,Executive,4,5,2,1,0,964.03,1928.06,0.00,40.0
2026-02-07,6,2,true,Suite,5,5,1,0,0,1283.75,1283.75,0.00,20.0
2026-02-08,7,2,false,Standard,1,18,3,0,1,381.92,1145.75,375.00,16.666666666666668
2026-02-08,7,2,false,Deluxe,2,12,1,0,0,493.10,493.10,250.00,8.333333333333334
2026-02-08,7,2,false,Family,3,8,3,0,0,850.72,2552.15,166.67,37.5
2026-02-08,7,2,false,Executive,4,5,2,0,0,964.03,1928.06,104.17,40.0
2026-02-08,7,2,false,Suite,5,5,0,0,0,760.00,0.00,104.17,0.0
2026-02-09,1,2,false,Standard,1,18,3,0,0,381.92,1145.75,1099.88,16.666666666666668
2026-02-09,1,2,false,Deluxe,2,12,0,0,0,330.00,0.00,733.25,0.0
2026-02-09,1,2,false,Family,3,8,2,1,0,791.37,1582.74,488.83,25.0
2026-02-09,1,2,false,Executive,4,5,1,0,0,1090.57,1090.57,305.52,20.0
2026-02-09,1,2,false,Suite,5,5,0,0,0,760.00,0.00,305.52,0.0
2026-02-10,2,2,false,Standard,1,18,2,0,0,381.21,762.42,2540.25,11.11111111111111
2026-02-10,2,2,false,Deluxe,2,12,1,1,0,483.90,483.90,1693.50,8.333333333333334
2026-02-10,2,2,false,Family,3,8,0,0,1,430.00,0.00,1129.00,0.0
2026-02-10,2,2,false,Executive,4,5,0,0,0,540.00,0.00,705.63,0.0
2026-02-10,2,2,false,Suite,5,5,0,0,0,760.00,0.00,705.63,0.0
2026-02-11,3,2,false,Standard,1,18,1,0,0,385.79,385.79,0.00,5.555555555555555
2026-02-11,3,2,false,Deluxe,2,12,1,1,0,499.55,499.55,0.00,8.333333333333334
2026-02-11,3,2,false,Family,3,8,0,0,0,430.00,0.00,0.00,0.0
2026-02-11,3,2,false,Executive,4,5,0,0,0,540.00,0.00,0.00,0.0
2026-02-11,3,2,false,Suite,5,5,0,0,0,760.00,0.00,0.00,0.0
2026-02-12,4,2,false,Standard,1,18,1,1,0,361.64,361.64,1687.50,5.555555555555555
2026-02-12,4,2,false,Deluxe,2,12,0,0,0,330.00,0.00,1125.00,0.0
2026-02-12,4,2,false,Family,3,8,0,0,0,430.00,0.00,750.00,0.0
2026-02-12,4,2,false,Executive,4,5,0,0,0,540.00,0.00,468.75,0.0
2026-02-12,4,2,false,Suite,5,5,0,0,0,760.00,0.00,468.75,0.0
2026-02-13,5,2,true,Standard,1,18,3,3,0,401.39,1204.16,0.00,16.666666666666668
2026-02-13,5,2,true,Deluxe,2,12,1,1,0,623.93,623.93,0.00,8.333333333333334
2026-02-13,5,2,true,Family,3,8,1,1,0,872.17,872.17,0.00,12.5
2026-02-13,5,2,true,Executive,4,5,1,1,0,1114.56,1114.56,0.00,20.0
2026-02-13,5,2,true,Suite,5,5,0,0,0,760.00,0.00,0.00,0.0
2026-02-14,6,2,true,Standard,1,18,1,0,0,400.96,400.96,0.00,5.555555555555555
2026-02-14,6,2,true,Deluxe,2,12,1,0,0,623.93,623.93,0.00,8.333333333333334
2026-02-14,6,2,true,Family,3,8,1,0,0,872.17,872.17,0.00,12.5
2026-02-14,6,2,true,Executive,4,5,0,0,0,540.00,0.00,0.00,0.0
2026-02-14,6,2,true,Suite,5,5,0,0,0,760.00,0.00,0.00,0.0
2026-02-15,7,2,false,Standard,1,18,4,3,0,342.27,1369.09,0.00,22.22222222222222
2026-02-15,7,2,false,Deluxe,2,12,1,0,0,623.93,623.93,0.00,8.333333333333334
2026-02-15,7,2,false,Family,3,8,1,0,0,872.17,872.17,0.00,12.5
2026-02-15,7,2,false,Executive,4,5,0,0,0,540.00,0.00,0.00,0.0
2026-02-15,7,2,false,Suite,5,5,0,0,0,760.00,0.00,0.00,0.0
2026-02-16,1,2,false,Standard,1,18,2,0,0,320.63,641.25,0.00,11.11111111111111
2026-02-16,1,2,false,Deluxe,2,12,1,0,0,623.93,623.93,0.00,8.333333333333334
2026-02-16,1,2,false,Family,3,8,0,0,0,430.00,0.00,0.00,0.0
2026-02-16,1,2,false,Executive,4,5,0,0,0,540.00,0.00,0.00,0.0
2026-02-16,1,2,false,Suite,5,5,1,1,0,1349.89,1349.89,0.00,20.0
2026-02-17,2,2,false,Standard,1,18,2,2,0,309.02,618.04,304.50,11.11111111111111
2026-02-17,2,2,false,Deluxe,2,12,4,3,0,528.21,2112.82,203.00,33.333333333333336
2026-02-17,2,2,false,Family,3,8,0,0,0,430.00,0.00,135.33,0.0
2026-02-17,2,2,false,Executive,4,5,0,0,0,540.00,0.00,84.58,0.0
2026-02-17,2,2,false,Suite,5,5,1,0,0,1349.89,1349.89,84.58,20.0
2026-02-18,3,2,false,Standard,1,18,0,0,0,220.00,0.00,0.00,0.0
2026-02-18,3,2,false,Deluxe,2,12,3,0,0,496.30,1488.89,0.00,25.0
2026-02-18,3,2,false,Family,3,8,1,1,0,652.84,652.84,0.00,12.5
2026-02-18,3,2,false,Executive,4,5,0,0,0,540.00,0.00,0.00,0.0
2026-02-18,3,2,false,Suite,5,5,1,0,0,1349.89,1349.89,0.00,20.0
2026-02-19,4,2,false,Standard,1,18,1,1,0,363.07,363.07,0.00,5.555555555555555
2026-02-19,4,2,false,Deluxe,2,12,6,4,0,542.07,3252.44,0.00,50.0
2026-02-19,4,2,false,Family,3,8,1,0,0,652.84,652.84,0.00,12.5
2026-02-19,4,2,false,Executive,4,5,0,0,0,540.00,0.00,0.00,0.0
2026-02-19,4,2,false,Suite,5,5,0,0,0,760.00,0.00,0.00,0.0
2026-02-20,5,2,true,Standard,1,18,1,0,0,363.07,363.07,2383.13,5.555555555555555
2026-02-20,5,2,true,Deluxe,2,12,9,3,0,567.79,5110.13,1588.75,75.0
2026-02-20,5,2,true,Family,3,8,2,1,1,731.10,1462.19,1059.17,25.0
2026-02-20,5,2,true,Executive,4,5,0,0,0,540.00,0.00,661.98,0.0
2026-02-20,5,2,true,Suite,5,5,0,0,0,760.00,0.00,661.98,0.0
2026-02-21,6,2,true,Standard,1,18,1,0,0,363.07,363.07,0.00,5.555555555555555
2026-02-21,6,2,true,Deluxe,2,12,8,1,0,582.06,4656.44,0.00,66.66666666666667
2026-02-21,6,2,true,Family,3,8,2,1,0,736.52,1473.03,0.00,25.0
2026-02-21,6,2,true,Executive,4,5,0,0,0,540.00,0.00,0.00,0.0
2026-02-21,6,2,true,Suite,5,5,1,1,0,1584.45,1584.45,0.00,20.0
2026-02-22,7,2,false,Standard,1,18,2,1,1,333.06,666.12,0.00,11.11111111111111
2026-02-22,7,2,false,Deluxe,2,12,7,1,0,582.58,4078.04,0.00,58.333333333333336
2026-02-22,7,2,false,Family,3,8,1,0,0,652.84,652.84,0.00,12.5
2026-02-22,7,2,false,Executive,4,5,0,0,0,540.00,0.00,0.00,0.0
2026-02-22,7,2,false,Suite,5,5,1,0,0,1584.45,1584.45,0.00,20.0
2026-02-23,1,2,false,Standard,1,18,2,0,0,333.06,666.12,406.50,11.11111111111111
2026-02-23,1,2,false,Deluxe,2,12,5,1,0,571.52,2857.58,271.00,41.666666666666664
2026-02-23,1,2,false,Family,3,8,0,0,0,430.00,0.00,180.67,0.0
2026-02-23,1,2,false,Executive,4,5,1,1,0,895.60,895.60,112.92,20.0
2026-02-23,1,2,false,Suite,5,5,2,1,0,1452.91,2905.81,112.92,40.0
2026-02-24,2,2,false,Standard,1,18,2,1,0,315.89,631.78,0.00,11.11111111111111
2026-02-24,2,2,false,Deluxe,2,12,3,1,0,539.53,1618.58,0.00,25.0
2026-02-24,2,2,false,Family,3,8,1,1,1,668.05,668.05,0.00,12.5
2026-02-24,2,2,false,Executive,4,5,1,0,0,895.60,895.60,0.00,20.0
2026-02-24,2,2,false,Suite,5,5,2,0,0,1452.91,2905.81,0.00,40.0
2026-02-25,3,2,false,Standard,1,18,1,0,0,303.05,303.05,0.00,5.555555555555555
2026-02-25,3,2,false,Deluxe,2,12,2,0,0,512.06,1024.11,0.00,16.666666666666668
2026-02-25,3,2,false,Family,3,8,1,1,0,658.83,658.83,0.00,12.5
2026-02-25,3,2,false,Executive,4,5,1,0,0,895.60,895.60,0.00,20.0
2026-02-25,3,2,false,Suite,5,5,1,0,0,1321.36,1321.36,0.00,20.0
2026-02-26,4,2,false,Standard,1,18,1,0,0,303.05,303.05,0.00,5.555555555555555
2026-02-26,4,2,false,Deluxe,2,12,2,0,0,512.06,1024.11,0.00,16.666666666666668
2026-02-26,4,2,false,Family,3,8,1,0,0,658.83,658.83,0.00,12.5
2026-02-26,4,2,false,Executive,4,5,1,0,0,895.60,895.60,0.00,20.0
2026-02-26,4,2,false,Suite,5,5,1,0,0,1321.36,1321.36,0.00,20.0
2026-02-27,5,2,true,Standard,1,18,2,2,0,405.82,811.64,8832.38,11.11111111111111
2026-02-27,5,2,true,Deluxe,2,12,2,0,0,512.06,1024.11,5888.25,16.666666666666668
2026-02-27,5,2,true,Family,3,8,1,0,0,658.83,658.83,3925.50,12.5
2026-02-27,5,2,true,Executive,4,5,2,1,0,979.05,1958.10,2453.44,40.0
2026-02-27,5,2,true,Suite,5,5,0,0,0,760.00,0.00,2453.44,0.0
2026-02-28,6,2,true,Standard,1,18,4,2,0,398.31,1593.22,8415.00,22.22222222222222
2026-02-28,6,2,true,Deluxe,2,12,1,0,0,531.31,531.31,5610.00,8.333333333333334
2026-02-28,6,2,true,Family,3,8,0,0,0,430.00,0.00,3740.00,0.0
2026-02-28,6,2,true,Executive,4,5,2,1,0,1049.62,2099.23,2337.50,40.0
2026-02-28,6,2,true,Suite,5,5,0,0,0,760.00,0.00,2337.50,0.0
2026-03-01,7,3,false,Standard,1,18,7,3,0,332.74,2329.16,0.00,38.888888888888886
2026-03-01,7,3,false,Deluxe,2,12,1,1,0,392.38,392.38,0.00,8.333333333333334
2026-03-01,7,3,false,Family,3,8,1,1,0,523.19,523.19,0.00,12.5
2026-03-01,7,3,false,Executive,4,5,1,0,0,1062.50,1062.50,0.00,20.0
2026-03-01,7,3,false,Suite,5,5,0,0,0,760.00,0.00,0.00,0.0
2026-03-02,1,3,false,Standard,1,18,7,1,0,312.36,2186.50,0.00,38.888888888888886
2026-03-02,1,3,false,Deluxe,2,12,1,0,0,392.38,392.38,0.00,8.333333333333334
2026-03-02,1,3,false,Family,3,8,1,0,0,523.19,523.19,0.00,12.5
2026-03-02,1,3,false,Executive,4,5,1,0,0,1062.50,1062.50,0.00,20.0
2026-03-02,1,3,false,Suite,5,5,0,0,0,760.00,0.00,0.00,0.0
2026-03-03,2,3,false,Standard,1,18,6,0,0,296.75,1780.48,0.00,33.333333333333336
2026-03-03,2,3,false,Deluxe,2,12,1,0,0,392.38,392.38,0.00,8.333333333333334
2026-03-03,2,3,false,Family,3,8,3,2,0,524.83,1574.49,0.00,37.5
2026-03-03,2,3,false,Executive,4,5,2,1,0,886.86,1773.72,0.00,40.0
2026-03-03,2,3,false,Suite,5,5,0,0,0,760.00,0.00,0.00,0.0
2026-03-04,3,3,false,Standard,1,18,6,2,0,272.28,1633.66,0.00,33.333333333333336
2026-03-04,3,3,false,Deluxe,2,12,1,0,0,392.38,392.38,0.00,8.333333333333334
2026-03-04,3,3,false,Family,3,8,4,1,0,519.48,2077.93,0.00,50.0
2026-03-04,3,3,false,Executive,4,5,0,0,0,540.00,0.00,0.00,0.0
2026-03-04,3,3,false,Suite,5,5,0,0,0,760.00,0.00,0.00,0.0
2026-03-05,4,3,false,Standard,1,18,4,1,0,256.20,1024.78,2176.88,22.22222222222222
2026-03-05,4,3,false,Deluxe,2,12,1,0,0,392.38,392.38,1451.25,8.333333333333334
2026-03-05,4,3,false,Family,3,8,1,0,0,503.44,503.44,967.50,12.5
2026-03-05,4,3,false,Executive,4,5,0,0,0,540.00,0.00,604.69,0.0
2026-03-05,4,3,false,Suite,5,5,0,0,1,760.00,0.00,604.69,0.0
2026-03-06,5,3,true,Standard,1,18,1,1,0,315.33,315.33,0.00,5.555555555555555
2026-03-06,5,3,true,Deluxe,2,12,0,0,0,330.00,0.00,0.00,0.0
2026-03-06,5,3,true,Family,3,8,0,0,0,430.00,0.00,0.00,0.0
2026-03-06,5,3,true,Executive,4,5,0,0,0,540.00,0.00,0.00,0.0
2026-03-06,5,3,true,Suite,5,5,1,1,0,1276.63,1276.63,0.00,20.0
2026-03-07,6,3,true,Standard,1,18,2,1,0,314.37,628.73,0.00,11.11111111111111
2026-03-07,6,3,true,Deluxe,2,12,0,0,0,330.00,0.00,0.00,0.0
2026-03-07,6,3,true,Family,3,8,1,1,0,674.62,674.62,0.00,12.5
2026-03-07,6,3,true,Executive,4,5,1,1,0,809.13,809.13,0.00,20.0
2026-03-07,6,3,true,Suite,5,5,2,1,1,1254.66,2509.31,0.00,40.0
2026-03-08,7,3,false,Standard,1,18,2,1,1,284.58,569.15,360.75,11.11111111111111
2026-03-08,7,3,false,Deluxe,2,12,1,1,0,391.60,391.60,240.50,8.333333333333334
2026-03-08,7,3,false,Family,3,8,3,2,0,565.42,1696.25,160.33,37.5
2026-03-08,7,3,false,Executive,4,5,0,0,0,540.00,0.00,100.21,0.0
2026-03-08,7,3,false,Suite,5,5,3,1,0,1195.14,3585.42,100.21,60.0
2026-03-09,1,3,false,Standard,1,18,4,2,0,268.05,1072.18,0.00,22.22222222222222
2026-03-09,1,3,false,Deluxe,2,12,3,2,0,388.15,1164.46,0.00,25.0
2026-03-09,1,3,false,Family,3,8,1,0,0,499.08,499.08,0.00,12.5
2026-03-09,1,3,false,Executive,4,5,0,0,1,540.00,0.00,0.00,0.0
2026-03-09,1,3,false,Suite,5,5,3,0,1,1195.14,3585.42,0.00,60.0
2026-03-10,2,3,false,Standard,1,18,1,0,0,253.82,253.82,0.00,5.555555555555555
2026-03-10,2,3,false,Deluxe,2,12,5,2,0,386.78,1933.91,0.00,41.666666666666664
2026-03-10,2,3,false,Family,3,8,1,0,0,499.08,499.08,0.00,12.5
2026-03-10,2,3,false,Executive,4,5,0,0,0,540.00,0.00,0.00,0.0
2026-03-10,2,3,false,Suite,5,5,3,0,0,1195.14,3585.42,0.00,60.0
2026-03-11,3,3,false,Standard,1,18,5,4,0,246.98,1234.90,2404.13,27.77777777777778
2026-03-11,3,3,false,Deluxe,2,12,3,0,0,387.02,1161.05,1602.75,25.0
2026-03-11,3,3,false,Family,3,8,1,0,0,499.08,499.08,1068.50,12.5
2026-03-11,3,3,false,Executive,4,5,0,0,0,540.00,0.00,667.81,0.0
2026-03-11,3,3,false,Suite,5,5,1,0,0,1076.11,1076.11,667.81,20.0
2026-03-12,4,3,false,Standard,1,18,4,1,0,257.01,1028.05,0.00,22.22222222222222
2026-03-12,4,3,false,Deluxe,2,12,3,1,0,412.63,1237.88,0.00,25.0
2026-03-12,4,3,false,Family,3,8,1,0,0,499.08,499.08,0.00,12.5
2026-03-12,4,3,false,Executive,4,5,0,0,0,540.00,0.00,0.00,0.0
2026-03-12,4,3,false,Suite,5,5,1,0,0,1076.11,1076.11,0.00,20.0
2026-03-13,5,3,true,Standard,1,18,4,1,0,270.69,1082.77,0.00,22.22222222222222
2026-03-13,5,3,true,Deluxe,2,12,3,1,0,440.71,1322.14,0.00,25.0
2026-03-13,5,3,true,Family,3,8,0,0,0,430.00,0.00,0.00,0.0
2026-03-13,5,3,true,Executive,4,5,0,0,0,540.00,0.00,0.00,0.0
2026-03-13,5,3,true,Suite,5,5,1,1,0,1273.56,1273.56,0.00,20.0
2026-03-14,6,3,true,Standard,1,18,4,1,0,290.06,1160.22,0.00,22.22222222222222
2026-03-14,6,3,true,Deluxe,2,12,2,0,0,423.14,846.28,0.00,16.666666666666668
2026-03-14,6,3,true,Family,3,8,0,0,0,430.00,0.00,0.00,0.0
2026-03-14,6,3,true,Executive,4,5,0,0,0,540.00,0.00,0.00,0.0
2026-03-14,6,3,true,Suite,5,5,1,0,0,1273.56,1273.56,0.00,20.0
2026-03-15,7,3,false,Standard,1,18,2,1,0,274.02,548.03,0.00,11.11111111111111
2026-03-15,7,3,false,Deluxe,2,12,2,2,0,381.00,761.99,0.00,16.666666666666668
2026-03-15,7,3,false,Family,3,8,1,1,0,551.59,551.59,0.00,12.5
2026-03-15,7,3,false,Executive,4,5,1,1,0,650.31,650.31,0.00,20.0
2026-03-15,7,3,false,Suite,5,5,1,0,0,1273.56,1273.56,0.00,20.0
2026-03-16,1,3,false,Standard,1,18,2,0,0,274.02,548.03,2773.50,11.11111111111111
2026-03-16,1,3,false,Deluxe,2,12,2,0,0,381.00,761.99,1849.00,16.666666666666668
2026-03-16,1,3,false,Family,3,8,1,1,0,517.60,517.60,1232.67,12.5
2026-03-16,1,3,false,Executive,4,5,1,1,0,705.42,705.42,770.42,20.0
2026-03-16,1,3,false,Suite,5,5,2,1,0,1142.01,2284.02,770.42,40.0
2026-03-17,2,3,false,Standard,1,18,2,1,1,274.27,548.54,0.00,11.11111111111111
2026-03-17,2,3,false,Deluxe,2,12,3,1,0,385.94,1157.82,0.00,25.0
2026-03-17,2,3,false,Family,3,8,2,1,0,525.15,1050.29,0.00,25.0
2026-03-17,2,3,false,Executive,4,5,1,0,0,705.42,705.42,0.00,20.0
2026-03-17,2,3,false,Suite,5,5,0,0,0,760.00,0.00,0.00,0.0
2026-03-18,3,3,false,Standard,1,18,1,0,0,245.39,245.39,1167.75,5.555555555555555
2026-03-18,3,3,false,Deluxe,2,12,4,1,0,386.39,1545.57,778.50,33.333333333333336
2026-03-18,3,3,false,Family,3,8,3,1,0,525.65,1576.94,519.00,37.5
2026-03-18,3,3,false,Executive,4,5,1,1,0,688.36,688.36,324.38,20.0
2026-03-18,3,3,false,Suite,5,5,1,1,0,969.99,969.99,324.38,20.0
2026-03-19,4,3,false,Standard,1,18,1,0,0,245.39,245.39,0.00,5.555555555555555
2026-03-19,4,3,false,Deluxe,2,12,4,0,0,386.39,1545.57,0.00,33.333333333333336
2026-03-19,4,3,false,Family,3,8,1,0,0,526.65,526.65,0.00,12.5
2026-03-19,4,3,false,Executive,4,5,2,1,0,728.16,1456.31,0.00,40.0
2026-03-19,4,3,false,Suite,5,5,0,0,0,760.00,0.00,0.00,0.0
2026-03-20,5,3,true,Standard,1,18,0,0,0,220.00,0.00,1106.63,0.0
2026-03-20,5,3,true,Deluxe,2,12,0,0,0,330.00,0.00,737.75,0.0
2026-03-20,5,3,true,Family,3,8,3,2,0,604.26,1812.78,491.83,37.5
2026-03-20,5,3,true,Executive,4,5,1,0,0,767.95,767.95,307.40,20.0
2026-03-20,5,3,true,Suite,5,5,0,0,0,760.00,0.00,307.40,0.0
2026-03-21,6,3,true,Standard,1,18,1,1,0,299.20,299.20,0.00,5.555555555555555
2026-03-21,6,3,true,Deluxe,2,12,0,0,0,330.00,0.00,0.00,0.0
2026-03-21,6,3,true,Family,3,8,2,1,0,600.49,1200.98,0.00,25.0
2026-03-21,6,3,true,Executive,4,5,3,2,0,827.64,2482.93,0.00,60.0
2026-03-21,6,3,true,Suite,5,5,1,1,0,1292.73,1292.73,0.00,20.0
2026-03-22,7,3,false,Standard,1,18,1,0,0,299.20,299.20,439.50,5.555555555555555
2026-03-22,7,3,false,Deluxe,2,12,0,0,0,330.00,0.00,293.00,0.0
2026-03-22,7,3,false,Family,3,8,2,0,0,600.49,1200.98,195.33,25.0
2026-03-22,7,3,false,Executive,4,5,4,1,0,780.18,3120.71,122.08,80.0
2026-03-22,7,3,false,Suite,5,5,2,1,0,1153.78,2307.56,122.08,40.0
2026-03-23,1,3,false,Standard,1,18,2,1,0,273.58,547.16,0.00,11.11111111111111
2026-03-23,1,3,false,Deluxe,2,12,1,1,0,391.45,391.45,0.00,8.333333333333334
2026-03-23,1,3,false,Family,3,8,1,0,0,674.33,674.33,0.00,12.5
2026-03-23,1,3,false,Executive,4,5,2,0,0,737.09,1474.17,0.00,40.0
2026-03-23,1,3,false,Suite,5,5,1,0,0,1292.73,1292.73,0.00,20.0
2026-03-24,2,3,false,Standard,1,18,2,0,0,273.58,547.16,0.00,11.11111111111111
2026-03-24,2,3,false,Deluxe,2,12,0,0,0,330.00,0.00,0.00,0.0
2026-03-24,2,3,false,Family,3,8,2,1,0,603.95,1207.90,0.00,25.0
2026-03-24,2,3,false,Executive,4,5,1,0,0,836.39,836.39,0.00,20.0
2026-03-24,2,3,false,Suite,5,5,2,1,0,1136.94,2273.88,0.00,40.0
2026-03-25,3,3,false,Standard,1,18,1,0,0,247.96,247.96,16303.13,5.555555555555555
2026-03-25,3,3,false,Deluxe,2,12,0,0,0,330.00,0.00,10868.75,0.0
2026-03-25,3,3,false,Family,3,8,2,0,0,603.95,1207.90,7245.83,25.0
2026-03-25,3,3,false,Executive,4,5,0,0,0,540.00,0.00,4528.65,0.0
2026-03-25,3,3,false,Suite,5,5,1,0,0,981.15,981.15,4528.65,20.0
2026-03-26,4,3,false,Standard,1,18,2,1,0,267.27,534.54,0.00,11.11111111111111
2026-03-26,4,3,false,Deluxe,2,12,0,0,0,330.00,0.00,0.00,0.0
2026-03-26,4,3,false,Family,3,8,1,0,0,533.57,533.57,0.00,12.5
2026-03-26,4,3,false,Executive,4,5,0,0,0,540.00,0.00,0.00,0.0
2026-03-26,4,3,false,Suite,5,5,1,0,0,981.15,981.15,0.00,20.0
2026-03-27,5,3,true,Standard,1,18,1,1,0,309.16,309.16,0.00,5.555555555555555
2026-03-27,5,3,true,Deluxe,2,12,0,0,0,330.00,0.00,0.00,0.0
2026-03-27,5,3,true,Family,3,8,2,1,0,585.73,1171.45,0.00,25.0
2026-03-27,5,3,true,Executive,4,5,0,0,0,540.00,0.00,0.00,0.0
2026-03-27,5,3,true,Suite,5,5,0,0,0,760.00,0.00,0.00,0.0
2026-03-28,6,3,true,Standard,1,18,2,1,0,311.39,622.77,0.00,11.11111111111111
2026-03-28,6,3,true,Deluxe,2,12,0,0,1,330.00,0.00,0.00,0.0
2026-03-28,6,3,true,Family,3,8,3,1,0,604.20,1812.61,0.00,37.5
2026-03-28,6,3,true,Executive,4,5,1,1,0,861.30,861.30,0.00,20.0
2026-03-28,6,3,true,Suite,5,5,0,0,0,760.00,0.00,0.00,0.0
2026-03-29,7,3,false,Standard,1,18,2,0,0,311.39,622.77,348.38,11.11111111111111
2026-03-29,7,3,false,Deluxe,2,12,2,2,0,395.51,791.01,232.25,16.666666666666668
2026-03-29,7,3,false,Family,3,8,1,0,0,637.88,637.88,154.83,12.5
2026-03-29,7,3,false,Executive,4,5,1,0,0,861.30,861.30,96.77,20.0
2026-03-29,7,3,false,Suite,5,5,0,0,0,760.00,0.00,96.77,0.0
2026-03-30,1,3,false,Standard,1,18,1,0,0,313.61,313.61,0.00,5.555555555555555
2026-03-30,1,3,false,Deluxe,2,12,2,0,0,395.51,791.01,0.00,16.666666666666668
2026-03-30,1,3,false,Family,3,8,2,1,0,587.24,1174.47,0.00,25.0
2026-03-30,1,3,false,Executive,4,5,2,1,0,770.97,1541.93,0.00,40.0
2026-03-30,1,3,false,Suite,5,5,0,0,0,760.00,0.00,0.00,0.0
2026-03-31,2,3,false,Standard,1,18,2,1,0,282.09,564.17,0.00,11.11111111111111
2026-03-31,2,3,false,Deluxe,2,12,3,1,0,392.14,1176.41,0.00,25.0
2026-03-31,2,3,false,Family,3,8,4,3,0,540.34,2161.34,0.00,50.0
2026-03-31,2,3,false,Executive,4,5,3,1,0,737.38,2212.13,0.00,60.0
2026-03-31,2,3,false,Suite,5,5,0,0,0,760.00,0.00,0.00,0.0
2026-04-01,3,4,false,Standard,1,18,3,2,0,246.13,738.40,868.50,16.666666666666668
2026-04-01,3,4,false,Deluxe,2,12,4,1,0,394.61,1578.43,579.00,33.333333333333336
2026-04-01,3,4,false,Family,3,8,4,1,0,531.78,2127.11,386.00,50.0
2026-04-01,3,4,false,Executive,4,5,2,0,0,675.42,1350.83,241.25,40.0
2026-04-01,3,4,false,Suite,5,5,0,0,0,760.00,0.00,241.25,0.0
2026-04-02,4,4,false,Standard,1,18,3,1,0,264.62,793.87,0.00,16.666666666666668
2026-04-02,4,4,false,Deluxe,2,12,4,0,0,394.61,1578.43,0.00,33.333333333333336
2026-04-02,4,4,false,Family,3,8,6,3,0,562.18,3373.06,0.00,75.0
2026-04-02,4,4,false,Executive,4,5,2,0,0,675.42,1350.83,0.00,40.0
2026-04-02,4,4,false,Suite,5,5,0,0,0,760.00,0.00,0.00,0.0
2026-04-03,5,4,true,Standard,1,18,4,1,0,275.42,1101.67,0.00,22.22222222222222
2026-04-03,5,4,true,Deluxe,2,12,4,2,0,437.94,1751.75,0.00,33.333333333333336
2026-04-03,5,4,true,Family,3,8,3,0,0,564.32,1692.96,0.00,37.5
2026-04-03,5,4,true,Executive,4,5,1,0,0,680.63,680.63,0.00,20.0
2026-04-03,5,4,true,Suite,5,5,1,1,0,1270.21,1270.21,0.00,20.0
2026-04-04,6,4,true,Standard,1,18,4,0,0,275.42,1101.67,3588.00,22.22222222222222
2026-04-04,6,4,true,Deluxe,2,12,1,1,0,478.15,478.15,2392.00,8.333333333333334
2026-04-04,6,4,true,Family,3,8,2,0,0,546.54,1093.07,1594.67,25.0
2026-04-04,6,4,true,Executive,4,5,1,1,0,832.46,832.46,996.67,20.0
2026-04-04,6,4,true,Suite,5,5,1,0,0,1270.21,1270.21,996.67,20.0
2026-04-05,7,4,false,Standard,1,18,4,2,0,262.52,1050.09,0.00,22.22222222222222
2026-04-05,7,4,false,Deluxe,2,12,1,0,0,478.15,478.15,0.00,8.333333333333334
2026-04-05,7,4,false,Family,3,8,2,0,0,546.54,1093.07,0.00,25.0
2026-04-05,7,4,false,Executive,4,5,0,0,0,540.00,0.00,0.00,0.0
2026-04-05,7,4,false,Suite,5,5,1,0,0,1270.21,1270.21,0.00,20.0
2026-04-06,1,4,false,Standard,1,18,2,0,0,277.33,554.65,0.00,11.11111111111111
2026-04-06,1,4,false,Deluxe,2,12,3,2,0,417.38,1252.15,0.00,25.0
2026-04-06,1,4,false,Family,3,8,0,0,1,430.00,0.00,0.00,0.0
2026-04-06,1,4,false,Executive,4,5,0,0,0,540.00,0.00,0.00,0.0
2026-04-06,1,4,false,Suite,5,5,1,0,0,1270.21,1270.21,0.00,20.0
2026-04-07,2,4,false,Standard,1,18,2,1,0,276.38,552.75,0.00,11.11111111111111
2026-04-07,2,4,false,Deluxe,2,12,4,1,0,414.74,1658.97,0.00,33.333333333333336
2026-04-07,2,4,false,Family,3,8,0,0,0,430.00,0.00,0.00,0.0
2026-04-07,2,4,false,Executive,4,5,0,0,0,540.00,0.00,0.00,0.0
2026-04-07,2,4,false,Suite,5,5,0,0,0,760.00,0.00,0.00,0.0
2026-04-08,3,4,false,Standard,1,18,2,1,0,243.04,486.07,1245.38,11.11111111111111
2026-04-08,3,4,false,Deluxe,2,12,2,0,0,442.49,884.97,830.25,16.666666666666668
2026-04-08,3,4,false,Family,3,8,1,1,0,530.49,530.49,553.50,12.5
2026-04-08,3,4,false,Executive,4,5,0,0,0,540.00,0.00,345.94,0.0
2026-04-08,3,4,false,Suite,5,5,1,1,0,1047.61,1047.61,345.94,20.0
2026-04-09,4,4,false,Standard,1,18,2,0,0,243.04,486.07,0.00,11.11111111111111
2026-04-09,4,4,false,Deluxe,2,12,3,2,0,427.58,1282.74,0.00,25.0
2026-04-09,4,4,false,Family,3,8,2,1,0,554.99,1109.97,0.00,25.0
2026-04-09,4,4,false,Executive,4,5,1,1,0,746.17,746.17,0.00,20.0
2026-04-09,4,4,false,Suite,5,5,1,0,0,1047.61,1047.61,0.00,20.0
2026-04-10,5,4,true,Standard,1,18,2,1,0,279.36,558.72,0.00,11.11111111111111
2026-04-10,5,4,true,Deluxe,2,12,3,0,1,427.58,1282.74,0.00,25.0
2026-04-10,5,4,true,Family,3,8,2,0,0,554.99,1109.97,0.00,25.0
2026-04-10,5,4,true,Executive,4,5,1,0,0,746.17,746.17,0.00,20.0
2026-04-10,5,4,true,Suite,5,5,1,0,0,1047.61,1047.61,0.00,20.0
2026-04-11,6,4,true,Standard,1,18,3,3,0,314.69,944.06,1682.63,16.666666666666668
2026-04-11,6,4,true,Deluxe,2,12,4,1,0,448.08,1792.31,1121.75,33.333333333333336
2026-04-11,6,4,true,Family,3,8,3,1,0,592.14,1776.42,747.83,37.5
2026-04-11,6,4,true,Executive,4,5,1,0,0,746.17,746.17,467.40,20.0
2026-04-11,6,4,true,Suite,5,5,1,0,0,1047.61,1047.61,467.40,20.0
2026-04-12,7,4,false,Standard,1,18,4,2,0,279.17,1116.66,0.00,22.22222222222222
2026-04-12,7,4,false,Deluxe,2,12,3,0,0,461.83,1385.49,0.00,25.0
2026-04-12,7,4,false,Family,3,8,3,0,0,592.14,1776.42,0.00,37.5
2026-04-12,7,4,false,Executive,4,5,0,0,0,540.00,0.00,0.00,0.0
2026-04-12,7,4,false,Suite,5,5,1,0,0,1047.61,1047.61,0.00,20.0
2026-04-13,1,4,false,Standard,1,18,3,0,0,269.28,807.85,0.00,16.666666666666668
2026-04-13,1,4,false,Deluxe,2,12,2,1,0,420.25,840.50,0.00,16.666666666666668
2026-04-13,1,4,false,Family,3,8,2,0,1,622.97,1245.93,0.00,25.0
2026-04-13,1,4,false,Executive,4,5,0,0,0,540.00,0.00,0.00,0.0
2026-04-13,1,4,false,Suite,5,5,0,0,0,760.00,0.00,0.00,0.0
2026-04-14,2,4,false,Standard,1,18,3,1,0,273.60,820.81,0.00,16.666666666666668
2026-04-14,2,4,false,Deluxe,2,12,2,1,0,401.09,802.18,0.00,16.666666666666668
2026-04-14,2,4,false,Family,3,8,2,1,0,588.52,1177.03,0.00,25.0
2026-04-14,2,4,false,Executive,4,5,0,0,0,540.00,0.00,0.00,0.0
2026-04-14,2,4,false,Suite,5,5,1,1,0,998.61,998.61,0.00,20.0
2026-04-15,3,4,false,Standard,1,18,2,1,0,256.48,512.95,2406.38,11.11111111111111
2026-04-15,3,4,false,Deluxe,2,12,2,0,0,401.09,802.18,1604.25,16.666666666666668
2026-04-15,3,4,false,Family,3,8,1,0,0,666.45,666.45,1069.50,12.5
2026-04-15,3,4,false,Executive,4,5,0,0,0,540.00,0.00,668.44,0.0
2026-04-15,3,4,false,Suite,5,5,2,1,0,996.38,1992.76,668.44,40.0
2026-04-16,4,4,false,Standard,1,18,5,3,0,267.80,1339.00,0.00,27.77777777777778
2026-04-16,4,4,false,Deluxe,2,12,1,0,0,402.71,402.71,0.00,8.333333333333334
2026-04-16,4,4,false,Family,3,8,0,0,0,430.00,0.00,0.00,0.0
2026-04-16,4,4,false,Executive,4,5,2,2,0,767.65,1535.30,0.00,40.0
2026-04-16,4,4,false,Suite,5,5,2,0,0,996.38,1992.76,0.00,40.0
2026-04-17,5,4,true,Standard,1,18,3,0,0,265.97,797.92,0.00,16.666666666666668
2026-04-17,5,4,true,Deluxe,2,12,1,1,0,503.36,503.36,0.00,8.333333333333334
2026-04-17,5,4,true,Family,3,8,0,0,0,430.00,0.00,0.00,0.0
2026-04-17,5,4,true,Executive,4,5,3,1,0,803.48,2410.43,0.00,60.0
2026-04-17,5,4,true,Suite,5,5,2,0,0,996.38,1992.76,0.00,40.0
2026-04-18,6,4,true,Standard,1,18,3,0,0,265.97,797.92,344.63,16.666666666666668
2026-04-18,6,4,true,Deluxe,2,12,1,0,0,503.36,503.36,229.75,8.333333333333334
2026-04-18,6,4,true,Family,3,8,0,0,0,430.00,0.00,153.17,0.0
2026-04-18,6,4,true,Executive,4,5,2,0,0,830.79,1661.58,95.73,40.0
2026-04-18,6,4,true,Suite,5,5,3,1,0,1101.33,3304.00,95.73,60.0
2026-04-19,7,4,false,Standard,1,18,4,1,0,263.14,1052.54,1534.13,22.22222222222222
2026-04-19,7,4,false,Deluxe,2,12,1,0,0,503.36,503.36,1022.75,8.333333333333334
2026-04-19,7,4,false,Family,3,8,0,0,0,430.00,0.00,681.83,0.0
2026-04-19,7,4,false,Executive,4,5,3,1,1,789.01,2367.02,426.15,60.0
2026-04-19,7,4,false,Suite,5,5,1,0,0,1311.24,1311.24,426.15,20.0
2026-04-20,1,4,false,Standard,1,18,4,1,1,263.07,1052.29,287.63,22.22222222222222
2026-04-20,1,4,false,Deluxe,2,12,3,2,0,428.70,1286.11,191.75,25.0
2026-04-20,1,4,false,Family,3,8,0,0,0,430.00,0.00,127.83,0.0
2026-04-20,1,4,false,Executive,4,5,2,0,0,745.95,1491.89,79.90,40.0
2026-04-20,1,4,false,Suite,5,5,0,0,0,760.00,0.00,79.90,0.0
2026-04-21,2,4,false,Standard,1,18,2,0,0,255.76,511.51,0.00,11.11111111111111
2026-04-21,2,4,false,Deluxe,2,12,2,0,0,448.83,897.65,0.00,16.666666666666668
2026-04-21,2,4,false,Family,3,8,0,0,0,430.00,0.00,0.00,0.0
2026-04-21,2,4,false,Executive,4,5,1,0,0,705.44,705.44,0.00,20.0
2026-04-21,2,4,false,Suite,5,5,1,1,0,991.21,991.21,0.00,20.0
2026-04-22,3,4,false,Standard,1,18,4,2,0,255.15,1020.59,0.00,22.22222222222222
2026-04-22,3,4,false,Deluxe,2,12,2,1,0,389.96,779.91,0.00,16.666666666666668
2026-04-22,3,4,false,Family,3,8,2,2,0,510.50,1021.00,0.00,25.0
2026-04-22,3,4,false,Executive,4,5,2,1,0,690.58,1381.15,0.00,40.0
2026-04-22,3,4,false,Suite,5,5,0,0,0,760.00,0.00,0.00,0.0
2026-04-23,4,4,false,Standard,1,18,2,0,0,254.54,509.08,9367.50,11.11111111111111
2026-04-23,4,4,false,Deluxe,2,12,3,1,1,404.74,1214.21,6245.00,25.0
2026-04-23,4,4,false,Family,3,8,3,1,0,540.58,1621.74,4163.33,37.5
2026-04-23,4,4,false,Executive,4,5,1,0,0,675.71,675.71,2602.08,20.0
2026-04-23,4,4,false,Suite,5,5,1,1,0,1132.64,1132.64,2602.08,20.0
2026-04-24,5,4,true,Standard,1,18,2,0,0,254.54,509.08,0.00,11.11111111111111
2026-04-24,5,4,true,Deluxe,2,12,4,1,0,421.69,1686.77,0.00,33.333333333333336
2026-04-24,5,4,true,Family,3,8,2,1,0,628.84,1257.68,0.00,25.0
2026-04-24,5,4,true,Executive,4,5,2,1,0,750.78,1501.55,0.00,40.0
2026-04-24,5,4,true,Suite,5,5,1,0,0,1132.64,1132.64,0.00,20.0
2026-04-25,6,4,true,Standard,1,18,2,0,1,254.54,509.08,391.50,11.11111111111111
2026-04-25,6,4,true,Deluxe,2,12,4,2,0,468.50,1873.99,261.00,33.333333333333336
2026-04-25,6,4,true,Family,3,8,2,2,0,648.61,1297.21,174.00,25.0
2026-04-25,6,4,true,Executive,4,5,3,1,0,788.34,2365.03,108.75,60.0
2026-04-25,6,4,true,Suite,5,5,2,1,0,1217.52,2435.03,108.75,40.0
2026-04-26,7,4,false,Standard,1,18,2,0,0,254.54,509.08,0.00,11.11111111111111
2026-04-26,7,4,false,Deluxe,2,12,4,0,0,468.50,1873.99,0.00,33.333333333333336
2026-04-26,7,4,false,Family,3,8,3,1,0,607.27,1821.82,0.00,37.5
2026-04-26,7,4,false,Executive,4,5,2,0,0,844.66,1689.32,0.00,40.0
2026-04-26,7,4,false,Suite,5,5,2,1,0,1078.14,2156.27,0.00,40.0
2026-04-27,1,4,false,Standard,1,18,0,0,0,220.00,0.00,7124.63,0.0
2026-04-27,1,4,false,Deluxe,2,12,4,1,0,461.31,1845.23,4749.75,33.333333333333336
2026-04-27,1,4,false,Family,3,8,3,0,0,607.27,1821.82,3166.50,37.5
2026-04-27,1,4,false,Executive,4,5,2,0,0,844.66,1689.32,1979.06,40.0
2026-04-27,1,4,false,Suite,5,5,2,0,0,1078.14,2156.27,1979.06,40.0
