date,dayOfWeek,month,weekend,roomType,roomTypeId,totalRooms,occupiedRoomNights,confirmedBookings,cancelledBookings,averageRoomPrice,dailyRevenue,dailyExpenses,occupancyRate
2024-05-19,7,5,False,Standard,1,9,0,0,0,350.0,0.0,0.0,0.0
2024-05-19,7,5,False,Deluxe,2,6,0,0,0,700.0,0.0,0.0,0.0
2024-05-19,7,5,False,Suite,3,3,0,0,0,1400.0,0.0,0.0,0.0
2024-05-20,1,5,False,Standard,1,9,0,0,0,350.0,0.0,0.0,0.0
2024-05-20,1,5,False,Deluxe,2,6,0,0,0,700.0,0.0,0.0,0.0
2024-05-20,1,5,False,Suite,3,3,0,0,0,1400.0,0.0,0.0,0.0
2024-05-21,2,5,False,Standard,1,9,0,0,0,350.0,0.0,0.0,0.0
2024-05-21,2,5,False,Deluxe,2,6,0,0,0,700.0,0.0,0.0,0.0
2024-05-21,2,5,False,Suite,3,3,0,0,0,1400.0,0.0,0.0,0.0
2024-05-22,3,5,False,Standard,1,9,0,0,0,350.0,0.0,0.0,0.0
2024-05-22,3,5,False,Deluxe,2,6,0,0,1,700.0,0.0,0.0,0.0
2024-05-22,3,5,False,Suite,3,3,0,0,0,1400.0,0.0,0.0,0.0
2024-05-23,4,5,False,Standard,1,9,0,0,0,350.0,0.0,0.0,0.0
2024-05-23,4,5,False,Deluxe,2,6,0,0,0,700.0,0.0,0.0,0.0
2024-05-23,4,5,False,Suite,3,3,0,0,0,1400.0,0.0,0.0,0.0
2024-05-24,5,5,True,Standard,1,9,0,0,0,350.0,0.0,0.0,0.0
2024-05-24,5,5,True,Deluxe,2,6,0,0,0,700.0,0.0,0.0,0.0
2024-05-24,5,5,True,Suite,3,3,0,0,0,1400.0,0.0,0.0,0.0
2024-05-25,6,5,True,Standard,1,9,1,1,0,402.5,402.5,0.0,11.11111111111111
2024-05-25,6,5,True,Deluxe,2,6,0,0,0,700.0,0.0,0.0,0.0
2024-05-25,6,5,True,Suite,3,3,0,0,0,1400.0,0.0,0.0,0.0
2024-05-26,7,5,False,Standard,1,9,1,0,0,402.5,402.5,0.0,11.11111111111111
2024-05-26,7,5,False,Deluxe,2,6,0,0,1,700.0,0.0,0.0,0.0
2024-05-26,7,5,False,Suite,3,3,0,0,0,1400.0,0.0,0.0,0.0
2024-05-27,1,5,False,Standard,1,9,1,0,0,402.5,402.5,0.0,11.11111111111111
2024-05-27,1,5,False,Deluxe,2,6,0,0,0,700.0,0.0,0.0,0.0
2024-05-27,1,5,False,Suite,3,3,0,0,0,1400.0,0.0,0.0,0.0
2024-05-28,2,5,False,Standard,1,9,1,0,0,402.5,402.5,21565.0,11.11111111111111
2024-05-28,2,5,False,Deluxe,2,6,0,0,0,700.0,0.0,14376.67,0.0
2024-05-28,2,5,False,Suite,3,3,0,0,0,1400.0,0.0,7188.33,0.0
2024-05-29,3,5,False,Standard,1,9,0,0,0,350.0,0.0,0.0,0.0
2024-05-29,3,5,False,Deluxe,2,6,0,0,0,700.0,0.0,0.0,0.0
2024-05-29,3,5,False,Suite,3,3,1,1,0,1610.0,1610.0,0.0,33.333333333333336
2024-05-30,4,5,False,Standard,1,9,0,0,0,350.0,0.0,1232.5,0.0
2024-05-30,4,5,False,Deluxe,2,6,0,0,0,700.0,0.0,821.67,0.0
2024-05-30,4,5,False,Suite,3,3,1,0,0,1610.0,1610.0,410.83,33.333333333333336
2024-05-31,5,5,True,Standard,1,9,1,1,0,402.5,402.5,0.0,11.11111111111111
2024-05-31,5,5,True,Deluxe,2,6,0,0,0,700.0,0.0,0.0,0.0
2024-05-31,5,5,True,Suite,3,3,1,0,0,1610.0,1610.0,0.0,33.333333333333336
2024-06-01,6,6,True,Standard,1,9,1,0,0,402.5,402.5,0.0,11.11111111111111
2024-06-01,6,6,True,Deluxe,2,6,0,0,0,700.0,0.0,0.0,0.0
2024-06-01,6,6,True,Suite,3,3,0,0,0,1400.0,0.0,0.0,0.0
2024-06-02,7,6,False,Standard,1,9,1,0,0,402.5,402.5,0.0,11.11111111111111
2024-06-02,7,6,False,Deluxe,2,6,0,0,0,700.0,0.0,0.0,0.0
2024-06-02,7,6,False,Suite,3,3,0,0,0,1400.0,0.0,0.0,0.0
2024-06-03,1,6,False,Standard,1,9,1,0,0,402.5,402.5,0.0,11.11111111111111
2024-06-03,1,6,False,Deluxe,2,6,0,0,0,700.0,0.0,0.0,0.0
2024-06-03,1,6,False,Suite,3,3,0,0,0,1400.0,0.0,0.0,0.0
2024-06-04,2,6,False,Standard,1,9,1,0,0,402.5,402.5,0.0,11.11111111111111
2024-06-04,2,6,False,Deluxe,2,6,0,0,0,700.0,0.0,0.0,0.0
2024-06-04,2,6,False,Suite,3,3,0,0,0,1400.0,0.0,0.0,0.0
2024-06-05,3,6,False,Standard,1,9,0,0,0,350.0,0.0,0.0,0.0
2024-06-05,3,6,False,Deluxe,2,6,0,0,0,700.0,0.0,0.0,0.0
2024-06-05,3,6,False,Suite,3,3,1,1,0,1610.0,1610.0,0.0,33.333333333333336
2024-06-06,4,6,False,Standard,1,9,0,0,0,350.0,0.0,0.0,0.0
2024-06-06,4,6,False,Deluxe,2,6,0,0,0,700.0,0.0,0.0,0.0
2024-06-06,4,6,False,Suite,3,3,0,0,0,1400.0,0.0,0.0,0.0
2024-06-07,5,6,True,Standard,1,9,0,0,0,350.0,0.0,0.0,0.0
2024-06-07,5,6,True,Deluxe,2,6,0,0,0,700.0,0.0,0.0,0.0
2024-06-07,5,6,True,Suite,3,3,0,0,0,1400.0,0.0,0.0,0.0
2024-06-08,6,6,True,Standard,1,9,0,0,0,350.0,0.0,0.0,0.0
2024-06-08,6,6,True,Deluxe,2,6,0,0,0,700.0,0.0,0.0,0.0
2024-06-08,6,6,True,Suite,3,3,0,0,0,1400.0,0.0,0.0,0.0
2024-06-09,7,6,False,Standard,1,9,0,0,0,350.0,0.0,340.0,0.0
2024-06-09,7,6,False,Deluxe,2,6,0,0,0,700.0,0.0,226.67,0.0
2024-06-09,7,6,False,Suite,3,3,0,0,0,1400.0,0.0,113.33,0.0
2024-06-10,1,6,False,Standard,1,9,0,0,0,350.0,0.0,0.0,0.0
2024-06-10,1,6,False,Deluxe,2,6,0,0,0,700.0,0.0,0.0,0.0
2024-06-10,1,6,False,Suite,3,3,0,0,0,1400.0,0.0,0.0,0.0
2024-06-11,2,6,False,Standard,1,9,0,0,0,350.0,0.0,0.0,0.0
2024-06-11,2,6,False,Deluxe,2,6,0,0,0,700.0,0.0,0.0,0.0
2024-06-11,2,6,False,Suite,3,3,0,0,0,1400.0,0.0,0.0,0.0
2024-06-12,3,6,False,Standard,1,9,1,1,0,402.5,402.5,2105.0,11.11111111111111
2024-06-12,3,6,False,Deluxe,2,6,0,0,0,700.0,0.0,1403.33,0.0
2024-06-12,3,6,False,Suite,3,3,0,0,0,1400.0,0.0,701.67,0.0
2024-06-13,4,6,False,Standard,1,9,1,0,0,402.5,402.5,0.0,11.11111111111111
2024-06-13,4,6,False,Deluxe,2,6,0,0,0,700.0,0.0,0.0,0.0
2024-06-13,4,6,False,Suite,3,3,0,0,0,1400.0,0.0,0.0,0.0
2024-06-14,5,6,True,Standard,1,9,1,0,0,402.5,402.5,0.0,11.11111111111111
2024-06-14,5,6,True,Deluxe,2,6,1,1,0,805.0,805.0,0.0,16.666666666666668
2024-06-14,5,6,True,Suite,3,3,0,0,0,1400.0,0.0,0.0,0.0
2024-06-15,6,6,True,Standard,1,9,0,0,0,350.0,0.0,0.0,0.0
2024-06-15,6,6,True,Deluxe,2,6,1,0,0,805.0,805.0,0.0,16.666666666666668
2024-06-15,6,6,True,Suite,3,3,0,0,0,1400.0,0.0,0.0,0.0
2024-06-16,7,6,False,Standard,1,9,0,0,0,350.0,0.0,0.0,0.0
2024-06-16,7,6,False,Deluxe,2,6,1,0,0,805.0,805.0,0.0,16.666666666666668
2024-06-16,7,6,False,Suite,3,3,0,0,0,1400.0,0.0,0.0,0.0
2024-06-17,1,6,False,Standard,1,9,1,1,0,402.5,402.5,0.0,11.11111111111111
2024-06-17,1,6,False,Deluxe,2,6,0,0,0,700.0,0.0,0.0,0.0
2024-06-17,1,6,False,Suite,3,3,0,0,0,1400.0,0.0,0.0,0.0
2024-06-18,2,6,False,Standard,1,9,0,0,0,350.0,0.0,0.0,0.0
2024-06-18,2,6,False,Deluxe,2,6,0,0,0,700.0,0.0,0.0,0.0
2024-06-18,2,6,False,Suite,3,3,0,0,0,1400.0,0.0,0.0,0.0
2024-06-19,3,6,False,Standard,1,9,1,1,0,402.5,402.5,0.0,11.11111111111111
2024-06-19,3,6,False,Deluxe,2,6,0,0,0,700.0,0.0,0.0,0.0
2024-06-19,3,6,False,Suite,3,3,0,0,0,1400.0,0.0,0.0,0.0
2024-06-20,4,6,False,Standard,1,9,1,0,0,402.5,402.5,0.0,11.11111111111111
2024-06-20,4,6,False,Deluxe,2,6,0,0,0,700.0,0.0,0.0,0.0
2024-06-20,4,6,False,Suite,3,3,2,2,0,1610.0,3220.0,0.0,66.66666666666667
2024-06-21,5,6,True,Standard,1,9,1,0,0,402.5,402.5,0.0,11.11111111111111
2024-06-21,5,6,True,Deluxe,2,6,0,0,0,700.0,0.0,0.0,0.0
2024-06-21,5,6,True,Suite,3,3,2,0,0,1610.0,3220.0,0.0,66.66666666666667
2024-06-22,6,6,True,Standard,1,9,0,0,0,350.0,0.0,0.0,0.0
2024-06-22,6,6,True,Deluxe,2,6,0,0,0,700.0,0.0,0.0,0.0
2024-06-22,6,6,True,Suite,3,3,2,0,0,1610.0,3220.0,0.0,66.66666666666667
2024-06-23,7,6,False,Standard,1,9,0,0,0,350.0,0.0,0.0,0.0
2024-06-23,7,6,False,Deluxe,2,6,0,0,0,700.0,0.0,0.0,0.0
2024-06-23,7,6,False,Suite,3,3,2,0,0,1610.0,3220.0,0.0,66.66666666666667
2024-06-24,1,6,False,Standard,1,9,0,0,0,350.0,0.0,0.0,0.0
2024-06-24,1,6,False,Deluxe,2,6,0,0,0,700.0,0.0,0.0,0.0
2024-06-24,1,6,False,Suite,3,3,1,0,0,1610.0,1610.0,0.0,33.333333333333336
2024-06-25,2,6,False,Standard,1,9,0,0,0,350.0,0.0,0.0,0.0
2024-06-25,2,6,False,Deluxe,2,6,0,0,0,700.0,0.0,0.0,0.0
2024-06-25,2,6,False,Suite,3,3,1,0,0,1610.0,1610.0,0.0,33.333333333333336
2024-06-26,3,6,False,Standard,1,9,0,0,0,350.0,0.0,0.0,0.0
2024-06-26,3,6,False,Deluxe,2,6,1,1,0,805.0,805.0,0.0,16.666666666666668
2024-06-26,3,6,False,Suite,3,3,1,0,0,1610.0,1610.0,0.0,33.333333333333336
2024-06-27,4,6,False,Standard,1,9,0,0,0,350.0,0.0,0.0,0.0
2024-06-27,4,6,False,Deluxe,2,6,1,0,0,805.0,805.0,0.0,16.666666666666668
2024-06-27,4,6,False,Suite,3,3,0,0,0,1400.0,0.0,0.0,0.0
2024-06-28,5,6,True,Standard,1,9,0,0,0,350.0,0.0,21673.5,0.0
2024-06-28,5,6,True,Deluxe,2,6,0,0,0,700.0,0.0,14449.0,0.0
2024-06-28,5,6,True,Suite,3,3,1,1,0,1610.0,1610.0,7224.5,33.333333333333336
2024-06-29,6,6,True,Standard,1,9,0,0,0,350.0,0.0,0.0,0.0
2024-06-29,6,6,True,Deluxe,2,6,0,0,1,700.0,0.0,0.0,0.0
2024-06-29,6,6,True,Suite,3,3,1,0,0,1610.0,1610.0,0.0,33.333333333333336
2024-06-30,7,6,False,Standard,1,9,0,0,0,350.0,0.0,0.0,0.0
2024-06-30,7,6,False,Deluxe,2,6,0,0,0,700.0,0.0,0.0,0.0
2024-06-30,7,6,False,Suite,3,3,1,0,0,1610.0,1610.0,0.0,33.333333333333336
2024-07-01,1,7,False,Standard,1,9,0,0,0,350.0,0.0,0.0,0.0
2024-07-01,1,7,False,Deluxe,2,6,0,0,0,700.0,0.0,0.0,0.0
2024-07-01,1,7,False,Suite,3,3,1,0,0,1610.0,1610.0,0.0,33.333333333333336
2024-07-02,2,7,False,Standard,1,9,0,0,0,350.0,0.0,0.0,0.0
2024-07-02,2,7,False,Deluxe,2,6,0,0,0,700.0,0.0,0.0,0.0
2024-07-02,2,7,False,Suite,3,3,0,0,0,1400.0,0.0,0.0,0.0
2024-07-03,3,7,False,Standard,1,9,0,0,0,350.0,0.0,0.0,0.0
2024-07-03,3,7,False,Deluxe,2,6,0,0,0,700.0,0.0,0.0,0.0
2024-07-03,3,7,False,Suite,3,3,0,0,0,1400.0,0.0,0.0,0.0
2024-07-04,4,7,False,Standard,1,9,1,1,0,402.5,402.5,0.0,11.11111111111111
2024-07-04,4,7,False,Deluxe,2,6,0,0,0,700.0,0.0,0.0,0.0
2024-07-04,4,7,False,Suite,3,3,0,0,0,1400.0,0.0,0.0,0.0
2024-07-05,5,7,True,Standard,1,9,1,0,0,402.5,402.5,0.0,11.11111111111111
2024-07-05,5,7,True,Deluxe,2,6,1,1,0,805.0,805.0,0.0,16.666666666666668
2024-07-05,5,7,True,Suite,3,3,0,0,0,1400.0,0.0,0.0,0.0
2024-07-06,6,7,True,Standard,1,9,2,1,0,402.5,805.0,0.0,22.22222222222222
2024-07-06,6,7,True,Deluxe,2,6,1,0,0,805.0,805.0,0.0,16.666666666666668
2024-07-06,6,7,True,Suite,3,3,0,0,0,1400.0,0.0,0.0,0.0
2024-07-07,7,7,False,Standard,1,9,0,0,0,350.0,0.0,0.0,0.0
2024-07-07,7,7,False,Deluxe,2,6,1,0,0,805.0,805.0,0.0,16.666666666666668
2024-07-07,7,7,False,Suite,3,3,0,0,0,1400.0,0.0,0.0,0.0
2024-07-08,1,7,False,Standard,1,9,0,0,0,350.0,0.0,0.0,0.0
2024-07-08,1,7,False,Deluxe,2,6,1,0,0,805.0,805.0,0.0,16.666666666666668
2024-07-08,1,7,False,Suite,3,3,0,0,0,1400.0,0.0,0.0,0.0
2024-07-09,2,7,False,Standard,1,9,0,0,0,350.0,0.0,0.0,0.0
2024-07-09,2,7,False,Deluxe,2,6,0,0,0,700.0,0.0,0.0,0.0
2024-07-09,2,7,False,Suite,3,3,0,0,0,1400.0,0.0,0.0,0.0
2024-07-10,3,7,False,Standard,1,9,0,0,0,350.0,0.0,0.0,0.0
2024-07-10,3,7,False,Deluxe,2,6,0,0,0,700.0,0.0,0.0,0.0
2024-07-10,3,7,False,Suite,3,3,0,0,0,1400.0,0.0,0.0,0.0
2024-07-11,4,7,False,Standard,1,9,1,1,0,402.5,402.5,0.0,11.11111111111111
2024-07-11,4,7,False,Deluxe,2,6,0,0,0,700.0,0.0,0.0,0.0
2024-07-11,4,7,False,Suite,3,3,0,0,0,1400.0,0.0,0.0,0.0
2024-07-12,5,7,True,Standard,1,9,1,0,0,402.5,402.5,6876.0,11.11111111111111
2024-07-12,5,7,True,Deluxe,2,6,0,0,1,700.0,0.0,4584.0,0.0
2024-07-12,5,7,True,Suite,3,3,0,0,0,1400.0,0.0,2292.0,0.0
2024-07-13,6,7,True,Standard,1,9,1,0,0,402.5,402.5,0.0,11.11111111111111
2024-07-13,6,7,True,Deluxe,2,6,0,0,0,700.0,0.0,0.0,0.0
2024-07-13,6,7,True,Suite,3,3,0,0,0,1400.0,0.0,0.0,0.0
2024-07-14,7,7,False,Standard,1,9,1,0,0,402.5,402.5,0.0,11.11111111111111
2024-07-14,7,7,False,Deluxe,2,6,0,0,0,700.0,0.0,0.0,0.0
2024-07-14,7,7,False,Suite,3,3,0,0,0,1400.0,0.0,0.0,0.0
2024-07-15,1,7,False,Standard,1,9,1,0,0,402.5,402.5,0.0,11.11111111111111
2024-07-15,1,7,False,Deluxe,2,6,0,0,0,700.0,0.0,0.0,0.0
2024-07-15,1,7,False,Suite,3,3,0,0,0,1400.0,0.0,0.0,0.0
2024-07-16,2,7,False,Standard,1,9,1,0,0,402.5,402.5,0.0,11.11111111111111
2024-07-16,2,7,False,Deluxe,2,6,0,0,0,700.0,0.0,0.0,0.0
2024-07-16,2,7,False,Suite,3,3,0,0,0,1400.0,0.0,0.0,0.0
2024-07-17,3,7,False,Standard,1,9,0,0,0,350.0,0.0,0.0,0.0
2024-07-17,3,7,False,Deluxe,2,6,0,0,0,700.0,0.0,0.0,0.0
2024-07-17,3,7,False,Suite,3,3,0,0,0,1400.0,0.0,0.0,0.0
2024-07-18,4,7,False,Standard,1,9,0,0,0,350.0,0.0,0.0,0.0
2024-07-18,4,7,False,Deluxe,2,6,0,0,0,700.0,0.0,0.0,0.0
2024-07-18,4,7,False,Suite,3,3,0,0,0,1400.0,0.0,0.0,0.0
2024-07-19,5,7,True,Standard,1,9,1,1,0,402.5,402.5,1087.0,11.11111111111111
2024-07-19,5,7,True,Deluxe,2,6,0,0,0,700.0,0.0,724.67,0.0
2024-07-19,5,7,True,Suite,3,3,0,0,0,1400.0,0.0,362.33,0.0
2024-07-20,6,7,True,Standard,1,9,1,0,0,402.5,402.5,0.0,11.11111111111111
2024-07-20,6,7,True,Deluxe,2,6,1,1,0,805.0,805.0,0.0,16.666666666666668
2024-07-20,6,7,True,Suite,3,3,0,0,0,1400.0,0.0,0.0,0.0
2024-07-21,7,7,False,Standard,1,9,1,0,0,402.5,402.5,0.0,11.11111111111111
2024-07-21,7,7,False,Deluxe,2,6,1,0,1,805.0,805.0,0.0,16.666666666666668
2024-07-21,7,7,False,Suite,3,3,0,0,0,1400.0,0.0,0.0,0.0
2024-07-22,1,7,False,Standard,1,9,0,0,0,350.0,0.0,0.0,0.0
2024-07-22,1,7,False,Deluxe,2,6,1,0,0,805.0,805.0,0.0,16.666666666666668
2024-07-22,1,7,False,Suite,3,3,0,0,0,1400.0,0.0,0.0,0.0
2024-07-23,2,7,False,Standard,1,9,0,0,0,350.0,0.0,0.0,0.0
2024-07-23,2,7,False,Deluxe,2,6,0,0,0,700.0,0.0,0.0,0.0
2024-07-23,2,7,False,Suite,3,3,0,0,0,1400.0,0.0,0.0,0.0
2024-07-24,3,7,False,Standard,1,9,0,0,0,350.0,0.0,664.0,0.0
2024-07-24,3,7,False,Deluxe,2,6,0,0,0,700.0,0.0,442.67,0.0
2024-07-24,3,7,False,Suite,3,3,0,0,0,1400.0,0.0,221.33,0.0
2024-07-25,4,7,False,Standard,1,9,0,0,0,350.0,0.0,0.0,0.0
2024-07-25,4,7,False,Deluxe,2,6,0,0,0,700.0,0.0,0.0,0.0
2024-07-25,4,7,False,Suite,3,3,0,0,0,1400.0,0.0,0.0,0.0
2024-07-26,5,7,True,Standard,1,9,0,0,0,350.0,0.0,0.0,0.0
2024-07-26,5,7,True,Deluxe,2,6,0,0,0,700.0,0.0,0.0,0.0
2024-07-26,5,7,True,Suite,3,3,0,0,0,1400.0,0.0,0.0,0.0
2024-07-27,6,7,True,Standard,1,9,0,0,0,350.0,0.0,0.0,0.0
2024-07-27,6,7,True,Deluxe,2,6,0,0,0,700.0,0.0,0.0,0.0
2024-07-27,6,7,True,Suite,3,3,0,0,0,1400.0,0.0,0.0,0.0
2024-07-28,7,7,False,Standard,1,9,0,0,0,350.0,0.0,22707.5,0.0
2024-07-28,7,7,False,Deluxe,2,6,0,0,0,700.0,0.0,15138.33,0.0
2024-07-28,7,7,False,Suite,3,3,0,0,0,1400.0,0.0,7569.17,0.0
2024-07-29,1,7,False,Standard,1,9,0,0,0,350.0,0.0,0.0,0.0
2024-07-29,1,7,False,Deluxe,2,6,0,0,0,700.0,0.0,0.0,0.0
2024-07-29,1,7,False,Suite,3,3,0,0,0,1400.0,0.0,0.0,0.0
2024-07-30,2,7,False,Standard,1,9,0,0,0,350.0,0.0,0.0,0.0
2024-07-30,2,7,False,Deluxe,2,6,0,0,1,700.0,0.0,0.0,0.0
2024-07-30,2,7,False,Suite,3,3,1,1,0,1610.0,1610.0,0.0,33.333333333333336
2024-07-31,3,7,False,Standard,1,9,0,0,0,350.0,0.0,3747.5,0.0
2024-07-31,3,7,False,Deluxe,2,6,0,0,0,700.0,0.0,2498.33,0.0
2024-07-31,3,7,False,Suite,3,3,0,0,0,1400.0,0.0,1249.17,0.0
2024-08-01,4,8,False,Standard,1,9,2,2,0,402.5,805.0,0.0,22.22222222222222
2024-08-01,4,8,False,Deluxe,2,6,0,0,0,700.0,0.0,0.0,0.0
2024-08-01,4,8,False,Suite,3,3,0,0,0,1400.0,0.0,0.0,0.0
2024-08-02,5,8,True,Standard,1,9,2,1,0,402.5,805.0,0.0,22.22222222222222
2024-08-02,5,8,True,Deluxe,2,6,0,0,0,700.0,0.0,0.0,0.0
2024-08-02,5,8,True,Suite,3,3,0,0,0,1400.0,0.0,0.0,0.0
2024-08-03,6,8,True,Standard,1,9,2,0,0,402.5,805.0,0.0,22.22222222222222
2024-08-03,6,8,True,Deluxe,2,6,0,0,0,700.0,0.0,0.0,0.0
2024-08-03,6,8,True,Suite,3,3,0,0,0,1400.0,0.0,0.0,0.0
2024-08-04,7,8,False,Standard,1,9,0,0,0,350.0,0.0,0.0,0.0
2024-08-04,7,8,False,Deluxe,2,6,0,0,0,700.0,0.0,0.0,0.0
2024-08-04,7,8,False,Suite,3,3,0,0,0,1400.0,0.0,0.0,0.0
2024-08-05,1,8,False,Standard,1,9,0,0,0,350.0,0.0,0.0,0.0
2024-08-05,1,8,False,Deluxe,2,6,0,0,0,700.0,0.0,0.0,0.0
2024-08-05,1,8,False,Suite,3,3,0,0,0,1400.0,0.0,0.0,0.0
2024-08-06,2,8,False,Standard,1,9,0,0,0,350.0,0.0,0.0,0.0
2024-08-06,2,8,False,Deluxe,2,6,0,0,0,700.0,0.0,0.0,0.0
2024-08-06,2,8,False,Suite,3,3,1,1,0,1610.0,1610.0,0.0,33.333333333333336
2024-08-07,3,8,False,Standard,1,9,1,1,0,402.5,402.5,0.0,11.11111111111111
2024-08-07,3,8,False,Deluxe,2,6,0,0,0,700.0,0.0,0.0,0.0
2024-08-07,3,8,False,Suite,3,3,0,0,0,1400.0,0.0,0.0,0.0
2024-08-08,4,8,False,Standard,1,9,2,1,0,402.5,805.0,0.0,22.22222222222222
2024-08-08,4,8,False,Deluxe,2,6,0,0,0,700.0,0.0,0.0,0.0
2024-08-08,4,8,False,Suite,3,3,1,1,0,1610.0,1610.0,0.0,33.333333333333336
2024-08-09,5,8,True,Standard,1,9,2,0,0,402.5,805.0,0.0,22.22222222222222
2024-08-09,5,8,True,Deluxe,2,6,0,0,0,700.0,0.0,0.0,0.0
2024-08-09,5,8,True,Suite,3,3,1,0,0,1610.0,1610.0,0.0,33.333333333333336
2024-08-10,6,8,True,Standard,1,9,1,0,0,402.5,402.5,0.0,11.11111111111111
2024-08-10,6,8,True,Deluxe,2,6,1,1,0,805.0,805.0,0.0,16.666666666666668
2024-08-10,6,8,True,Suite,3,3,0,0,0,1400.0,0.0,0.0,0.0
2024-08-11,7,8,False,Standard,1,9,1,0,0,402.5,402.5,0.0,11.11111111111111
2024-08-11,7,8,False,Deluxe,2,6,1,0,0,805.0,805.0,0.0,16.666666666666668
2024-08-11,7,8,False,Suite,3,3,0,0,0,1400.0,0.0,0.0,0.0
2024-08-12,1,8,False,Standard,1,9,2,1,0,402.5,805.0,0.0,22.22222222222222
2024-08-12,1,8,False,Deluxe,2,6,1,0,0,805.0,805.0,0.0,16.666666666666668
2024-08-12,1,8,False,Suite,3,3,0,0,0,1400.0,0.0,0.0,0.0
2024-08-13,2,8,False,Standard,1,9,1,0,0,402.5,402.5,0.0,11.11111111111111
2024-08-13,2,8,False,Deluxe,2,6,0,0,0,700.0,0.0,0.0,0.0
2024-08-13,2,8,False,Suite,3,3,0,0,0,1400.0,0.0,0.0,0.0
2024-08-14,3,8,False,Standard,1,9,1,0,0,402.5,402.5,0.0,11.11111111111111
2024-08-14,3,8,False,Deluxe,2,6,0,0,0,700.0,0.0,0.0,0.0
2024-08-14,3,8,False,Suite,3,3,0,0,0,1400.0,0.0,0.0,0.0
2024-08-15,4,8,False,Standard,1,9,1,0,0,402.5,402.5,0.0,11.11111111111111
2024-08-15,4,8,False,Deluxe,2,6,0,0,0,700.0,0.0,0.0,0.0
2024-08-15,4,8,False,Suite,3,3,0,0,0,1400.0,0.0,0.0,0.0
2024-08-16,5,8,True,Standard,1,9,1,0,0,402.5,402.5,0.0,11.11111111111111
2024-08-16,5,8,True,Deluxe,2,6,0,0,0,700.0,0.0,0.0,0.0
2024-08-16,5,8,True,Suite,3,3,0,0,0,1400.0,0.0,0.0,0.0
2024-08-17,6,8,True,Standard,1,9,1,0,0,402.5,402.5,0.0,11.11111111111111
2024-08-17,6,8,True,Deluxe,2,6,0,0,0,700.0,0.0,0.0,0.0
2024-08-17,6,8,True,Suite,3,3,0,0,0,1400.0,0.0,0.0,0.0
2024-08-18,7,8,False,Standard,1,9,1,0,0,402.5,402.5,0.0,11.11111111111111
2024-08-18,7,8,False,Deluxe,2,6,0,0,0,700.0,0.0,0.0,0.0
2024-08-18,7,8,False,Suite,3,3,0,0,0,1400.0,0.0,0.0,0.0
2024-08-19,1,8,False,Standard,1,9,0,0,0,350.0,0.0,0.0,0.0
2024-08-19,1,8,False,Deluxe,2,6,0,0,0,700.0,0.0,0.0,0.0
2024-08-19,1,8,False,Suite,3,3,0,0,0,1400.0,0.0,0.0,0.0
2024-08-20,2,8,False,Standard,1,9,0,0,0,350.0,0.0,0.0,0.0
2024-08-20,2,8,False,Deluxe,2,6,0,0,0,700.0,0.0,0.0,0.0
2024-08-20,2,8,False,Suite,3,3,0,0,0,1400.0,0.0,0.0,0.0
2024-08-21,3,8,False,Standard,1,9,0,0,0,350.0,0.0,0.0,0.0
2024-08-21,3,8,False,Deluxe,2,6,0,0,0,700.0,0.0,0.0,0.0
2024-08-21,3,8,False,Suite,3,3,0,0,0,1400.0,0.0,0.0,0.0
2024-08-22,4,8,False,Standard,1,9,0,0,0,350.0,0.0,0.0,0.0
2024-08-22,4,8,False,Deluxe,2,6,0,0,0,700.0,0.0,0.0,0.0
2024-08-22,4,8,False,Suite,3,3,0,0,0,1400.0,0.0,0.0,0.0
2024-08-23,5,8,True,Standard,1,9,0,0,0,350.0,0.0,0.0,0.0
2024-08-23,5,8,True,Deluxe,2,6,0,0,0,700.0,0.0,0.0,0.0
2024-08-23,5,8,True,Suite,3,3,0,0,0,1400.0,0.0,0.0,0.0
2024-08-24,6,8,True,Standard,1,9,0,0,0,350.0,0.0,0.0,0.0
2024-08-24,6,8,True,Deluxe,2,6,0,0,0,700.0,0.0,0.0,0.0
2024-08-24,6,8,True,Suite,3,3,0,0,0,1400.0,0.0,0.0,0.0
2024-08-25,7,8,False,Standard,1,9,0,0,0,350.0,0.0,281.5,0.0
2024-08-25,7,8,False,Deluxe,2,6,0,0,0,700.0,0.0,187.67,0.0
2024-08-25,7,8,False,Suite,3,3,0,0,0,1400.0,0.0,93.83,0.0
2024-08-26,1,8,False,Standard,1,9,0,0,0,350.0,0.0,0.0,0.0
2024-08-26,1,8,False,Deluxe,2,6,0,0,0,700.0,0.0,0.0,0.0
2024-08-26,1,8,False,Suite,3,3,0,0,0,1400.0,0.0,0.0,0.0
2024-08-27,2,8,False,Standard,1,9,0,0,0,350.0,0.0,0.0,0.0
2024-08-27,2,8,False,Deluxe,2,6,0,0,0,700.0,0.0,0.0,0.0
2024-08-27,2,8,False,Suite,3,3,0,0,0,1400.0,0.0,0.0,0.0
2024-08-28,3,8,False,Standard,1,9,0,0,0,350.0,0.0,23458.0,0.0
2024-08-28,3,8,False,Deluxe,2,6,0,0,0,700.0,0.0,15638.67,0.0
2024-08-28,3,8,False,Suite,3,3,0,0,0,1400.0,0.0,7819.33,0.0
2024-08-29,4,8,False,Standard,1,9,0,0,0,350.0,0.0,0.0,0.0
2024-08-29,4,8,False,Deluxe,2,6,1,1,0,805.0,805.0,0.0,16.666666666666668
2024-08-29,4,8,False,Suite,3,3,0,0,0,1400.0,0.0,0.0,0.0
2024-08-30,5,8,True,Standard,1,9,0,0,0,350.0,0.0,0.0,0.0
2024-08-30,5,8,True,Deluxe,2,6,0,0,0,700.0,0.0,0.0,0.0
2024-08-30,5,8,True,Suite,3,3,0,0,0,1400.0,0.0,0.0,0.0
2024-08-31,6,8,True,Standard,1,9,0,0,0,350.0,0.0,0.0,0.0
2024-08-31,6,8,True,Deluxe,2,6,0,0,0,700.0,0.0,0.0,0.0
2024-08-31,6,8,True,Suite,3,3,0,0,0,1400.0,0.0,0.0,0.0
2024-09-01,7,9,False,Standard,1,9,0,0,0,350.0,0.0,1055.0,0.0
2024-09-01,7,9,False,Deluxe,2,6,0,0,0,700.0,0.0,703.33,0.0
2024-09-01,7,9,False,Suite,3,3,0,0,0,1400.0,0.0,351.67,0.0
2024-09-02,1,9,False,Standard,1,9,0,0,0,350.0,0.0,0.0,0.0
2024-09-02,1,9,False,Deluxe,2,6,0,0,0,700.0,0.0,0.0,0.0
2024-09-02,1,9,False,Suite,3,3,0,0,0,1400.0,0.0,0.0,0.0
2024-09-03,2,9,False,Standard,1,9,0,0,0,350.0,0.0,0.0,0.0
2024-09-03,2,9,False,Deluxe,2,6,0,0,0,700.0,0.0,0.0,0.0
2024-09-03,2,9,False,Suite,3,3,0,0,0,1400.0,0.0,0.0,0.0
2024-09-04,3,9,False,Standard,1,9,0,0,0,350.0,0.0,0.0,0.0
2024-09-04,3,9,False,Deluxe,2,6,0,0,0,700.0,0.0,0.0,0.0
2024-09-04,3,9,False,Suite,3,3,0,0,0,1400.0,0.0,0.0,0.0
2024-09-05,4,9,False,Standard,1,9,0,0,0,350.0,0.0,0.0,0.0
2024-09-05,4,9,False,Deluxe,2,6,0,0,0,700.0,0.0,0.0,0.0
2024-09-05,4,9,False,Suite,3,3,0,0,0,1400.0,0.0,0.0,0.0
2024-09-06,5,9,True,Standard,1,9,1,1,0,402.5,402.5,0.0,11.11111111111111
2024-09-06,5,9,True,Deluxe,2,6,0,0,0,700.0,0.0,0.0,0.0
2024-09-06,5,9,True,Suite,3,3,0,0,0,1400.0,0.0,0.0,0.0
2024-09-07,6,9,True,Standard,1,9,1,0,0,402.5,402.5,0.0,11.11111111111111
2024-09-07,6,9,True,Deluxe,2,6,0,0,0,700.0,0.0,0.0,0.0
2024-09-07,6,9,True,Suite,3,3,0,0,0,1400.0,0.0,0.0,0.0
2024-09-08,7,9,False,Standard,1,9,1,0,0,402.5,402.5,0.0,11.11111111111111
2024-09-08,7,9,False,Deluxe,2,6,0,0,0,700.0,0.0,0.0,0.0
2024-09-08,7,9,False,Suite,3,3,0,0,0,1400.0,0.0,0.0,0.0
2024-09-09,1,9,False,Standard,1,9,0,0,0,350.0,0.0,346.5,0.0
2024-09-09,1,9,False,Deluxe,2,6,0,0,0,700.0,0.0,231.0,0.0
2024-09-09,1,9,False,Suite,3,3,0,0,0,1400.0,0.0,115.5,0.0
2024-09-10,2,9,False,Standard,1,9,0,0,0,350.0,0.0,0.0,0.0
2024-09-10,2,9,False,Deluxe,2,6,0,0,0,700.0,0.0,0.0,0.0
2024-09-10,2,9,False,Suite,3,3,0,0,1,1400.0,0.0,0.0,0.0
2024-09-11,3,9,False,Standard,1,9,0,0,0,350.0,0.0,0.0,0.0
2024-09-11,3,9,False,Deluxe,2,6,0,0,0,700.0,0.0,0.0,0.0
2024-09-11,3,9,False,Suite,3,3,0,0,0,1400.0,0.0,0.0,0.0
2024-09-12,4,9,False,Standard,1,9,0,0,0,350.0,0.0,0.0,0.0
2024-09-12,4,9,False,Deluxe,2,6,0,0,0,700.0,0.0,0.0,0.0
2024-09-12,4,9,False,Suite,3,3,0,0,0,1400.0,0.0,0.0,0.0
2024-09-13,5,9,True,Standard,1,9,0,0,0,350.0,0.0,4608.5,0.0
2024-09-13,5,9,True,Deluxe,2,6,0,0,0,700.0,0.0,3072.33,0.0
2024-09-13,5,9,True,Suite,3,3,0,0,1,1400.0,0.0,1536.17,0.0
2024-09-14,6,9,True,Standard,1,9,0,0,0,350.0,0.0,0.0,0.0
2024-09-14,6,9,True,Deluxe,2,6,0,0,0,700.0,0.0,0.0,0.0
2024-09-14,6,9,True,Suite,3,3,0,0,0,1400.0,0.0,0.0,0.0
2024-09-15,7,9,False,Standard,1,9,0,0,0,350.0,0.0,0.0,0.0
2024-09-15,7,9,False,Deluxe,2,6,0,0,0,700.0,0.0,0.0,0.0
2024-09-15,7,9,False,Suite,3,3,0,0,0,1400.0,0.0,0.0,0.0
2024-09-16,1,9,False,Standard,1,9,0,0,0,350.0,0.0,0.0,0.0
2024-09-16,1,9,False,Deluxe,2,6,0,0,0,700.0,0.0,0.0,0.0
2024-09-16,1,9,False,Suite,3,3,0,0,0,1400.0,0.0,0.0,0.0
2024-09-17,2,9,False,Standard,1,9,0,0,0,350.0,0.0,0.0,0.0
2024-09-17,2,9,False,Deluxe,2,6,0,0,0,700.0,0.0,0.0,0.0
2024-09-17,2,9,False,Suite,3,3,0,0,0,1400.0,0.0,0.0,0.0
2024-09-18,3,9,False,Standard,1,9,0,0,0,350.0,0.0,0.0,0.0
2024-09-18,3,9,False,Deluxe,2,6,0,0,0,700.0,0.0,0.0,0.0
2024-09-18,3,9,False,Suite,3,3,0,0,0,1400.0,0.0,0.0,0.0
2024-09-19,4,9,False,Standard,1,9,0,0,0,350.0,0.0,0.0,0.0
2024-09-19,4,9,False,Deluxe,2,6,0,0,0,700.0,0.0,0.0,0.0
2024-09-19,4,9,False,Suite,3,3,0,0,0,1400.0,0.0,0.0,0.0
2024-09-20,5,9,True,Standard,1,9,0,0,0,350.0,0.0,0.0,0.0
2024-09-20,5,9,True,Deluxe,2,6,0,0,0,700.0,0.0,0.0,0.0
2024-09-20,5,9,True,Suite,3,3,0,0,0,1400.0,0.0,0.0,0.0
2024-09-21,6,9,True,Standard,1,9,0,0,0,350.0,0.0,0.0,0.0
2024-09-21,6,9,True,Deluxe,2,6,0,0,0,700.0,0.0,0.0,0.0
2024-09-21,6,9,True,Suite,3,3,0,0,0,1400.0,0.0,0.0,0.0
2024-09-22,7,9,False,Standard,1,9,0,0,0,350.0,0.0,0.0,0.0
2024-09-22,7,9,False,Deluxe,2,6,0,0,0,700.0,0.0,0.0,0.0
2024-09-22,7,9,False,Suite,3,3,0,0,0,1400.0,0.0,0.0,0.0
2024-09-23,1,9,False,Standard,1,9,0,0,0,350.0,0.0,0.0,0.0
2024-09-23,1,9,False,Deluxe,2,6,0,0,0,700.0,0.0,0.0,0.0
2024-09-23,1,9,False,Suite,3,3,0,0,0,1400.0,0.0,0.0,0.0
2024-09-24,2,9,False,Standard,1,9,1,1,0,402.5,402.5,0.0,11.11111111111111
2024-09-24,2,9,False,Deluxe,2,6,0,0,0,700.0,0.0,0.0,0.0
2024-09-24,2,9,False,Suite,3,3,0,0,0,1400.0,0.0,0.0,0.0
2024-09-25,3,9,False,Standard,1,9,1,0,0,402.5,402.5,0.0,11.11111111111111
2024-09-25,3,9,False,Deluxe,2,6,0,0,0,700.0,0.0,0.0,0.0
2024-09-25,3,9,False,Suite,3,3,0,0,0,1400.0,0.0,0.0,0.0
2024-09-26,4,9,False,Standard,1,9,1,0,0,402.5,402.5,0.0,11.11111111111111
2024-09-26,4,9,False,Deluxe,2,6,0,0,0,700.0,0.0,0.0,0.0
2024-09-26,4,9,False,Suite,3,3,0,0,0,1400.0,0.0,0.0,0.0
2024-09-27,5,9,True,Standard,1,9,0,0,0,350.0,0.0,0.0,0.0
2024-09-27,5,9,True,Deluxe,2,6,0,0,0,700.0,0.0,0.0,0.0
2024-09-27,5,9,True,Suite,3,3,0,0,0,1400.0,0.0,0.0,0.0
2024-09-28,6,9,True,Standard,1,9,0,0,0,350.0,0.0,23622.0,0.0
2024-09-28,6,9,True,Deluxe,2,6,0,0,0,700.0,0.0,15748.0,0.0
2024-09-28,6,9,True,Suite,3,3,0,0,0,1400.0,0.0,7874.0,0.0
2024-09-29,7,9,False,Standard,1,9,0,0,0,350.0,0.0,0.0,0.0
2024-09-29,7,9,False,Deluxe,2,6,0,0,0,700.0,0.0,0.0,0.0
2024-09-29,7,9,False,Suite,3,3,0,0,0,1400.0,0.0,0.0,0.0
2024-09-30,1,9,False,Standard,1,9,0,0,0,350.0,0.0,0.0,0.0
2024-09-30,1,9,False,Deluxe,2,6,0,0,0,700.0,0.0,0.0,0.0
2024-09-30,1,9,False,Suite,3,3,0,0,0,1400.0,0.0,0.0,0.0
2024-10-01,2,10,False,Standard,1,9,0,0,0,350.0,0.0,0.0,0.0
2024-10-01,2,10,False,Deluxe,2,6,0,0,0,700.0,0.0,0.0,0.0
2024-10-01,2,10,False,Suite,3,3,0,0,0,1400.0,0.0,0.0,0.0
2024-10-02,3,10,False,Standard,1,9,0,0,0,350.0,0.0,642.5,0.0
2024-10-02,3,10,False,Deluxe,2,6,0,0,0,700.0,0.0,428.33,0.0
2024-10-02,3,10,False,Suite,3,3,0,0,0,1400.0,0.0,214.17,0.0
2024-10-03,4,10,False,Standard,1,9,1,1,0,402.5,402.5,0.0,11.11111111111111
2024-10-03,4,10,False,Deluxe,2,6,0,0,0,700.0,0.0,0.0,0.0
2024-10-03,4,10,False,Suite,3,3,0,0,0,1400.0,0.0,0.0,0.0
2024-10-04,5,10,True,Standard,1,9,0,0,0,350.0,0.0,0.0,0.0
2024-10-04,5,10,True,Deluxe,2,6,0,0,0,700.0,0.0,0.0,0.0
2024-10-04,5,10,True,Suite,3,3,0,0,0,1400.0,0.0,0.0,0.0
2024-10-05,6,10,True,Standard,1,9,0,0,0,350.0,0.0,0.0,0.0
2024-10-05,6,10,True,Deluxe,2,6,0,0,0,700.0,0.0,0.0,0.0
2024-10-05,6,10,True,Suite,3,3,0,0,0,1400.0,0.0,0.0,0.0
2024-10-06,7,10,False,Standard,1,9,0,0,0,350.0,0.0,0.0,0.0
2024-10-06,7,10,False,Deluxe,2,6,0,0,0,700.0,0.0,0.0,0.0
2024-10-06,7,10,False,Suite,3,3,0,0,0,1400.0,0.0,0.0,0.0
2024-10-07,1,10,False,Standard,1,9,0,0,0,350.0,0.0,1406.5,0.0
2024-10-07,1,10,False,Deluxe,2,6,0,0,0,700.0,0.0,937.67,0.0
2024-10-07,1,10,False,Suite,3,3,0,0,0,1400.0,0.0,468.83,0.0
2024-10-08,2,10,False,Standard,1,9,0,0,0,350.0,0.0,440.5,0.0
2024-10-08,2,10,False,Deluxe,2,6,1,1,0,805.0,805.0,293.67,16.666666666666668
2024-10-08,2,10,False,Suite,3,3,0,0,0,1400.0,0.0,146.83,0.0
2024-10-09,3,10,False,Standard,1,9,0,0,0,350.0,0.0,0.0,0.0
2024-10-09,3,10,False,Deluxe,2,6,1,0,0,805.0,805.0,0.0,16.666666666666668
2024-10-09,3,10,False,Suite,3,3,0,0,0,1400.0,0.0,0.0,0.0
2024-10-10,4,10,False,Standard,1,9,0,0,0,350.0,0.0,0.0,0.0
2024-10-10,4,10,False,Deluxe,2,6,1,0,0,805.0,805.0,0.0,16.666666666666668
2024-10-10,4,10,False,Suite,3,3,0,0,0,1400.0,0.0,0.0,0.0
2024-10-11,5,10,True,Standard,1,9,0,0,0,350.0,0.0,0.0,0.0
2024-10-11,5,10,True,Deluxe,2,6,1,0,1,805.0,805.0,0.0,16.666666666666668
2024-10-11,5,10,True,Suite,3,3,0,0,0,1400.0,0.0,0.0,0.0
2024-10-12,6,10,True,Standard,1,9,0,0,0,350.0,0.0,0.0,0.0
2024-10-12,6,10,True,Deluxe,2,6,0,0,0,700.0,0.0,0.0,0.0
2024-10-12,6,10,True,Suite,3,3,0,0,0,1400.0,0.0,0.0,0.0
2024-10-13,7,10,False,Standard,1,9,1,1,0,402.5,402.5,0.0,11.11111111111111
2024-10-13,7,10,False,Deluxe,2,6,0,0,0,700.0,0.0,0.0,0.0
2024-10-13,7,10,False,Suite,3,3,0,0,0,1400.0,0.0,0.0,0.0
2024-10-14,1,10,False,Standard,1,9,1,0,0,402.5,402.5,0.0,11.11111111111111
2024-10-14,1,10,False,Deluxe,2,6,0,0,0,700.0,0.0,0.0,0.0
2024-10-14,1,10,False,Suite,3,3,0,0,0,1400.0,0.0,0.0,0.0
2024-10-15,2,10,False,Standard,1,9,1,0,0,402.5,402.5,0.0,11.11111111111111
2024-10-15,2,10,False,Deluxe,2,6,0,0,0,700.0,0.0,0.0,0.0
2024-10-15,2,10,False,Suite,3,3,0,0,0,1400.0,0.0,0.0,0.0
2024-10-16,3,10,False,Standard,1,9,1,0,0,402.5,402.5,0.0,11.11111111111111
2024-10-16,3,10,False,Deluxe,2,6,0,0,0,700.0,0.0,0.0,0.0
2024-10-16,3,10,False,Suite,3,3,0,0,0,1400.0,0.0,0.0,0.0
2024-10-17,4,10,False,Standard,1,9,1,0,0,402.5,402.5,387.5,11.11111111111111
2024-10-17,4,10,False,Deluxe,2,6,0,0,0,700.0,0.0,258.33,0.0
2024-10-17,4,10,False,Suite,3,3,0,0,0,1400.0,0.0,129.17,0.0
2024-10-18,5,10,True,Standard,1,9,1,0,0,402.5,402.5,0.0,11.11111111111111
2024-10-18,5,10,True,Deluxe,2,6,0,0,1,700.0,0.0,0.0,0.0
2024-10-18,5,10,True,Suite,3,3,0,0,0,1400.0,0.0,0.0,0.0
2024-10-19,6,10,True,Standard,1,9,0,0,0,350.0,0.0,0.0,0.0
2024-10-19,6,10,True,Deluxe,2,6,0,0,0,700.0,0.0,0.0,0.0
2024-10-19,6,10,True,Suite,3,3,0,0,0,1400.0,0.0,0.0,0.0
2024-10-20,7,10,False,Standard,1,9,0,0,0,350.0,0.0,0.0,0.0
2024-10-20,7,10,False,Deluxe,2,6,0,0,0,700.0,0.0,0.0,0.0
2024-10-20,7,10,False,Suite,3,3,0,0,0,1400.0,0.0,0.0,0.0
2024-10-21,1,10,False,Standard,1,9,0,0,0,350.0,0.0,0.0,0.0
2024-10-21,1,10,False,Deluxe,2,6,0,0,0,700.0,0.0,0.0,0.0
2024-10-21,1,10,False,Suite,3,3,0,0,0,1400.0,0.0,0.0,0.0
2024-10-22,2,10,False,Standard,1,9,0,0,0,350.0,0.0,0.0,0.0
2024-10-22,2,10,False,Deluxe,2,6,0,0,0,700.0,0.0,0.0,0.0
2024-10-22,2,10,False,Suite,3,3,0,0,0,1400.0,0.0,0.0,0.0
2024-10-23,3,10,False,Standard,1,9,0,0,0,350.0,0.0,0.0,0.0
2024-10-23,3,10,False,Deluxe,2,6,0,0,0,700.0,0.0,0.0,0.0
2024-10-23,3,10,False,Suite,3,3,0,0,0,1400.0,0.0,0.0,0.0
2024-10-24,4,10,False,Standard,1,9,0,0,0,350.0,0.0,0.0,0.0
2024-10-24,4,10,False,Deluxe,2,6,0,0,0,700.0,0.0,0.0,0.0
2024-10-24,4,10,False,Suite,3,3,0,0,0,1400.0,0.0,0.0,0.0
2024-10-25,5,10,True,Standard,1,9,0,0,0,350.0,0.0,0.0,0.0
2024-10-25,5,10,True,Deluxe,2,6,0,0,0,700.0,0.0,0.0,0.0
2024-10-25,5,10,True,Suite,3,3,0,0,0,1400.0,0.0,0.0,0.0
2024-10-26,6,10,True,Standard,1,9,0,0,0,350.0,0.0,0.0,0.0
2024-10-26,6,10,True,Deluxe,2,6,0,0,0,700.0,0.0,0.0,0.0
2024-10-26,6,10,True,Suite,3,3,0,0,0,1400.0,0.0,0.0,0.0
2024-10-27,7,10,False,Standard,1,9,0,0,0,350.0,0.0,0.0,0.0
2024-10-27,7,10,False,Deluxe,2,6,0,0,0,700.0,0.0,0.0,0.0
2024-10-27,7,10,False,Suite,3,3,0,0,0,1400.0,0.0,0.0,0.0
2024-10-28,1,10,False,Standard,1,9,0,0,0,350.0,0.0,22773.0,0.0
2024-10-28,1,10,False,Deluxe,2,6,0,0,0,700.0,0.0,15182.0,0.0
2024-10-28,1,10,False,Suite,3,3,0,0,0,1400.0,0.0,7591.0,0.0
2024-10-29,2,10,False,Standard,1,9,0,0,0,350.0,0.0,0.0,0.0
2024-10-29,2,10,False,Deluxe,2,6,1,1,0,805.0,805.0,0.0,16.666666666666668
2024-10-29,2,10,False,Suite,3,3,0,0,0,1400.0,0.0,0.0,0.0
2024-10-30,3,10,False,Standard,1,9,0,0,1,350.0,0.0,0.0,0.0
2024-10-30,3,10,False,Deluxe,2,6,1,0,0,805.0,805.0,0.0,16.666666666666668
2024-10-30,3,10,False,Suite,3,3,0,0,0,1400.0,0.0,0.0,0.0
2024-10-31,4,10,False,Standard,1,9,0,0,0,350.0,0.0,0.0,0.0
2024-10-31,4,10,False,Deluxe,2,6,1,0,0,805.0,805.0,0.0,16.666666666666668
2024-10-31,4,10,False,Suite,3,3,0,0,0,1400.0,0.0,0.0,0.0
2024-11-01,5,11,True,Standard,1,9,0,0,0,350.0,0.0,648.0,0.0
2024-11-01,5,11,True,Deluxe,2,6,1,0,0,805.0,805.0,432.0,16.666666666666668
2024-11-01,5,11,True,Suite,3,3,0,0,0,1400.0,0.0,216.0,0.0
2024-11-02,6,11,True,Standard,1,9,0,0,0,350.0,0.0,1674.5,0.0
2024-11-02,6,11,True,Deluxe,2,6,0,0,0,700.0,0.0,1116.33,0.0
2024-11-02,6,11,True,Suite,3,3,0,0,0,1400.0,0.0,558.17,0.0
2024-11-03,7,11,False,Standard,1,9,0,0,0,350.0,0.0,0.0,0.0
2024-11-03,7,11,False,Deluxe,2,6,0,0,0,700.0,0.0,0.0,0.0
2024-11-03,7,11,False,Suite,3,3,0,0,0,1400.0,0.0,0.0,0.0
2024-11-04,1,11,False,Standard,1,9,0,0,0,350.0,0.0,0.0,0.0
2024-11-04,1,11,False,Deluxe,2,6,0,0,0,700.0,0.0,0.0,0.0
2024-11-04,1,11,False,Suite,3,3,0,0,0,1400.0,0.0,0.0,0.0
2024-11-05,2,11,False,Standard,1,9,0,0,0,350.0,0.0,0.0,0.0
2024-11-05,2,11,False,Deluxe,2,6,0,0,0,700.0,0.0,0.0,0.0
2024-11-05,2,11,False,Suite,3,3,0,0,0,1400.0,0.0,0.0,0.0
2024-11-06,3,11,False,Standard,1,9,0,0,0,350.0,0.0,989.0,0.0
2024-11-06,3,11,False,Deluxe,2,6,0,0,0,700.0,0.0,659.33,0.0
2024-11-06,3,11,False,Suite,3,3,0,0,0,1400.0,0.0,329.67,0.0
2024-11-07,4,11,False,Standard,1,9,0,0,0,350.0,0.0,0.0,0.0
2024-11-07,4,11,False,Deluxe,2,6,0,0,0,700.0,0.0,0.0,0.0
2024-11-07,4,11,False,Suite,3,3,0,0,0,1400.0,0.0,0.0,0.0
2024-11-08,5,11,True,Standard,1,9,0,0,0,350.0,0.0,0.0,0.0
2024-11-08,5,11,True,Deluxe,2,6,0,0,1,700.0,0.0,0.0,0.0
2024-11-08,5,11,True,Suite,3,3,0,0,0,1400.0,0.0,0.0,0.0
2024-11-09,6,11,True,Standard,1,9,0,0,0,350.0,0.0,0.0,0.0
2024-11-09,6,11,True,Deluxe,2,6,0,0,0,700.0,0.0,0.0,0.0
2024-11-09,6,11,True,Suite,3,3,0,0,0,1400.0,0.0,0.0,0.0
2024-11-10,7,11,False,Standard,1,9,0,0,0,350.0,0.0,0.0,0.0
2024-11-10,7,11,False,Deluxe,2,6,0,0,0,700.0,0.0,0.0,0.0
2024-11-10,7,11,False,Suite,3,3,0,0,0,1400.0,0.0,0.0,0.0
2024-11-11,1,11,False,Standard,1,9,0,0,0,350.0,0.0,5260.5,0.0
2024-11-11,1,11,False,Deluxe,2,6,0,0,0,700.0,0.0,3507.0,0.0
2024-11-11,1,11,False,Suite,3,3,0,0,0,1400.0,0.0,1753.5,0.0
2024-11-12,2,11,False,Standard,1,9,0,0,0,350.0,0.0,0.0,0.0
2024-11-12,2,11,False,Deluxe,2,6,0,0,0,700.0,0.0,0.0,0.0
2024-11-12,2,11,False,Suite,3,3,0,0,0,1400.0,0.0,0.0,0.0
2024-11-13,3,11,False,Standard,1,9,0,0,0,350.0,0.0,0.0,0.0
2024-11-13,3,11,False,Deluxe,2,6,0,0,0,700.0,0.0,0.0,0.0
2024-11-13,3,11,False,Suite,3,3,0,0,0,1400.0,0.0,0.0,0.0
2024-11-14,4,11,False,Standard,1,9,0,0,0,350.0,0.0,0.0,0.0
2024-11-14,4,11,False,Deluxe,2,6,0,0,0,700.0,0.0,0.0,0.0
2024-11-14,4,11,False,Suite,3,3,0,0,0,1400.0,0.0,0.0,0.0
2024-11-15,5,11,True,Standard,1,9,0,0,0,350.0,0.0,0.0,0.0
2024-11-15,5,11,True,Deluxe,2,6,0,0,0,700.0,0.0,0.0,0.0
2024-11-15,5,11,True,Suite,3,3,0,0,0,1400.0,0.0,0.0,0.0
2024-11-16,6,11,True,Standard,1,9,0,0,0,350.0,0.0,0.0,0.0
2024-11-16,6,11,True,Deluxe,2,6,0,0,0,700.0,0.0,0.0,0.0
2024-11-16,6,11,True,Suite,3,3,0,0,0,1400.0,0.0,0.0,0.0
2024-11-17,7,11,False,Standard,1,9,0,0,0,350.0,0.0,0.0,0.0
2024-11-17,7,11,False,Deluxe,2,6,0,0,0,700.0,0.0,0.0,0.0
2024-11-17,7,11,False,Suite,3,3,0,0,0,1400.0,0.0,0.0,0.0
2024-11-18,1,11,False,Standard,1,9,0,0,0,350.0,0.0,0.0,0.0
2024-11-18,1,11,False,Deluxe,2,6,0,0,0,700.0,0.0,0.0,0.0
2024-11-18,1,11,False,Suite,3,3,0,0,0,1400.0,0.0,0.0,0.0
2024-11-19,2,11,False,Standard,1,9,0,0,0,350.0,0.0,0.0,0.0
2024-11-19,2,11,False,Deluxe,2,6,0,0,0,700.0,0.0,0.0,0.0
2024-11-19,2,11,False,Suite,3,3,0,0,0,1400.0,0.0,0.0,0.0
2024-11-20,3,11,False,Standard,1,9,0,0,0,350.0,0.0,0.0,0.0
2024-11-20,3,11,False,Deluxe,2,6,1,1,0,805.0,805.0,0.0,16.666666666666668
2024-11-20,3,11,False,Suite,3,3,0,0,0,1400.0,0.0,0.0,0.0
2024-11-21,4,11,False,Standard,1,9,0,0,0,350.0,0.0,0.0,0.0
2024-11-21,4,11,False,Deluxe,2,6,1,0,0,805.0,805.0,0.0,16.666666666666668
2024-11-21,4,11,False,Suite,3,3,0,0,0,1400.0,0.0,0.0,0.0
2024-11-22,5,11,True,Standard,1,9,0,0,0,350.0,0.0,0.0,0.0
2024-11-22,5,11,True,Deluxe,2,6,0,0,0,700.0,0.0,0.0,0.0
2024-11-22,5,11,True,Suite,3,3,0,0,0,1400.0,0.0,0.0,0.0
2024-11-23,6,11,True,Standard,1,9,0,0,0,350.0,0.0,0.0,0.0
2024-11-23,6,11,True,Deluxe,2,6,0,0,0,700.0,0.0,0.0,0.0
2024-11-23,6,11,True,Suite,3,3,0,0,0,1400.0,0.0,0.0,0.0
2024-11-24,7,11,False,Standard,1,9,0,0,0,350.0,0.0,0.0,0.0
2024-11-24,7,11,False,Deluxe,2,6,0,0,0,700.0,0.0,0.0,0.0
2024-11-24,7,11,False,Suite,3,3,0,0,0,1400.0,0.0,0.0,0.0
2024-11-25,1,11,False,Standard,1,9,0,0,0,350.0,0.0,0.0,0.0
2024-11-25,1,11,False,Deluxe,2,6,0,0,0,700.0,0.0,0.0,0.0
2024-11-25,1,11,False,Suite,3,3,0,0,0,1400.0,0.0,0.0,0.0
2024-11-26,2,11,False,Standard,1,9,0,0,0,350.0,0.0,0.0,0.0
2024-11-26,2,11,False,Deluxe,2,6,0,0,0,700.0,0.0,0.0,0.0
2024-11-26,2,11,False,Suite,3,3,0,0,0,1400.0,0.0,0.0,0.0
2024-11-27,3,11,False,Standard,1,9,0,0,0,350.0,0.0,0.0,0.0
2024-11-27,3,11,False,Deluxe,2,6,0,0,0,700.0,0.0,0.0,0.0
2024-11-27,3,11,False,Suite,3,3,0,0,0,1400.0,0.0,0.0,0.0
2024-11-28,4,11,False,Standard,1,9,0,0,0,350.0,0.0,25032.0,0.0
2024-11-28,4,11,False,Deluxe,2,6,0,0,0,700.0,0.0,16688.0,0.0
2024-11-28,4,11,False,Suite,3,3,0,0,0,1400.0,0.0,8344.0,0.0
2024-11-29,5,11,True,Standard,1,9,0,0,0,350.0,0.0,0.0,0.0
2024-11-29,5,11,True,Deluxe,2,6,0,0,0,700.0,0.0,0.0,0.0
2024-11-29,5,11,True,Suite,3,3,0,0,0,1400.0,0.0,0.0,0.0
2024-11-30,6,11,True,Standard,1,9,0,0,0,350.0,0.0,0.0,0.0
2024-11-30,6,11,True,Deluxe,2,6,0,0,0,700.0,0.0,0.0,0.0
2024-11-30,6,11,True,Suite,3,3,0,0,0,1400.0,0.0,0.0,0.0
2024-12-01,7,12,False,Standard,1,9,0,0,0,350.0,0.0,0.0,0.0
2024-12-01,7,12,False,Deluxe,2,6,0,0,0,700.0,0.0,0.0,0.0
2024-12-01,7,12,False,Suite,3,3,0,0,1,1400.0,0.0,0.0,0.0
2024-12-02,1,12,False,Standard,1,9,0,0,0,350.0,0.0,0.0,0.0
2024-12-02,1,12,False,Deluxe,2,6,0,0,0,700.0,0.0,0.0,0.0
2024-12-02,1,12,False,Suite,3,3,0,0,0,1400.0,0.0,0.0,0.0
2024-12-03,2,12,False,Standard,1,9,0,0,0,350.0,0.0,0.0,0.0
2024-12-03,2,12,False,Deluxe,2,6,0,0,0,700.0,0.0,0.0,0.0
2024-12-03,2,12,False,Suite,3,3,0,0,0,1400.0,0.0,0.0,0.0
2024-12-04,3,12,False,Standard,1,9,0,0,0,350.0,0.0,0.0,0.0
2024-12-04,3,12,False,Deluxe,2,6,0,0,0,700.0,0.0,0.0,0.0
2024-12-04,3,12,False,Suite,3,3,0,0,0,1400.0,0.0,0.0,0.0
2024-12-05,4,12,False,Standard,1,9,0,0,0,350.0,0.0,0.0,0.0
2024-12-05,4,12,False,Deluxe,2,6,0,0,0,700.0,0.0,0.0,0.0
2024-12-05,4,12,False,Suite,3,3,0,0,0,1400.0,0.0,0.0,0.0
2024-12-06,5,12,True,Standard,1,9,0,0,0,350.0,0.0,0.0,0.0
2024-12-06,5,12,True,Deluxe,2,6,0,0,0,700.0,0.0,0.0,0.0
2024-12-06,5,12,True,Suite,3,3,0,0,0,1400.0,0.0,0.0,0.0
2024-12-07,6,12,True,Standard,1,9,0,0,0,350.0,0.0,0.0,0.0
2024-12-07,6,12,True,Deluxe,2,6,1,1,0,805.0,805.0,0.0,16.666666666666668
2024-12-07,6,12,True,Suite,3,3,0,0,0,1400.0,0.0,0.0,0.0
2024-12-08,7,12,False,Standard,1,9,0,0,0,350.0,0.0,0.0,0.0
2024-12-08,7,12,False,Deluxe,2,6,1,0,0,805.0,805.0,0.0,16.666666666666668
2024-12-08,7,12,False,Suite,3,3,0,0,0,1400.0,0.0,0.0,0.0
2024-12-09,1,12,False,Standard,1,9,0,0,0,350.0,0.0,0.0,0.0
2024-12-09,1,12,False,Deluxe,2,6,0,0,0,700.0,0.0,0.0,0.0
2024-12-09,1,12,False,Suite,3,3,0,0,0,1400.0,0.0,0.0,0.0
2024-12-10,2,12,False,Standard,1,9,0,0,0,350.0,0.0,1533.5,0.0
2024-12-10,2,12,False,Deluxe,2,6,0,0,0,700.0,0.0,1022.33,0.0
2024-12-10,2,12,False,Suite,3,3,0,0,1,1400.0,0.0,511.17,0.0
2024-12-11,3,12,False,Standard,1,9,0,0,0,350.0,0.0,0.0,0.0
2024-12-11,3,12,False,Deluxe,2,6,0,0,0,700.0,0.0,0.0,0.0
2024-12-11,3,12,False,Suite,3,3,0,0,1,1400.0,0.0,0.0,0.0
2024-12-12,4,12,False,Standard,1,9,1,1,0,402.5,402.5,0.0,11.11111111111111
2024-12-12,4,12,False,Deluxe,2,6,0,0,0,700.0,0.0,0.0,0.0
2024-12-12,4,12,False,Suite,3,3,0,0,0,1400.0,0.0,0.0,0.0
2024-12-13,5,12,True,Standard,1,9,2,1,0,402.5,805.0,0.0,22.22222222222222
2024-12-13,5,12,True,Deluxe,2,6,0,0,0,700.0,0.0,0.0,0.0
2024-12-13,5,12,True,Suite,3,3,0,0,0,1400.0,0.0,0.0,0.0
2024-12-14,6,12,True,Standard,1,9,1,0,0,402.5,402.5,0.0,11.11111111111111
2024-12-14,6,12,True,Deluxe,2,6,0,0,0,700.0,0.0,0.0,0.0
2024-12-14,6,12,True,Suite,3,3,0,0,0,1400.0,0.0,0.0,0.0
2024-12-15,7,12,False,Standard,1,9,0,0,0,350.0,0.0,0.0,0.0
2024-12-15,7,12,False,Deluxe,2,6,0,0,0,700.0,0.0,0.0,0.0
2024-12-15,7,12,False,Suite,3,3,0,0,0,1400.0,0.0,0.0,0.0
2024-12-16,1,12,False,Standard,1,9,0,0,0,350.0,0.0,0.0,0.0
2024-12-16,1,12,False,Deluxe,2,6,0,0,0,700.0,0.0,0.0,0.0
2024-12-16,1,12,False,Suite,3,3,0,0,0,1400.0,0.0,0.0,0.0
2024-12-17,2,12,False,Standard,1,9,0,0,0,350.0,0.0,0.0,0.0
2024-12-17,2,12,False,Deluxe,2,6,0,0,0,700.0,0.0,0.0,0.0
2024-12-17,2,12,False,Suite,3,3,0,0,0,1400.0,0.0,0.0,0.0
2024-12-18,3,12,False,Standard,1,9,0,0,0,350.0,0.0,0.0,0.0
2024-12-18,3,12,False,Deluxe,2,6,0,0,0,700.0,0.0,0.0,0.0
2024-12-18,3,12,False,Suite,3,3,0,0,0,1400.0,0.0,0.0,0.0
2024-12-19,4,12,False,Standard,1,9,0,0,0,350.0,0.0,0.0,0.0
2024-12-19,4,12,False,Deluxe,2,6,1,1,0,805.0,805.0,0.0,16.666666666666668
2024-12-19,4,12,False,Suite,3,3,0,0,0,1400.0,0.0,0.0,0.0
2024-12-20,5,12,True,Standard,1,9,2,2,0,402.5,805.0,0.0,22.22222222222222
2024-12-20,5,12,True,Deluxe,2,6,1,0,0,805.0,805.0,0.0,16.666666666666668
2024-12-20,5,12,True,Suite,3,3,0,0,0,1400.0,0.0,0.0,0.0
2024-12-21,6,12,True,Standard,1,9,3,1,0,402.5,1207.5,0.0,33.333333333333336
2024-12-21,6,12,True,Deluxe,2,6,2,1,0,805.0,1610.0,0.0,33.333333333333336
2024-12-21,6,12,True,Suite,3,3,0,0,0,1400.0,0.0,0.0,0.0
2024-12-22,7,12,False,Standard,1,9,2,0,0,402.5,805.0,0.0,22.22222222222222
2024-12-22,7,12,False,Deluxe,2,6,2,1,0,805.0,1610.0,0.0,33.333333333333336
2024-12-22,7,12,False,Suite,3,3,0,0,0,1400.0,0.0,0.0,0.0
2024-12-23,1,12,False,Standard,1,9,1,0,0,402.5,402.5,0.0,11.11111111111111
2024-12-23,1,12,False,Deluxe,2,6,2,0,0,805.0,1610.0,0.0,33.333333333333336
2024-12-23,1,12,False,Suite,3,3,0,0,0,1400.0,0.0,0.0,0.0
2024-12-24,2,12,False,Standard,1,9,1,0,0,402.5,402.5,0.0,11.11111111111111
2024-12-24,2,12,False,Deluxe,2,6,1,0,0,805.0,805.0,0.0,16.666666666666668
2024-12-24,2,12,False,Suite,3,3,0,0,0,1400.0,0.0,0.0,0.0
2024-12-25,3,12,False,Standard,1,9,1,0,0,402.5,402.5,0.0,11.11111111111111
2024-12-25,3,12,False,Deluxe,2,6,0,0,0,700.0,0.0,0.0,0.0
2024-12-25,3,12,False,Suite,3,3,0,0,0,1400.0,0.0,0.0,0.0
2024-12-26,4,12,False,Standard,1,9,0,0,1,350.0,0.0,0.0,0.0
2024-12-26,4,12,False,Deluxe,2,6,0,0,0,700.0,0.0,0.0,0.0
2024-12-26,4,12,False,Suite,3,3,1,1,0,1610.0,1610.0,0.0,33.333333333333336
2024-12-27,5,12,True,Standard,1,9,0,0,0,350.0,0.0,0.0,0.0
2024-12-27,5,12,True,Deluxe,2,6,0,0,0,700.0,0.0,0.0,0.0
2024-12-27,5,12,True,Suite,3,3,0,0,0,1400.0,0.0,0.0,0.0
2024-12-28,6,12,True,Standard,1,9,0,0,0,350.0,0.0,21676.0,0.0
2024-12-28,6,12,True,Deluxe,2,6,0,0,1,700.0,0.0,14450.67,0.0
2024-12-28,6,12,True,Suite,3,3,0,0,0,1400.0,0.0,7225.33,0.0
2024-12-29,7,12,False,Standard,1,9,0,0,0,350.0,0.0,0.0,0.0
2024-12-29,7,12,False,Deluxe,2,6,0,0,0,700.0,0.0,0.0,0.0
2024-12-29,7,12,False,Suite,3,3,0,0,0,1400.0,0.0,0.0,0.0
2024-12-30,1,12,False,Standard,1,9,0,0,0,350.0,0.0,0.0,0.0
2024-12-30,1,12,False,Deluxe,2,6,0,0,0,700.0,0.0,0.0,0.0
2024-12-30,1,12,False,Suite,3,3,0,0,0,1400.0,0.0,0.0,0.0
2024-12-31,2,12,False,Standard,1,9,0,0,0,350.0,0.0,0.0,0.0
2024-12-31,2,12,False,Deluxe,2,6,0,0,0,700.0,0.0,0.0,0.0
2024-12-31,2,12,False,Suite,3,3,0,0,0,1400.0,0.0,0.0,0.0
2025-01-01,3,1,False,Standard,1,9,0,0,0,350.0,0.0,0.0,0.0
2025-01-01,3,1,False,Deluxe,2,6,0,0,0,700.0,0.0,0.0,0.0
2025-01-01,3,1,False,Suite,3,3,0,0,0,1400.0,0.0,0.0,0.0
2025-01-02,4,1,False,Standard,1,9,0,0,0,350.0,0.0,0.0,0.0
2025-01-02,4,1,False,Deluxe,2,6,0,0,0,700.0,0.0,0.0,0.0
2025-01-02,4,1,False,Suite,3,3,0,0,0,1400.0,0.0,0.0,0.0
2025-01-03,5,1,True,Standard,1,9,0,0,0,350.0,0.0,0.0,0.0
2025-01-03,5,1,True,Deluxe,2,6,0,0,0,700.0,0.0,0.0,0.0
2025-01-03,5,1,True,Suite,3,3,0,0,0,1400.0,0.0,0.0,0.0
2025-01-04,6,1,True,Standard,1,9,1,1,0,402.5,402.5,0.0,11.11111111111111
2025-01-04,6,1,True,Deluxe,2,6,0,0,0,700.0,0.0,0.0,0.0
2025-01-04,6,1,True,Suite,3,3,0,0,0,1400.0,0.0,0.0,0.0
2025-01-05,7,1,False,Standard,1,9,1,0,0,402.5,402.5,0.0,11.11111111111111
2025-01-05,7,1,False,Deluxe,2,6,0,0,0,700.0,0.0,0.0,0.0
2025-01-05,7,1,False,Suite,3,3,0,0,0,1400.0,0.0,0.0,0.0
2025-01-06,1,1,False,Standard,1,9,0,0,0,350.0,0.0,0.0,0.0
2025-01-06,1,1,False,Deluxe,2,6,0,0,0,700.0,0.0,0.0,0.0
2025-01-06,1,1,False,Suite,3,3,0,0,0,1400.0,0.0,0.0,0.0
2025-01-07,2,1,False,Standard,1,9,0,0,0,350.0,0.0,0.0,0.0
2025-01-07,2,1,False,Deluxe,2,6,0,0,0,700.0,0.0,0.0,0.0
2025-01-07,2,1,False,Suite,3,3,0,0,0,1400.0,0.0,0.0,0.0
2025-01-08,3,1,False,Standard,1,9,0,0,0,350.0,0.0,0.0,0.0
2025-01-08,3,1,False,Deluxe,2,6,0,0,0,700.0,0.0,0.0,0.0
2025-01-08,3,1,False,Suite,3,3,0,0,0,1400.0,0.0,0.0,0.0
2025-01-09,4,1,False,Standard,1,9,0,0,0,350.0,0.0,0.0,0.0
2025-01-09,4,1,False,Deluxe,2,6,0,0,0,700.0,0.0,0.0,0.0
2025-01-09,4,1,False,Suite,3,3,0,0,0,1400.0,0.0,0.0,0.0
2025-01-10,5,1,True,Standard,1,9,0,0,0,350.0,0.0,4108.5,0.0
2025-01-10,5,1,True,Deluxe,2,6,0,0,0,700.0,0.0,2739.0,0.0
2025-01-10,5,1,True,Suite,3,3,0,0,0,1400.0,0.0,1369.5,0.0
2025-01-11,6,1,True,Standard,1,9,0,0,0,350.0,0.0,0.0,0.0
2025-01-11,6,1,True,Deluxe,2,6,0,0,0,700.0,0.0,0.0,0.0
2025-01-11,6,1,True,Suite,3,3,0,0,0,1400.0,0.0,0.0,0.0
2025-01-12,7,1,False,Standard,1,9,0,0,0,350.0,0.0,0.0,0.0
2025-01-12,7,1,False,Deluxe,2,6,0,0,0,700.0,0.0,0.0,0.0
2025-01-12,7,1,False,Suite,3,3,0,0,0,1400.0,0.0,0.0,0.0
2025-01-13,1,1,False,Standard,1,9,0,0,0,350.0,0.0,0.0,0.0
2025-01-13,1,1,False,Deluxe,2,6,0,0,0,700.0,0.0,0.0,0.0
2025-01-13,1,1,False,Suite,3,3,0,0,0,1400.0,0.0,0.0,0.0
2025-01-14,2,1,False,Standard,1,9,0,0,0,350.0,0.0,0.0,0.0
2025-01-14,2,1,False,Deluxe,2,6,0,0,0,700.0,0.0,0.0,0.0
2025-01-14,2,1,False,Suite,3,3,0,0,0,1400.0,0.0,0.0,0.0
2025-01-15,3,1,False,Standard,1,9,0,0,0,350.0,0.0,0.0,0.0
2025-01-15,3,1,False,Deluxe,2,6,0,0,0,700.0,0.0,0.0,0.0
2025-01-15,3,1,False,Suite,3,3,0,0,0,1400.0,0.0,0.0,0.0
2025-01-16,4,1,False,Standard,1,9,1,1,0,402.5,402.5,0.0,11.11111111111111
2025-01-16,4,1,False,Deluxe,2,6,0,0,0,700.0,0.0,0.0,0.0
2025-01-16,4,1,False,Suite,3,3,0,0,0,1400.0,0.0,0.0,0.0
2025-01-17,5,1,True,Standard,1,9,1,1,0,402.5,402.5,0.0,11.11111111111111
2025-01-17,5,1,True,Deluxe,2,6,1,1,0,805.0,805.0,0.0,16.666666666666668
2025-01-17,5,1,True,Suite,3,3,0,0,0,1400.0,0.0,0.0,0.0
2025-01-18,6,1,True,Standard,1,9,1,0,0,402.5,402.5,0.0,11.11111111111111
2025-01-18,6,1,True,Deluxe,2,6,1,0,0,805.0,805.0,0.0,16.666666666666668
2025-01-18,6,1,True,Suite,3,3,0,0,0,1400.0,0.0,0.0,0.0
2025-01-19,7,1,False,Standard,1,9,0,0,0,350.0,0.0,0.0,0.0
2025-01-19,7,1,False,Deluxe,2,6,0,0,0,700.0,0.0,0.0,0.0
2025-01-19,7,1,False,Suite,3,3,0,0,0,1400.0,0.0,0.0,0.0
2025-01-20,1,1,False,Standard,1,9,0,0,0,350.0,0.0,0.0,0.0
2025-01-20,1,1,False,Deluxe,2,6,0,0,0,700.0,0.0,0.0,0.0
2025-01-20,1,1,False,Suite,3,3,0,0,0,1400.0,0.0,0.0,0.0
2025-01-21,2,1,False,Standard,1,9,0,0,0,350.0,0.0,0.0,0.0
2025-01-21,2,1,False,Deluxe,2,6,1,1,1,805.0,805.0,0.0,16.666666666666668
2025-01-21,2,1,False,Suite,3,3,0,0,0,1400.0,0.0,0.0,0.0
2025-01-22,3,1,False,Standard,1,9,0,0,0,350.0,0.0,0.0,0.0
2025-01-22,3,1,False,Deluxe,2,6,1,0,0,805.0,805.0,0.0,16.666666666666668
2025-01-22,3,1,False,Suite,3,3,0,0,0,1400.0,0.0,0.0,0.0
2025-01-23,4,1,False,Standard,1,9,0,0,0,350.0,0.0,0.0,0.0
2025-01-23,4,1,False,Deluxe,2,6,0,0,0,700.0,0.0,0.0,0.0
2025-01-23,4,1,False,Suite,3,3,0,0,0,1400.0,0.0,0.0,0.0
2025-01-24,5,1,True,Standard,1,9,0,0,0,350.0,0.0,0.0,0.0
2025-01-24,5,1,True,Deluxe,2,6,0,0,0,700.0,0.0,0.0,0.0
2025-01-24,5,1,True,Suite,3,3,0,0,0,1400.0,0.0,0.0,0.0
2025-01-25,6,1,True,Standard,1,9,0,0,0,350.0,0.0,0.0,0.0
2025-01-25,6,1,True,Deluxe,2,6,0,0,0,700.0,0.0,0.0,0.0
2025-01-25,6,1,True,Suite,3,3,0,0,0,1400.0,0.0,0.0,0.0
2025-01-26,7,1,False,Standard,1,9,0,0,0,350.0,0.0,0.0,0.0
2025-01-26,7,1,False,Deluxe,2,6,0,0,0,700.0,0.0,0.0,0.0
2025-01-26,7,1,False,Suite,3,3,0,0,0,1400.0,0.0,0.0,0.0
2025-01-27,1,1,False,Standard,1,9,0,0,0,350.0,0.0,0.0,0.0
2025-01-27,1,1,False,Deluxe,2,6,0,0,0,700.0,0.0,0.0,0.0
2025-01-27,1,1,False,Suite,3,3,0,0,0,1400.0,0.0,0.0,0.0
2025-01-28,2,1,False,Standard,1,9,0,0,0,350.0,0.0,23015.0,0.0
2025-01-28,2,1,False,Deluxe,2,6,0,0,0,700.0,0.0,15343.33,0.0
2025-01-28,2,1,False,Suite,3,3,0,0,0,1400.0,0.0,7671.67,0.0
2025-01-29,3,1,False,Standard,1,9,0,0,0,350.0,0.0,0.0,0.0
2025-01-29,3,1,False,Deluxe,2,6,0,0,0,700.0,0.0,0.0,0.0
2025-01-29,3,1,False,Suite,3,3,0,0,0,1400.0,0.0,0.0,0.0
2025-01-30,4,1,False,Standard,1,9,2,2,0,402.5,805.0,0.0,22.22222222222222
2025-01-30,4,1,False,Deluxe,2,6,0,0,0,700.0,0.0,0.0,0.0
2025-01-30,4,1,False,Suite,3,3,0,0,0,1400.0,0.0,0.0,0.0
2025-01-31,5,1,True,Standard,1,9,2,0,0,402.5,805.0,0.0,22.22222222222222
2025-01-31,5,1,True,Deluxe,2,6,0,0,0,700.0,0.0,0.0,0.0
2025-01-31,5,1,True,Suite,3,3,0,0,0,1400.0,0.0,0.0,0.0
2025-02-01,6,2,True,Standard,1,9,2,0,0,402.5,805.0,0.0,22.22222222222222
2025-02-01,6,2,True,Deluxe,2,6,0,0,0,700.0,0.0,0.0,0.0
2025-02-01,6,2,True,Suite,3,3,0,0,0,1400.0,0.0,0.0,0.0
2025-02-02,7,2,False,Standard,1,9,1,0,0,402.5,402.5,0.0,11.11111111111111
2025-02-02,7,2,False,Deluxe,2,6,0,0,0,700.0,0.0,0.0,0.0
2025-02-02,7,2,False,Suite,3,3,0,0,0,1400.0,0.0,0.0,0.0
2025-02-03,1,2,False,Standard,1,9,0,0,0,350.0,0.0,0.0,0.0
2025-02-03,1,2,False,Deluxe,2,6,0,0,0,700.0,0.0,0.0,0.0
2025-02-03,1,2,False,Suite,3,3,0,0,0,1400.0,0.0,0.0,0.0
2025-02-04,2,2,False,Standard,1,9,0,0,0,350.0,0.0,0.0,0.0
2025-02-04,2,2,False,Deluxe,2,6,0,0,0,700.0,0.0,0.0,0.0
2025-02-04,2,2,False,Suite,3,3,0,0,0,1400.0,0.0,0.0,0.0
2025-02-05,3,2,False,Standard,1,9,0,0,0,350.0,0.0,0.0,0.0
2025-02-05,3,2,False,Deluxe,2,6,0,0,0,700.0,0.0,0.0,0.0
2025-02-05,3,2,False,Suite,3,3,0,0,0,1400.0,0.0,0.0,0.0
2025-02-06,4,2,False,Standard,1,9,0,0,0,350.0,0.0,0.0,0.0
2025-02-06,4,2,False,Deluxe,2,6,1,1,0,805.0,805.0,0.0,16.666666666666668
2025-02-06,4,2,False,Suite,3,3,0,0,0,1400.0,0.0,0.0,0.0
2025-02-07,5,2,True,Standard,1,9,0,0,0,350.0,0.0,925.5,0.0
2025-02-07,5,2,True,Deluxe,2,6,1,0,0,805.0,805.0,617.0,16.666666666666668
2025-02-07,5,2,True,Suite,3,3,0,0,0,1400.0,0.0,308.5,0.0
2025-02-08,6,2,True,Standard,1,9,0,0,0,350.0,0.0,0.0,0.0
2025-02-08,6,2,True,Deluxe,2,6,1,0,0,805.0,805.0,0.0,16.666666666666668
2025-02-08,6,2,True,Suite,3,3,0,0,0,1400.0,0.0,0.0,0.0
2025-02-09,7,2,False,Standard,1,9,1,1,0,402.5,402.5,535.0,11.11111111111111
2025-02-09,7,2,False,Deluxe,2,6,1,0,0,805.0,805.0,356.67,16.666666666666668
2025-02-09,7,2,False,Suite,3,3,0,0,0,1400.0,0.0,178.33,0.0
2025-02-10,1,2,False,Standard,1,9,1,0,0,402.5,402.5,0.0,11.11111111111111
2025-02-10,1,2,False,Deluxe,2,6,1,0,0,805.0,805.0,0.0,16.666666666666668
2025-02-10,1,2,False,Suite,3,3,0,0,0,1400.0,0.0,0.0,0.0
2025-02-11,2,2,False,Standard,1,9,1,1,0,402.5,402.5,0.0,11.11111111111111
2025-02-11,2,2,False,Deluxe,2,6,2,1,0,805.0,1610.0,0.0,33.333333333333336
2025-02-11,2,2,False,Suite,3,3,0,0,0,1400.0,0.0,0.0,0.0
2025-02-12,3,2,False,Standard,1,9,1,0,0,402.5,402.5,0.0,11.11111111111111
2025-02-12,3,2,False,Deluxe,2,6,0,0,0,700.0,0.0,0.0,0.0
2025-02-12,3,2,False,Suite,3,3,0,0,0,1400.0,0.0,0.0,0.0
2025-02-13,4,2,False,Standard,1,9,0,0,0,350.0,0.0,0.0,0.0
2025-02-13,4,2,False,Deluxe,2,6,0,0,0,700.0,0.0,0.0,0.0
2025-02-13,4,2,False,Suite,3,3,0,0,0,1400.0,0.0,0.0,0.0
2025-02-14,5,2,True,Standard,1,9,0,0,0,350.0,0.0,0.0,0.0
2025-02-14,5,2,True,Deluxe,2,6,0,0,0,700.0,0.0,0.0,0.0
2025-02-14,5,2,True,Suite,3,3,0,0,0,1400.0,0.0,0.0,0.0
2025-02-15,6,2,True,Standard,1,9,0,0,0,350.0,0.0,0.0,0.0
2025-02-15,6,2,True,Deluxe,2,6,0,0,0,700.0,0.0,0.0,0.0
2025-02-15,6,2,True,Suite,3,3,0,0,0,1400.0,0.0,0.0,0.0
2025-02-16,7,2,False,Standard,1,9,0,0,0,350.0,0.0,0.0,0.0
2025-02-16,7,2,False,Deluxe,2,6,0,0,0,700.0,0.0,0.0,0.0
2025-02-16,7,2,False,Suite,3,3,0,0,0,1400.0,0.0,0.0,0.0
2025-02-17,1,2,False,Standard,1,9,0,0,0,350.0,0.0,0.0,0.0
2025-02-17,1,2,False,Deluxe,2,6,0,0,0,700.0,0.0,0.0,0.0
2025-02-17,1,2,False,Suite,3,3,0,0,0,1400.0,0.0,0.0,0.0
2025-02-18,2,2,False,Standard,1,9,0,0,0,350.0,0.0,0.0,0.0
2025-02-18,2,2,False,Deluxe,2,6,0,0,0,700.0,0.0,0.0,0.0
2025-02-18,2,2,False,Suite,3,3,0,0,0,1400.0,0.0,0.0,0.0
2025-02-19,3,2,False,Standard,1,9,0,0,0,350.0,0.0,0.0,0.0
2025-02-19,3,2,False,Deluxe,2,6,0,0,0,700.0,0.0,0.0,0.0
2025-02-19,3,2,False,Suite,3,3,0,0,0,1400.0,0.0,0.0,0.0
2025-02-20,4,2,False,Standard,1,9,0,0,0,350.0,0.0,0.0,0.0
2025-02-20,4,2,False,Deluxe,2,6,0,0,0,700.0,0.0,0.0,0.0
2025-02-20,4,2,False,Suite,3,3,0,0,0,1400.0,0.0,0.0,0.0
2025-02-21,5,2,True,Standard,1,9,0,0,0,350.0,0.0,0.0,0.0
2025-02-21,5,2,True,Deluxe,2,6,0,0,0,700.0,0.0,0.0,0.0
2025-02-21,5,2,True,Suite,3,3,0,0,0,1400.0,0.0,0.0,0.0
2025-02-22,6,2,True,Standard,1,9,0,0,0,350.0,0.0,0.0,0.0
2025-02-22,6,2,True,Deluxe,2,6,0,0,0,700.0,0.0,0.0,0.0
2025-02-22,6,2,True,Suite,3,3,0,0,0,1400.0,0.0,0.0,0.0
2025-02-23,7,2,False,Standard,1,9,0,0,0,350.0,0.0,0.0,0.0
2025-02-23,7,2,False,Deluxe,2,6,0,0,0,700.0,0.0,0.0,0.0
2025-02-23,7,2,False,Suite,3,3,0,0,0,1400.0,0.0,0.0,0.0
2025-02-24,1,2,False,Standard,1,9,0,0,0,350.0,0.0,0.0,0.0
2025-02-24,1,2,False,Deluxe,2,6,0,0,0,700.0,0.0,0.0,0.0
2025-02-24,1,2,False,Suite,3,3,0,0,0,1400.0,0.0,0.0,0.0
2025-02-25,2,2,False,Standard,1,9,0,0,0,350.0,0.0,0.0,0.0
2025-02-25,2,2,False,Deluxe,2,6,0,0,0,700.0,0.0,0.0,0.0
2025-02-25,2,2,False,Suite,3,3,0,0,0,1400.0,0.0,0.0,0.0
2025-02-26,3,2,False,Standard,1,9,0,0,0,350.0,0.0,0.0,0.0
2025-02-26,3,2,False,Deluxe,2,6,0,0,0,700.0,0.0,0.0,0.0
2025-02-26,3,2,False,Suite,3,3,0,0,0,1400.0,0.0,0.0,0.0
2025-02-27,4,2,False,Standard,1,9,0,0,0,350.0,0.0,0.0,0.0
2025-02-27,4,2,False,Deluxe,2,6,0,0,0,700.0,0.0,0.0,0.0
2025-02-27,4,2,False,Suite,3,3,0,0,0,1400.0,0.0,0.0,0.0
2025-02-28,5,2,True,Standard,1,9,0,0,0,350.0,0.0,23500.0,0.0
2025-02-28,5,2,True,Deluxe,2,6,0,0,0,700.0,0.0,15666.67,0.0
2025-02-28,5,2,True,Suite,3,3,0,0,0,1400.0,0.0,7833.33,0.0
2025-03-01,6,3,True,Standard,1,9,0,0,0,350.0,0.0,0.0,0.0
2025-03-01,6,3,True,Deluxe,2,6,0,0,0,700.0,0.0,0.0,0.0
2025-03-01,6,3,True,Suite,3,3,0,0,0,1400.0,0.0,0.0,0.0
2025-03-02,7,3,False,Standard,1,9,0,0,0,350.0,0.0,0.0,0.0
2025-03-02,7,3,False,Deluxe,2,6,0,0,0,700.0,0.0,0.0,0.0
2025-03-02,7,3,False,Suite,3,3,0,0,0,1400.0,0.0,0.0,0.0
2025-03-03,1,3,False,Standard,1,9,0,0,0,350.0,0.0,0.0,0.0
2025-03-03,1,3,False,Deluxe,2,6,0,0,0,700.0,0.0,0.0,0.0
2025-03-03,1,3,False,Suite,3,3,0,0,0,1400.0,0.0,0.0,0.0
2025-03-04,2,3,False,Standard,1,9,1,1,0,402.5,402.5,0.0,11.11111111111111
2025-03-04,2,3,False,Deluxe,2,6,0,0,0,700.0,0.0,0.0,0.0
2025-03-04,2,3,False,Suite,3,3,0,0,0,1400.0,0.0,0.0,0.0
2025-03-05,3,3,False,Standard,1,9,0,0,0,350.0,0.0,0.0,0.0
2025-03-05,3,3,False,Deluxe,2,6,0,0,0,700.0,0.0,0.0,0.0
2025-03-05,3,3,False,Suite,3,3,0,0,0,1400.0,0.0,0.0,0.0
2025-03-06,4,3,False,Standard,1,9,0,0,0,350.0,0.0,0.0,0.0
2025-03-06,4,3,False,Deluxe,2,6,0,0,0,700.0,0.0,0.0,0.0
2025-03-06,4,3,False,Suite,3,3,0,0,0,1400.0,0.0,0.0,0.0
2025-03-07,5,3,True,Standard,1,9,0,0,0,350.0,0.0,0.0,0.0
2025-03-07,5,3,True,Deluxe,2,6,1,1,0,805.0,805.0,0.0,16.666666666666668
2025-03-07,5,3,True,Suite,3,3,0,0,0,1400.0,0.0,0.0,0.0
2025-03-08,6,3,True,Standard,1,9,0,0,0,350.0,0.0,0.0,0.0
2025-03-08,6,3,True,Deluxe,2,6,1,0,0,805.0,805.0,0.0,16.666666666666668
2025-03-08,6,3,True,Suite,3,3,0,0,0,1400.0,0.0,0.0,0.0
2025-03-09,7,3,False,Standard,1,9,0,0,0,350.0,0.0,0.0,0.0
2025-03-09,7,3,False,Deluxe,2,6,0,0,0,700.0,0.0,0.0,0.0
2025-03-09,7,3,False,Suite,3,3,0,0,0,1400.0,0.0,0.0,0.0
2025-03-10,1,3,False,Standard,1,9,0,0,0,350.0,0.0,0.0,0.0
2025-03-10,1,3,False,Deluxe,2,6,0,0,1,700.0,0.0,0.0,0.0
2025-03-10,1,3,False,Suite,3,3,0,0,0,1400.0,0.0,0.0,0.0
2025-03-11,2,3,False,Standard,1,9,0,0,0,350.0,0.0,0.0,0.0
2025-03-11,2,3,False,Deluxe,2,6,0,0,0,700.0,0.0,0.0,0.0
2025-03-11,2,3,False,Suite,3,3,0,0,0,1400.0,0.0,0.0,0.0
2025-03-12,3,3,False,Standard,1,9,0,0,0,350.0,0.0,0.0,0.0
2025-03-12,3,3,False,Deluxe,2,6,0,0,0,700.0,0.0,0.0,0.0
2025-03-12,3,3,False,Suite,3,3,0,0,0,1400.0,0.0,0.0,0.0
2025-03-13,4,3,False,Standard,1,9,0,0,0,350.0,0.0,5144.5,0.0
2025-03-13,4,3,False,Deluxe,2,6,0,0,0,700.0,0.0,3429.67,0.0
2025-03-13,4,3,False,Suite,3,3,0,0,0,1400.0,0.0,1714.83,0.0
2025-03-14,5,3,True,Standard,1,9,0,0,0,350.0,0.0,0.0,0.0
2025-03-14,5,3,True,Deluxe,2,6,2,2,0,805.0,1610.0,0.0,33.333333333333336
2025-03-14,5,3,True,Suite,3,3,0,0,0,1400.0,0.0,0.0,0.0
2025-03-15,6,3,True,Standard,1,9,0,0,0,350.0,0.0,0.0,0.0
2025-03-15,6,3,True,Deluxe,2,6,1,0,0,805.0,805.0,0.0,16.666666666666668
2025-03-15,6,3,True,Suite,3,3,0,0,0,1400.0,0.0,0.0,0.0
2025-03-16,7,3,False,Standard,1,9,0,0,0,350.0,0.0,0.0,0.0
2025-03-16,7,3,False,Deluxe,2,6,0,0,0,700.0,0.0,0.0,0.0
2025-03-16,7,3,False,Suite,3,3,0,0,0,1400.0,0.0,0.0,0.0
2025-03-17,1,3,False,Standard,1,9,0,0,0,350.0,0.0,0.0,0.0
2025-03-17,1,3,False,Deluxe,2,6,0,0,0,700.0,0.0,0.0,0.0
2025-03-17,1,3,False,Suite,3,3,0,0,0,1400.0,0.0,0.0,0.0
2025-03-18,2,3,False,Standard,1,9,0,0,0,350.0,0.0,0.0,0.0
2025-03-18,2,3,False,Deluxe,2,6,0,0,0,700.0,0.0,0.0,0.0
2025-03-18,2,3,False,Suite,3,3,0,0,0,1400.0,0.0,0.0,0.0
2025-03-19,3,3,False,Standard,1,9,0,0,0,350.0,0.0,0.0,0.0
2025-03-19,3,3,False,Deluxe,2,6,0,0,0,700.0,0.0,0.0,0.0
2025-03-19,3,3,False,Suite,3,3,0,0,0,1400.0,0.0,0.0,0.0
2025-03-20,4,3,False,Standard,1,9,0,0,0,350.0,0.0,0.0,0.0
2025-03-20,4,3,False,Deluxe,2,6,1,1,0,805.0,805.0,0.0,16.666666666666668
2025-03-20,4,3,False,Suite,3,3,0,0,0,1400.0,0.0,0.0,0.0
2025-03-21,5,3,True,Standard,1,9,0,0,0,350.0,0.0,0.0,0.0
2025-03-21,5,3,True,Deluxe,2,6,1,0,0,805.0,805.0,0.0,16.666666666666668
2025-03-21,5,3,True,Suite,3,3,0,0,0,1400.0,0.0,0.0,0.0
2025-03-22,6,3,True,Standard,1,9,1,1,0,402.5,402.5,0.0,11.11111111111111
2025-03-22,6,3,True,Deluxe,2,6,1,0,0,805.0,805.0,0.0,16.666666666666668
2025-03-22,6,3,True,Suite,3,3,0,0,0,1400.0,0.0,0.0,0.0
2025-03-23,7,3,False,Standard,1,9,1,0,0,402.5,402.5,0.0,11.11111111111111
2025-03-23,7,3,False,Deluxe,2,6,1,0,0,805.0,805.0,0.0,16.666666666666668
2025-03-23,7,3,False,Suite,3,3,0,0,0,1400.0,0.0,0.0,0.0
2025-03-24,1,3,False,Standard,1,9,1,0,0,402.5,402.5,0.0,11.11111111111111
2025-03-24,1,3,False,Deluxe,2,6,0,0,1,700.0,0.0,0.0,0.0
2025-03-24,1,3,False,Suite,3,3,0,0,0,1400.0,0.0,0.0,0.0
2025-03-25,2,3,False,Standard,1,9,1,0,0,402.5,402.5,0.0,11.11111111111111
2025-03-25,2,3,False,Deluxe,2,6,0,0,0,700.0,0.0,0.0,0.0
2025-03-25,2,3,False,Suite,3,3,0,0,0,1400.0,0.0,0.0,0.0
2025-03-26,3,3,False,Standard,1,9,1,0,0,402.5,402.5,0.0,11.11111111111111
2025-03-26,3,3,False,Deluxe,2,6,0,0,0,700.0,0.0,0.0,0.0
2025-03-26,3,3,False,Suite,3,3,0,0,0,1400.0,0.0,0.0,0.0
2025-03-27,4,3,False,Standard,1,9,1,0,0,402.5,402.5,0.0,11.11111111111111
2025-03-27,4,3,False,Deluxe,2,6,0,0,0,700.0,0.0,0.0,0.0
2025-03-27,4,3,False,Suite,3,3,0,0,0,1400.0,0.0,0.0,0.0
2025-03-28,5,3,True,Standard,1,9,0,0,0,350.0,0.0,23153.5,0.0
2025-03-28,5,3,True,Deluxe,2,6,0,0,0,700.0,0.0,15435.67,0.0
2025-03-28,5,3,True,Suite,3,3,0,0,0,1400.0,0.0,7717.83,0.0
2025-03-29,6,3,True,Standard,1,9,1,1,0,402.5,402.5,0.0,11.11111111111111
2025-03-29,6,3,True,Deluxe,2,6,1,1,0,805.0,805.0,0.0,16.666666666666668
2025-03-29,6,3,True,Suite,3,3,0,0,0,1400.0,0.0,0.0,0.0
2025-03-30,7,3,False,Standard,1,9,2,1,0,402.5,805.0,0.0,22.22222222222222
2025-03-30,7,3,False,Deluxe,2,6,2,1,0,805.0,1610.0,0.0,33.333333333333336
2025-03-30,7,3,False,Suite,3,3,0,0,0,1400.0,0.0,0.0,0.0
2025-03-31,1,3,False,Standard,1,9,2,0,0,402.5,805.0,0.0,22.22222222222222
2025-03-31,1,3,False,Deluxe,2,6,0,0,0,700.0,0.0,0.0,0.0
2025-03-31,1,3,False,Suite,3,3,0,0,0,1400.0,0.0,0.0,0.0
2025-04-01,2,4,False,Standard,1,9,1,0,0,402.5,402.5,0.0,11.11111111111111
2025-04-01,2,4,False,Deluxe,2,6,0,0,0,700.0,0.0,0.0,0.0
2025-04-01,2,4,False,Suite,3,3,0,0,0,1400.0,0.0,0.0,0.0
2025-04-02,3,4,False,Standard,1,9,1,1,0,402.5,402.5,0.0,11.11111111111111
2025-04-02,3,4,False,Deluxe,2,6,0,0,0,700.0,0.0,0.0,0.0
2025-04-02,3,4,False,Suite,3,3,0,0,0,1400.0,0.0,0.0,0.0
2025-04-03,4,4,False,Standard,1,9,1,0,0,402.5,402.5,0.0,11.11111111111111
2025-04-03,4,4,False,Deluxe,2,6,0,0,0,700.0,0.0,0.0,0.0
2025-04-03,4,4,False,Suite,3,3,0,0,0,1400.0,0.0,0.0,0.0
2025-04-04,5,4,True,Standard,1,9,0,0,0,350.0,0.0,0.0,0.0
2025-04-04,5,4,True,Deluxe,2,6,0,0,0,700.0,0.0,0.0,0.0
2025-04-04,5,4,True,Suite,3,3,0,0,0,1400.0,0.0,0.0,0.0
2025-04-05,6,4,True,Standard,1,9,0,0,0,350.0,0.0,0.0,0.0
2025-04-05,6,4,True,Deluxe,2,6,0,0,0,700.0,0.0,0.0,0.0
2025-04-05,6,4,True,Suite,3,3,0,0,0,1400.0,0.0,0.0,0.0
2025-04-06,7,4,False,Standard,1,9,0,0,0,350.0,0.0,0.0,0.0
2025-04-06,7,4,False,Deluxe,2,6,0,0,0,700.0,0.0,0.0,0.0
2025-04-06,7,4,False,Suite,3,3,0,0,0,1400.0,0.0,0.0,0.0
2025-04-07,1,4,False,Standard,1,9,0,0,0,350.0,0.0,0.0,0.0
2025-04-07,1,4,False,Deluxe,2,6,0,0,0,700.0,0.0,0.0,0.0
2025-04-07,1,4,False,Suite,3,3,0,0,0,1400.0,0.0,0.0,0.0
2025-04-08,2,4,False,Standard,1,9,0,0,0,350.0,0.0,0.0,0.0
2025-04-08,2,4,False,Deluxe,2,6,0,0,0,700.0,0.0,0.0,0.0
2025-04-08,2,4,False,Suite,3,3,0,0,0,1400.0,0.0,0.0,0.0
2025-04-09,3,4,False,Standard,1,9,0,0,0,350.0,0.0,0.0,0.0
2025-04-09,3,4,False,Deluxe,2,6,0,0,0,700.0,0.0,0.0,0.0
2025-04-09,3,4,False,Suite,3,3,0,0,0,1400.0,0.0,0.0,0.0
2025-04-10,4,4,False,Standard,1,9,0,0,0,350.0,0.0,0.0,0.0
2025-04-10,4,4,False,Deluxe,2,6,0,0,0,700.0,0.0,0.0,0.0
2025-04-10,4,4,False,Suite,3,3,0,0,0,1400.0,0.0,0.0,0.0
2025-04-11,5,4,True,Standard,1,9,0,0,0,350.0,0.0,0.0,0.0
2025-04-11,5,4,True,Deluxe,2,6,0,0,0,700.0,0.0,0.0,0.0
2025-04-11,5,4,True,Suite,3,3,0,0,0,1400.0,0.0,0.0,0.0
2025-04-12,6,4,True,Standard,1,9,1,1,0,402.5,402.5,0.0,11.11111111111111
2025-04-12,6,4,True,Deluxe,2,6,0,0,0,700.0,0.0,0.0,0.0
2025-04-12,6,4,True,Suite,3,3,0,0,0,1400.0,0.0,0.0,0.0
2025-04-13,7,4,False,Standard,1,9,1,0,0,402.5,402.5,0.0,11.11111111111111
2025-04-13,7,4,False,Deluxe,2,6,0,0,0,700.0,0.0,0.0,0.0
2025-04-13,7,4,False,Suite,3,3,0,0,0,1400.0,0.0,0.0,0.0
2025-04-14,1,4,False,Standard,1,9,1,0,0,402.5,402.5,0.0,11.11111111111111
2025-04-14,1,4,False,Deluxe,2,6,0,0,0,700.0,0.0,0.0,0.0
2025-04-14,1,4,False,Suite,3,3,0,0,0,1400.0,0.0,0.0,0.0
2025-04-15,2,4,False,Standard,1,9,2,1,0,402.5,805.0,0.0,22.22222222222222
2025-04-15,2,4,False,Deluxe,2,6,0,0,0,700.0,0.0,0.0,0.0
2025-04-15,2,4,False,Suite,3,3,0,0,0,1400.0,0.0,0.0,0.0
2025-04-16,3,4,False,Standard,1,9,2,0,1,402.5,805.0,0.0,22.22222222222222
2025-04-16,3,4,False,Deluxe,2,6,0,0,0,700.0,0.0,0.0,0.0
2025-04-16,3,4,False,Suite,3,3,0,0,0,1400.0,0.0,0.0,0.0
2025-04-17,4,4,False,Standard,1,9,1,0,0,402.5,402.5,0.0,11.11111111111111
2025-04-17,4,4,False,Deluxe,2,6,0,0,0,700.0,0.0,0.0,0.0
2025-04-17,4,4,False,Suite,3,3,0,0,0,1400.0,0.0,0.0,0.0
2025-04-18,5,4,True,Standard,1,9,0,0,0,350.0,0.0,0.0,0.0
2025-04-18,5,4,True,Deluxe,2,6,0,0,0,700.0,0.0,0.0,0.0
2025-04-18,5,4,True,Suite,3,3,0,0,0,1400.0,0.0,0.0,0.0
2025-04-19,6,4,True,Standard,1,9,0,0,0,350.0,0.0,2708.0,0.0
2025-04-19,6,4,True,Deluxe,2,6,0,0,0,700.0,0.0,1805.33,0.0
2025-04-19,6,4,True,Suite,3,3,1,1,0,1610.0,1610.0,902.67,33.333333333333336
2025-04-20,7,4,False,Standard,1,9,0,0,0,350.0,0.0,0.0,0.0
2025-04-20,7,4,False,Deluxe,2,6,0,0,0,700.0,0.0,0.0,0.0
2025-04-20,7,4,False,Suite,3,3,1,0,0,1610.0,1610.0,0.0,33.333333333333336
2025-04-21,1,4,False,Standard,1,9,0,0,0,350.0,0.0,0.0,0.0
2025-04-21,1,4,False,Deluxe,2,6,0,0,0,700.0,0.0,0.0,0.0
2025-04-21,1,4,False,Suite,3,3,1,0,0,1610.0,1610.0,0.0,33.333333333333336
2025-04-22,2,4,False,Standard,1,9,0,0,0,350.0,0.0,0.0,0.0
2025-04-22,2,4,False,Deluxe,2,6,0,0,0,700.0,0.0,0.0,0.0
2025-04-22,2,4,False,Suite,3,3,0,0,0,1400.0,0.0,0.0,0.0
2025-04-23,3,4,False,Standard,1,9,0,0,0,350.0,0.0,0.0,0.0
2025-04-23,3,4,False,Deluxe,2,6,0,0,0,700.0,0.0,0.0,0.0
2025-04-23,3,4,False,Suite,3,3,0,0,0,1400.0,0.0,0.0,0.0
2025-04-24,4,4,False,Standard,1,9,1,1,0,402.5,402.5,0.0,11.11111111111111
2025-04-24,4,4,False,Deluxe,2,6,1,1,0,805.0,805.0,0.0,16.666666666666668
2025-04-24,4,4,False,Suite,3,3,0,0,0,1400.0,0.0,0.0,0.0
2025-04-25,5,4,True,Standard,1,9,1,0,0,402.5,402.5,0.0,11.11111111111111
2025-04-25,5,4,True,Deluxe,2,6,1,0,0,805.0,805.0,0.0,16.666666666666668
2025-04-25,5,4,True,Suite,3,3,0,0,0,1400.0,0.0,0.0,0.0
2025-04-26,6,4,True,Standard,1,9,0,0,0,350.0,0.0,0.0,0.0
2025-04-26,6,4,True,Deluxe,2,6,1,1,0,805.0,805.0,0.0,16.666666666666668
2025-04-26,6,4,True,Suite,3,3,0,0,0,1400.0,0.0,0.0,0.0
2025-04-27,7,4,False,Standard,1,9,0,0,0,350.0,0.0,0.0,0.0
2025-04-27,7,4,False,Deluxe,2,6,1,0,0,805.0,805.0,0.0,16.666666666666668
2025-04-27,7,4,False,Suite,3,3,0,0,0,1400.0,0.0,0.0,0.0
2025-04-28,1,4,False,Standard,1,9,0,0,0,350.0,0.0,22127.5,0.0
2025-04-28,1,4,False,Deluxe,2,6,1,0,0,805.0,805.0,14751.67,16.666666666666668
2025-04-28,1,4,False,Suite,3,3,0,0,0,1400.0,0.0,7375.83,0.0
2025-04-29,2,4,False,Standard,1,9,0,0,0,350.0,0.0,0.0,0.0
2025-04-29,2,4,False,Deluxe,2,6,1,0,0,805.0,805.0,0.0,16.666666666666668
2025-04-29,2,4,False,Suite,3,3,0,0,0,1400.0,0.0,0.0,0.0
2025-04-30,3,4,False,Standard,1,9,0,0,0,350.0,0.0,0.0,0.0
2025-04-30,3,4,False,Deluxe,2,6,0,0,0,700.0,0.0,0.0,0.0
2025-04-30,3,4,False,Suite,3,3,0,0,0,1400.0,0.0,0.0,0.0
2025-05-01,4,5,False,Standard,1,9,0,0,0,350.0,0.0,0.0,0.0
2025-05-01,4,5,False,Deluxe,2,6,0,0,0,700.0,0.0,0.0,0.0
2025-05-01,4,5,False,Suite,3,3,0,0,0,1400.0,0.0,0.0,0.0
2025-05-02,5,5,True,Standard,1,9,0,0,0,350.0,0.0,0.0,0.0
2025-05-02,5,5,True,Deluxe,2,6,0,0,0,700.0,0.0,0.0,0.0
2025-05-02,5,5,True,Suite,3,3,0,0,0,1400.0,0.0,0.0,0.0
2025-05-03,6,5,True,Standard,1,9,0,0,0,350.0,0.0,0.0,0.0
2025-05-03,6,5,True,Deluxe,2,6,0,0,0,700.0,0.0,0.0,0.0
2025-05-03,6,5,True,Suite,3,3,0,0,0,1400.0,0.0,0.0,0.0
2025-05-04,7,5,False,Standard,1,9,0,0,0,350.0,0.0,0.0,0.0
2025-05-04,7,5,False,Deluxe,2,6,0,0,0,700.0,0.0,0.0,0.0
2025-05-04,7,5,False,Suite,3,3,0,0,0,1400.0,0.0,0.0,0.0
2025-05-05,1,5,False,Standard,1,9,0,0,0,350.0,0.0,0.0,0.0
2025-05-05,1,5,False,Deluxe,2,6,0,0,0,700.0,0.0,0.0,0.0
2025-05-05,1,5,False,Suite,3,3,0,0,0,1400.0,0.0,0.0,0.0
2025-05-06,2,5,False,Standard,1,9,0,0,0,350.0,0.0,0.0,0.0
2025-05-06,2,5,False,Deluxe,2,6,0,0,0,700.0,0.0,0.0,0.0
2025-05-06,2,5,False,Suite,3,3,0,0,0,1400.0,0.0,0.0,0.0
2025-05-07,3,5,False,Standard,1,9,0,0,0,350.0,0.0,5403.0,0.0
2025-05-07,3,5,False,Deluxe,2,6,0,0,0,700.0,0.0,3602.0,0.0
2025-05-07,3,5,False,Suite,3,3,0,0,0,1400.0,0.0,1801.0,0.0
2025-05-08,4,5,False,Standard,1,9,1,1,0,402.5,402.5,0.0,11.11111111111111
2025-05-08,4,5,False,Deluxe,2,6,0,0,0,700.0,0.0,0.0,0.0
2025-05-08,4,5,False,Suite,3,3,0,0,0,1400.0,0.0,0.0,0.0
2025-05-09,5,5,True,Standard,1,9,2,1,0,402.5,805.0,0.0,22.22222222222222
2025-05-09,5,5,True,Deluxe,2,6,0,0,0,700.0,0.0,0.0,0.0
2025-05-09,5,5,True,Suite,3,3,0,0,0,1400.0,0.0,0.0,0.0
2025-05-10,6,5,True,Standard,1,9,1,0,0,402.5,402.5,0.0,11.11111111111111
2025-05-10,6,5,True,Deluxe,2,6,0,0,0,700.0,0.0,0.0,0.0
2025-05-10,6,5,True,Suite,3,3,0,0,0,1400.0,0.0,0.0,0.0
2025-05-11,7,5,False,Standard,1,9,2,1,0,402.5,805.0,0.0,22.22222222222222
2025-05-11,7,5,False,Deluxe,2,6,0,0,0,700.0,0.0,0.0,0.0
2025-05-11,7,5,False,Suite,3,3,0,0,0,1400.0,0.0,0.0,0.0
2025-05-12,1,5,False,Standard,1,9,1,0,0,402.5,402.5,1200.0,11.11111111111111
2025-05-12,1,5,False,Deluxe,2,6,0,0,0,700.0,0.0,800.0,0.0
2025-05-12,1,5,False,Suite,3,3,0,0,1,1400.0,0.0,400.0,0.0
2025-05-13,2,5,False,Standard,1,9,0,0,0,350.0,0.0,0.0,0.0
2025-05-13,2,5,False,Deluxe,2,6,0,0,0,700.0,0.0,0.0,0.0
2025-05-13,2,5,False,Suite,3,3,0,0,0,1400.0,0.0,0.0,0.0
2025-05-14,3,5,False,Standard,1,9,0,0,0,350.0,0.0,0.0,0.0
2025-05-14,3,5,False,Deluxe,2,6,0,0,0,700.0,0.0,0.0,0.0
2025-05-14,3,5,False,Suite,3,3,0,0,0,1400.0,0.0,0.0,0.0
2025-05-15,4,5,False,Standard,1,9,0,0,0,350.0,0.0,0.0,0.0
2025-05-15,4,5,False,Deluxe,2,6,0,0,0,700.0,0.0,0.0,0.0
2025-05-15,4,5,False,Suite,3,3,0,0,0,1400.0,0.0,0.0,0.0
2025-05-16,5,5,True,Standard,1,9,0,0,0,350.0,0.0,0.0,0.0
2025-05-16,5,5,True,Deluxe,2,6,0,0,0,700.0,0.0,0.0,0.0
2025-05-16,5,5,True,Suite,3,3,0,0,0,1400.0,0.0,0.0,0.0
2025-05-17,6,5,True,Standard,1,9,0,0,0,350.0,0.0,0.0,0.0
2025-05-17,6,5,True,Deluxe,2,6,0,0,0,700.0,0.0,0.0,0.0
2025-05-17,6,5,True,Suite,3,3,0,0,0,1400.0,0.0,0.0,0.0
2025-05-18,7,5,False,Standard,1,9,0,0,0,350.0,0.0,0.0,0.0
2025-05-18,7,5,False,Deluxe,2,6,0,0,0,700.0,0.0,0.0,0.0
2025-05-18,7,5,False,Suite,3,3,0,0,0,1400.0,0.0,0.0,0.0
2025-05-19,1,5,False,Standard,1,9,0,0,0,350.0,0.0,0.0,0.0
2025-05-19,1,5,False,Deluxe,2,6,0,0,0,700.0,0.0,0.0,0.0
2025-05-19,1,5,False,Suite,3,3,0,0,0,1400.0,0.0,0.0,0.0
2025-05-20,2,5,False,Standard,1,9,0,0,0,350.0,0.0,0.0,0.0
2025-05-20,2,5,False,Deluxe,2,6,0,0,0,700.0,0.0,0.0,0.0
2025-05-20,2,5,False,Suite,3,3,0,0,0,1400.0,0.0,0.0,0.0
2025-05-21,3,5,False,Standard,1,9,0,0,0,350.0,0.0,0.0,0.0
2025-05-21,3,5,False,Deluxe,2,6,0,0,0,700.0,0.0,0.0,0.0
2025-05-21,3,5,False,Suite,3,3,0,0,0,1400.0,0.0,0.0,0.0
2025-05-22,4,5,False,Standard,1,9,1,1,0,402.5,402.5,0.0,11.11111111111111
2025-05-22,4,5,False,Deluxe,2,6,0,0,0,700.0,0.0,0.0,0.0
2025-05-22,4,5,False,Suite,3,3,0,0,0,1400.0,0.0,0.0,0.0
2025-05-23,5,5,True,Standard,1,9,1,0,0,402.5,402.5,0.0,11.11111111111111
2025-05-23,5,5,True,Deluxe,2,6,0,0,0,700.0,0.0,0.0,0.0
2025-05-23,5,5,True,Suite,3,3,0,0,0,1400.0,0.0,0.0,0.0
2025-05-24,6,5,True,Standard,1,9,0,0,0,350.0,0.0,0.0,0.0
2025-05-24,6,5,True,Deluxe,2,6,0,0,0,700.0,0.0,0.0,0.0
2025-05-24,6,5,True,Suite,3,3,0,0,0,1400.0,0.0,0.0,0.0
2025-05-25,7,5,False,Standard,1,9,0,0,0,350.0,0.0,268.0,0.0
2025-05-25,7,5,False,Deluxe,2,6,0,0,0,700.0,0.0,178.67,0.0
2025-05-25,7,5,False,Suite,3,3,0,0,0,1400.0,0.0,89.33,0.0
2025-05-26,1,5,False,Standard,1,9,0,0,0,350.0,0.0,0.0,0.0
2025-05-26,1,5,False,Deluxe,2,6,0,0,0,700.0,0.0,0.0,0.0
2025-05-26,1,5,False,Suite,3,3,0,0,0,1400.0,0.0,0.0,0.0
2025-05-27,2,5,False,Standard,1,9,0,0,0,350.0,0.0,0.0,0.0
2025-05-27,2,5,False,Deluxe,2,6,0,0,0,700.0,0.0,0.0,0.0
2025-05-27,2,5,False,Suite,3,3,0,0,0,1400.0,0.0,0.0,0.0
2025-05-28,3,5,False,Standard,1,9,0,0,0,350.0,0.0,22488.0,0.0
2025-05-28,3,5,False,Deluxe,2,6,0,0,0,700.0,0.0,14992.0,0.0
2025-05-28,3,5,False,Suite,3,3,0,0,0,1400.0,0.0,7496.0,0.0
2025-05-29,4,5,False,Standard,1,9,1,1,0,402.5,402.5,0.0,11.11111111111111
2025-05-29,4,5,False,Deluxe,2,6,0,0,0,700.0,0.0,0.0,0.0
2025-05-29,4,5,False,Suite,3,3,0,0,0,1400.0,0.0,0.0,0.0
2025-05-30,5,5,True,Standard,1,9,1,0,0,402.5,402.5,0.0,11.11111111111111
2025-05-30,5,5,True,Deluxe,2,6,0,0,0,700.0,0.0,0.0,0.0
2025-05-30,5,5,True,Suite,3,3,0,0,0,1400.0,0.0,0.0,0.0
2025-05-31,6,5,True,Standard,1,9,0,0,0,350.0,0.0,0.0,0.0
2025-05-31,6,5,True,Deluxe,2,6,0,0,0,700.0,0.0,0.0,0.0
2025-05-31,6,5,True,Suite,3,3,0,0,0,1400.0,0.0,0.0,0.0
2025-06-01,7,6,False,Standard,1,9,0,0,0,350.0,0.0,0.0,0.0
2025-06-01,7,6,False,Deluxe,2,6,0,0,0,700.0,0.0,0.0,0.0
2025-06-01,7,6,False,Suite,3,3,0,0,0,1400.0,0.0,0.0,0.0
2025-06-02,1,6,False,Standard,1,9,0,0,0,350.0,0.0,0.0,0.0
2025-06-02,1,6,False,Deluxe,2,6,0,0,0,700.0,0.0,0.0,0.0
2025-06-02,1,6,False,Suite,3,3,1,1,0,1610.0,1610.0,0.0,33.333333333333336
2025-06-03,2,6,False,Standard,1,9,0,0,0,350.0,0.0,0.0,0.0
2025-06-03,2,6,False,Deluxe,2,6,1,1,0,805.0,805.0,0.0,16.666666666666668
2025-06-03,2,6,False,Suite,3,3,0,0,0,1400.0,0.0,0.0,0.0
2025-06-04,3,6,False,Standard,1,9,1,1,0,402.5,402.5,0.0,11.11111111111111
2025-06-04,3,6,False,Deluxe,2,6,1,0,0,805.0,805.0,0.0,16.666666666666668
2025-06-04,3,6,False,Suite,3,3,0,0,0,1400.0,0.0,0.0,0.0
2025-06-05,4,6,False,Standard,1,9,1,0,0,402.5,402.5,0.0,11.11111111111111
2025-06-05,4,6,False,Deluxe,2,6,0,0,0,700.0,0.0,0.0,0.0
2025-06-05,4,6,False,Suite,3,3,0,0,0,1400.0,0.0,0.0,0.0
2025-06-06,5,6,True,Standard,1,9,0,0,0,350.0,0.0,0.0,0.0
2025-06-06,5,6,True,Deluxe,2,6,0,0,1,700.0,0.0,0.0,0.0
2025-06-06,5,6,True,Suite,3,3,1,1,0,1610.0,1610.0,0.0,33.333333333333336
2025-06-07,6,6,True,Standard,1,9,0,0,0,350.0,0.0,0.0,0.0
2025-06-07,6,6,True,Deluxe,2,6,0,0,1,700.0,0.0,0.0,0.0
2025-06-07,6,6,True,Suite,3,3,0,0,0,1400.0,0.0,0.0,0.0
2025-06-08,7,6,False,Standard,1,9,1,1,0,402.5,402.5,0.0,11.11111111111111
2025-06-08,7,6,False,Deluxe,2,6,0,0,0,700.0,0.0,0.0,0.0
2025-06-08,7,6,False,Suite,3,3,0,0,0,1400.0,0.0,0.0,0.0
2025-06-09,1,6,False,Standard,1,9,1,0,0,402.5,402.5,0.0,11.11111111111111
2025-06-09,1,6,False,Deluxe,2,6,0,0,0,700.0,0.0,0.0,0.0
2025-06-09,1,6,False,Suite,3,3,0,0,0,1400.0,0.0,0.0,0.0
2025-06-10,2,6,False,Standard,1,9,0,0,1,350.0,0.0,0.0,0.0
2025-06-10,2,6,False,Deluxe,2,6,0,0,0,700.0,0.0,0.0,0.0
2025-06-10,2,6,False,Suite,3,3,0,0,0,1400.0,0.0,0.0,0.0
2025-06-11,3,6,False,Standard,1,9,0,0,0,350.0,0.0,0.0,0.0
2025-06-11,3,6,False,Deluxe,2,6,0,0,0,700.0,0.0,0.0,0.0
2025-06-11,3,6,False,Suite,3,3,0,0,0,1400.0,0.0,0.0,0.0
2025-06-12,4,6,False,Standard,1,9,0,0,0,350.0,0.0,0.0,0.0
2025-06-12,4,6,False,Deluxe,2,6,0,0,0,700.0,0.0,0.0,0.0
2025-06-12,4,6,False,Suite,3,3,0,0,0,1400.0,0.0,0.0,0.0
2025-06-13,5,6,True,Standard,1,9,0,0,0,350.0,0.0,0.0,0.0
2025-06-13,5,6,True,Deluxe,2,6,0,0,0,700.0,0.0,0.0,0.0
2025-06-13,5,6,True,Suite,3,3,0,0,0,1400.0,0.0,0.0,0.0
2025-06-14,6,6,True,Standard,1,9,0,0,0,350.0,0.0,0.0,0.0
2025-06-14,6,6,True,Deluxe,2,6,0,0,0,700.0,0.0,0.0,0.0
2025-06-14,6,6,True,Suite,3,3,0,0,0,1400.0,0.0,0.0,0.0
2025-06-15,7,6,False,Standard,1,9,0,0,0,350.0,0.0,0.0,0.0
2025-06-15,7,6,False,Deluxe,2,6,0,0,0,700.0,0.0,0.0,0.0
2025-06-15,7,6,False,Suite,3,3,0,0,0,1400.0,0.0,0.0,0.0
2025-06-16,1,6,False,Standard,1,9,0,0,0,350.0,0.0,2262.0,0.0
2025-06-16,1,6,False,Deluxe,2,6,0,0,0,700.0,0.0,1508.0,0.0
2025-06-16,1,6,False,Suite,3,3,0,0,0,1400.0,0.0,754.0,0.0
2025-06-17,2,6,False,Standard,1,9,0,0,0,350.0,0.0,0.0,0.0
2025-06-17,2,6,False,Deluxe,2,6,0,0,0,700.0,0.0,0.0,0.0
2025-06-17,2,6,False,Suite,3,3,0,0,0,1400.0,0.0,0.0,0.0
2025-06-18,3,6,False,Standard,1,9,0,0,0,350.0,0.0,725.5,0.0
2025-06-18,3,6,False,Deluxe,2,6,0,0,0,700.0,0.0,483.67,0.0
2025-06-18,3,6,False,Suite,3,3,0,0,0,1400.0,0.0,241.83,0.0
2025-06-19,4,6,False,Standard,1,9,0,0,0,350.0,0.0,0.0,0.0
2025-06-19,4,6,False,Deluxe,2,6,1,1,0,805.0,805.0,0.0,16.666666666666668
2025-06-19,4,6,False,Suite,3,3,0,0,0,1400.0,0.0,0.0,0.0
2025-06-20,5,6,True,Standard,1,9,0,0,0,350.0,0.0,0.0,0.0
2025-06-20,5,6,True,Deluxe,2,6,1,0,0,805.0,805.0,0.0,16.666666666666668
2025-06-20,5,6,True,Suite,3,3,1,1,0,1610.0,1610.0,0.0,33.333333333333336
2025-06-21,6,6,True,Standard,1,9,1,1,0,402.5,402.5,0.0,11.11111111111111
2025-06-21,6,6,True,Deluxe,2,6,1,0,0,805.0,805.0,0.0,16.666666666666668
2025-06-21,6,6,True,Suite,3,3,2,1,0,1610.0,3220.0,0.0,66.66666666666667
2025-06-22,7,6,False,Standard,1,9,1,0,0,402.5,402.5,0.0,11.11111111111111
2025-06-22,7,6,False,Deluxe,2,6,0,0,0,700.0,0.0,0.0,0.0
2025-06-22,7,6,False,Suite,3,3,2,0,0,1610.0,3220.0,0.0,66.66666666666667
2025-06-23,1,6,False,Standard,1,9,0,0,0,350.0,0.0,0.0,0.0
2025-06-23,1,6,False,Deluxe,2,6,0,0,0,700.0,0.0,0.0,0.0
2025-06-23,1,6,False,Suite,3,3,1,0,0,1610.0,1610.0,0.0,33.333333333333336
2025-06-24,2,6,False,Standard,1,9,0,0,0,350.0,0.0,0.0,0.0
2025-06-24,2,6,False,Deluxe,2,6,0,0,0,700.0,0.0,0.0,0.0
2025-06-24,2,6,False,Suite,3,3,0,0,0,1400.0,0.0,0.0,0.0
2025-06-25,3,6,False,Standard,1,9,0,0,1,350.0,0.0,0.0,0.0
2025-06-25,3,6,False,Deluxe,2,6,0,0,0,700.0,0.0,0.0,0.0
2025-06-25,3,6,False,Suite,3,3,0,0,0,1400.0,0.0,0.0,0.0
2025-06-26,4,6,False,Standard,1,9,1,1,0,402.5,402.5,0.0,11.11111111111111
2025-06-26,4,6,False,Deluxe,2,6,0,0,0,700.0,0.0,0.0,0.0
2025-06-26,4,6,False,Suite,3,3,1,1,0,1610.0,1610.0,0.0,33.333333333333336
2025-06-27,5,6,True,Standard,1,9,1,1,0,402.5,402.5,0.0,11.11111111111111
2025-06-27,5,6,True,Deluxe,2,6,0,0,0,700.0,0.0,0.0,0.0
2025-06-27,5,6,True,Suite,3,3,2,1,0,1610.0,3220.0,0.0,66.66666666666667
2025-06-28,6,6,True,Standard,1,9,1,0,0,402.5,402.5,23872.5,11.11111111111111
2025-06-28,6,6,True,Deluxe,2,6,1,1,0,805.0,805.0,15915.0,16.666666666666668
2025-06-28,6,6,True,Suite,3,3,1,0,0,1610.0,1610.0,7957.5,33.333333333333336
2025-06-29,7,6,False,Standard,1,9,1,0,0,402.5,402.5,0.0,11.11111111111111
2025-06-29,7,6,False,Deluxe,2,6,2,1,0,805.0,1610.0,0.0,33.333333333333336
2025-06-29,7,6,False,Suite,3,3,1,0,0,1610.0,1610.0,0.0,33.333333333333336
2025-06-30,1,6,False,Standard,1,9,2,1,0,402.5,805.0,0.0,22.22222222222222
2025-06-30,1,6,False,Deluxe,2,6,2,0,0,805.0,1610.0,0.0,33.333333333333336
2025-06-30,1,6,False,Suite,3,3,1,0,0,1610.0,1610.0,0.0,33.333333333333336
2025-07-01,2,7,False,Standard,1,9,2,1,0,402.5,805.0,0.0,22.22222222222222
2025-07-01,2,7,False,Deluxe,2,6,2,0,0,805.0,1610.0,0.0,33.333333333333336
2025-07-01,2,7,False,Suite,3,3,0,0,0,1400.0,0.0,0.0,0.0
2025-07-02,3,7,False,Standard,1,9,1,0,0,402.5,402.5,0.0,11.11111111111111
2025-07-02,3,7,False,Deluxe,2,6,2,0,0,805.0,1610.0,0.0,33.333333333333336
2025-07-02,3,7,False,Suite,3,3,0,0,0,1400.0,0.0,0.0,0.0
2025-07-03,4,7,False,Standard,1,9,2,1,0,402.5,805.0,0.0,22.22222222222222
2025-07-03,4,7,False,Deluxe,2,6,3,1,1,805.0,2415.0,0.0,50.0
2025-07-03,4,7,False,Suite,3,3,0,0,0,1400.0,0.0,0.0,0.0
2025-07-04,5,7,True,Standard,1,9,2,0,0,402.5,805.0,0.0,22.22222222222222
2025-07-04,5,7,True,Deluxe,2,6,2,0,0,805.0,1610.0,0.0,33.333333333333336
2025-07-04,5,7,True,Suite,3,3,0,0,0,1400.0,0.0,0.0,0.0
2025-07-05,6,7,True,Standard,1,9,3,1,0,402.5,1207.5,0.0,33.333333333333336
2025-07-05,6,7,True,Deluxe,2,6,0,0,0,700.0,0.0,0.0,0.0
2025-07-05,6,7,True,Suite,3,3,0,0,0,1400.0,0.0,0.0,0.0
2025-07-06,7,7,False,Standard,1,9,3,0,0,402.5,1207.5,0.0,33.333333333333336
2025-07-06,7,7,False,Deluxe,2,6,0,0,0,700.0,0.0,0.0,0.0
2025-07-06,7,7,False,Suite,3,3,0,0,0,1400.0,0.0,0.0,0.0
2025-07-07,1,7,False,Standard,1,9,2,0,0,402.5,805.0,0.0,22.22222222222222
2025-07-07,1,7,False,Deluxe,2,6,0,0,0,700.0,0.0,0.0,0.0
2025-07-07,1,7,False,Suite,3,3,0,0,0,1400.0,0.0,0.0,0.0
2025-07-08,2,7,False,Standard,1,9,1,0,0,402.5,402.5,0.0,11.11111111111111
2025-07-08,2,7,False,Deluxe,2,6,0,0,0,700.0,0.0,0.0,0.0
2025-07-08,2,7,False,Suite,3,3,0,0,0,1400.0,0.0,0.0,0.0
2025-07-09,3,7,False,Standard,1,9,1,0,0,402.5,402.5,7196.5,11.11111111111111
2025-07-09,3,7,False,Deluxe,2,6,0,0,0,700.0,0.0,4797.67,0.0
2025-07-09,3,7,False,Suite,3,3,0,0,0,1400.0,0.0,2398.83,0.0
2025-07-10,4,7,False,Standard,1,9,0,0,0,350.0,0.0,0.0,0.0
2025-07-10,4,7,False,Deluxe,2,6,0,0,0,700.0,0.0,0.0,0.0
2025-07-10,4,7,False,Suite,3,3,0,0,0,1400.0,0.0,0.0,0.0
2025-07-11,5,7,True,Standard,1,9,0,0,0,350.0,0.0,0.0,0.0
2025-07-11,5,7,True,Deluxe,2,6,0,0,0,700.0,0.0,0.0,0.0
2025-07-11,5,7,True,Suite,3,3,0,0,0,1400.0,0.0,0.0,0.0
2025-07-12,6,7,True,Standard,1,9,0,0,0,350.0,0.0,0.0,0.0
2025-07-12,6,7,True,Deluxe,2,6,0,0,0,700.0,0.0,0.0,0.0
2025-07-12,6,7,True,Suite,3,3,0,0,0,1400.0,0.0,0.0,0.0
2025-07-13,7,7,False,Standard,1,9,0,0,0,350.0,0.0,0.0,0.0
2025-07-13,7,7,False,Deluxe,2,6,0,0,0,700.0,0.0,0.0,0.0
2025-07-13,7,7,False,Suite,3,3,0,0,0,1400.0,0.0,0.0,0.0
2025-07-14,1,7,False,Standard,1,9,0,0,0,350.0,0.0,0.0,0.0
2025-07-14,1,7,False,Deluxe,2,6,0,0,0,700.0,0.0,0.0,0.0
2025-07-14,1,7,False,Suite,3,3,0,0,0,1400.0,0.0,0.0,0.0
2025-07-15,2,7,False,Standard,1,9,0,0,0,350.0,0.0,0.0,0.0
2025-07-15,2,7,False,Deluxe,2,6,0,0,0,700.0,0.0,0.0,0.0
2025-07-15,2,7,False,Suite,3,3,0,0,0,1400.0,0.0,0.0,0.0
2025-07-16,3,7,False,Standard,1,9,0,0,0,350.0,0.0,0.0,0.0
2025-07-16,3,7,False,Deluxe,2,6,0,0,0,700.0,0.0,0.0,0.0
2025-07-16,3,7,False,Suite,3,3,0,0,0,1400.0,0.0,0.0,0.0
2025-07-17,4,7,False,Standard,1,9,2,2,0,402.5,805.0,0.0,22.22222222222222
2025-07-17,4,7,False,Deluxe,2,6,0,0,0,700.0,0.0,0.0,0.0
2025-07-17,4,7,False,Suite,3,3,0,0,0,1400.0,0.0,0.0,0.0
2025-07-18,5,7,True,Standard,1,9,2,0,0,402.5,805.0,0.0,22.22222222222222
2025-07-18,5,7,True,Deluxe,2,6,0,0,0,700.0,0.0,0.0,0.0
2025-07-18,5,7,True,Suite,3,3,0,0,0,1400.0,0.0,0.0,0.0
2025-07-19,6,7,True,Standard,1,9,1,0,0,402.5,402.5,0.0,11.11111111111111
2025-07-19,6,7,True,Deluxe,2,6,0,0,0,700.0,0.0,0.0,0.0
2025-07-19,6,7,True,Suite,3,3,1,1,0,1610.0,1610.0,0.0,33.333333333333336
2025-07-20,7,7,False,Standard,1,9,1,0,0,402.5,402.5,0.0,11.11111111111111
2025-07-20,7,7,False,Deluxe,2,6,0,0,0,700.0,0.0,0.0,0.0
2025-07-20,7,7,False,Suite,3,3,1,0,0,1610.0,1610.0,0.0,33.333333333333336
2025-07-21,1,7,False,Standard,1,9,0,0,0,350.0,0.0,0.0,0.0
2025-07-21,1,7,False,Deluxe,2,6,0,0,0,700.0,0.0,0.0,0.0
2025-07-21,1,7,False,Suite,3,3,1,0,0,1610.0,1610.0,0.0,33.333333333333336
2025-07-22,2,7,False,Standard,1,9,0,0,1,350.0,0.0,0.0,0.0
2025-07-22,2,7,False,Deluxe,2,6,0,0,0,700.0,0.0,0.0,0.0
2025-07-22,2,7,False,Suite,3,3,1,0,0,1610.0,1610.0,0.0,33.333333333333336
2025-07-23,3,7,False,Standard,1,9,0,0,0,350.0,0.0,0.0,0.0
2025-07-23,3,7,False,Deluxe,2,6,0,0,0,700.0,0.0,0.0,0.0
2025-07-23,3,7,False,Suite,3,3,0,0,0,1400.0,0.0,0.0,0.0
2025-07-24,4,7,False,Standard,1,9,1,1,0,402.5,402.5,0.0,11.11111111111111
2025-07-24,4,7,False,Deluxe,2,6,0,0,0,700.0,0.0,0.0,0.0
2025-07-24,4,7,False,Suite,3,3,0,0,0,1400.0,0.0,0.0,0.0
2025-07-25,5,7,True,Standard,1,9,1,0,0,402.5,402.5,0.0,11.11111111111111
2025-07-25,5,7,True,Deluxe,2,6,1,1,0,805.0,805.0,0.0,16.666666666666668
2025-07-25,5,7,True,Suite,3,3,0,0,0,1400.0,0.0,0.0,0.0
2025-07-26,6,7,True,Standard,1,9,1,0,0,402.5,402.5,601.5,11.11111111111111
2025-07-26,6,7,True,Deluxe,2,6,2,1,0,805.0,1610.0,401.0,33.333333333333336
2025-07-26,6,7,True,Suite,3,3,0,0,0,1400.0,0.0,200.5,0.0
2025-07-27,7,7,False,Standard,1,9,0,0,1,350.0,0.0,0.0,0.0
2025-07-27,7,7,False,Deluxe,2,6,2,1,0,805.0,1610.0,0.0,33.333333333333336
2025-07-27,7,7,False,Suite,3,3,0,0,0,1400.0,0.0,0.0,0.0
2025-07-28,1,7,False,Standard,1,9,0,0,0,350.0,0.0,25766.5,0.0
2025-07-28,1,7,False,Deluxe,2,6,1,0,1,805.0,805.0,17177.67,16.666666666666668
2025-07-28,1,7,False,Suite,3,3,0,0,1,1400.0,0.0,8588.83,0.0
2025-07-29,2,7,False,Standard,1,9,0,0,0,350.0,0.0,0.0,0.0
2025-07-29,2,7,False,Deluxe,2,6,1,0,0,805.0,805.0,0.0,16.666666666666668
2025-07-29,2,7,False,Suite,3,3,1,1,1,1610.0,1610.0,0.0,33.333333333333336
2025-07-30,3,7,False,Standard,1,9,0,0,0,350.0,0.0,1077.5,0.0
2025-07-30,3,7,False,Deluxe,2,6,1,0,0,805.0,805.0,718.33,16.666666666666668
2025-07-30,3,7,False,Suite,3,3,1,0,0,1610.0,1610.0,359.17,33.333333333333336
2025-07-31,4,7,False,Standard,1,9,0,0,0,350.0,0.0,0.0,0.0
2025-07-31,4,7,False,Deluxe,2,6,1,0,0,805.0,805.0,0.0,16.666666666666668
2025-07-31,4,7,False,Suite,3,3,1,1,0,1610.0,1610.0,0.0,33.333333333333336
2025-08-01,5,8,True,Standard,1,9,1,1,0,402.5,402.5,0.0,11.11111111111111
2025-08-01,5,8,True,Deluxe,2,6,0,0,0,700.0,0.0,0.0,0.0
2025-08-01,5,8,True,Suite,3,3,1,0,0,1610.0,1610.0,0.0,33.333333333333336
2025-08-02,6,8,True,Standard,1,9,2,1,0,402.5,805.0,0.0,22.22222222222222
2025-08-02,6,8,True,Deluxe,2,6,0,0,0,700.0,0.0,0.0,0.0
2025-08-02,6,8,True,Suite,3,3,1,0,0,1610.0,1610.0,0.0,33.333333333333336
2025-08-03,7,8,False,Standard,1,9,2,0,0,402.5,805.0,0.0,22.22222222222222
2025-08-03,7,8,False,Deluxe,2,6,0,0,0,700.0,0.0,0.0,0.0
2025-08-03,7,8,False,Suite,3,3,1,0,0,1610.0,1610.0,0.0,33.333333333333336
2025-08-04,1,8,False,Standard,1,9,2,0,0,402.5,805.0,0.0,22.22222222222222
2025-08-04,1,8,False,Deluxe,2,6,0,0,0,700.0,0.0,0.0,0.0
2025-08-04,1,8,False,Suite,3,3,1,0,0,1610.0,1610.0,0.0,33.333333333333336
2025-08-05,2,8,False,Standard,1,9,1,0,0,402.5,402.5,0.0,11.11111111111111
2025-08-05,2,8,False,Deluxe,2,6,0,0,0,700.0,0.0,0.0,0.0
2025-08-05,2,8,False,Suite,3,3,1,0,0,1610.0,1610.0,0.0,33.333333333333336
2025-08-06,3,8,False,Standard,1,9,1,0,0,402.5,402.5,0.0,11.11111111111111
2025-08-06,3,8,False,Deluxe,2,6,1,1,1,805.0,805.0,0.0,16.666666666666668
2025-08-06,3,8,False,Suite,3,3,0,0,0,1400.0,0.0,0.0,0.0
2025-08-07,4,8,False,Standard,1,9,3,2,0,402.5,1207.5,0.0,33.333333333333336
2025-08-07,4,8,False,Deluxe,2,6,3,2,0,805.0,2415.0,0.0,50.0
2025-08-07,4,8,False,Suite,3,3,0,0,0,1400.0,0.0,0.0,0.0
2025-08-08,5,8,True,Standard,1,9,2,0,0,402.5,805.0,0.0,22.22222222222222
2025-08-08,5,8,True,Deluxe,2,6,4,1,0,805.0,3220.0,0.0,66.66666666666667
2025-08-08,5,8,True,Suite,3,3,0,0,0,1400.0,0.0,0.0,0.0
2025-08-09,6,8,True,Standard,1,9,1,0,0,402.5,402.5,0.0,11.11111111111111
2025-08-09,6,8,True,Deluxe,2,6,3,0,1,805.0,2415.0,0.0,50.0
2025-08-09,6,8,True,Suite,3,3,0,0,0,1400.0,0.0,0.0,0.0
2025-08-10,7,8,False,Standard,1,9,0,0,0,350.0,0.0,0.0,0.0
2025-08-10,7,8,False,Deluxe,2,6,2,0,0,805.0,1610.0,0.0,33.333333333333336
2025-08-10,7,8,False,Suite,3,3,0,0,0,1400.0,0.0,0.0,0.0
2025-08-11,1,8,False,Standard,1,9,0,0,0,350.0,0.0,0.0,0.0
2025-08-11,1,8,False,Deluxe,2,6,1,0,0,805.0,805.0,0.0,16.666666666666668
2025-08-11,1,8,False,Suite,3,3,0,0,0,1400.0,0.0,0.0,0.0
2025-08-12,2,8,False,Standard,1,9,0,0,1,350.0,0.0,0.0,0.0
2025-08-12,2,8,False,Deluxe,2,6,0,0,0,700.0,0.0,0.0,0.0
2025-08-12,2,8,False,Suite,3,3,0,0,0,1400.0,0.0,0.0,0.0
2025-08-13,3,8,False,Standard,1,9,0,0,0,350.0,0.0,0.0,0.0
2025-08-13,3,8,False,Deluxe,2,6,0,0,0,700.0,0.0,0.0,0.0
2025-08-13,3,8,False,Suite,3,3,0,0,0,1400.0,0.0,0.0,0.0
2025-08-14,4,8,False,Standard,1,9,0,0,0,350.0,0.0,0.0,0.0
2025-08-14,4,8,False,Deluxe,2,6,0,0,0,700.0,0.0,0.0,0.0
2025-08-14,4,8,False,Suite,3,3,0,0,0,1400.0,0.0,0.0,0.0
2025-08-15,5,8,True,Standard,1,9,0,0,0,350.0,0.0,0.0,0.0
2025-08-15,5,8,True,Deluxe,2,6,2,2,0,805.0,1610.0,0.0,33.333333333333336
2025-08-15,5,8,True,Suite,3,3,1,1,0,1610.0,1610.0,0.0,33.333333333333336
2025-08-16,6,8,True,Standard,1,9,1,1,1,402.5,402.5,0.0,11.11111111111111
2025-08-16,6,8,True,Deluxe,2,6,2,0,0,805.0,1610.0,0.0,33.333333333333336
2025-08-16,6,8,True,Suite,3,3,1,0,0,1610.0,1610.0,0.0,33.333333333333336
2025-08-17,7,8,False,Standard,1,9,1,0,0,402.5,402.5,214.5,11.11111111111111
2025-08-17,7,8,False,Deluxe,2,6,1,0,0,805.0,805.0,143.0,16.666666666666668
2025-08-17,7,8,False,Suite,3,3,1,0,0,1610.0,1610.0,71.5,33.333333333333336
2025-08-18,1,8,False,Standard,1,9,1,0,0,402.5,402.5,0.0,11.11111111111111
2025-08-18,1,8,False,Deluxe,2,6,0,0,0,700.0,0.0,0.0,0.0
2025-08-18,1,8,False,Suite,3,3,0,0,0,1400.0,0.0,0.0,0.0
2025-08-19,2,8,False,Standard,1,9,1,1,0,402.5,402.5,0.0,11.11111111111111
2025-08-19,2,8,False,Deluxe,2,6,0,0,0,700.0,0.0,0.0,0.0
2025-08-19,2,8,False,Suite,3,3,0,0,0,1400.0,0.0,0.0,0.0
2025-08-20,3,8,False,Standard,1,9,1,0,0,402.5,402.5,0.0,11.11111111111111
2025-08-20,3,8,False,Deluxe,2,6,0,0,0,700.0,0.0,0.0,0.0
2025-08-20,3,8,False,Suite,3,3,0,0,0,1400.0,0.0,0.0,0.0
2025-08-21,4,8,False,Standard,1,9,1,0,0,402.5,402.5,0.0,11.11111111111111
2025-08-21,4,8,False,Deluxe,2,6,0,0,0,700.0,0.0,0.0,0.0
2025-08-21,4,8,False,Suite,3,3,0,0,0,1400.0,0.0,0.0,0.0
2025-08-22,5,8,True,Standard,1,9,1,0,0,402.5,402.5,0.0,11.11111111111111
2025-08-22,5,8,True,Deluxe,2,6,0,0,0,700.0,0.0,0.0,0.0
2025-08-22,5,8,True,Suite,3,3,0,0,0,1400.0,0.0,0.0,0.0
2025-08-23,6,8,True,Standard,1,9,0,0,0,350.0,0.0,0.0,0.0
2025-08-23,6,8,True,Deluxe,2,6,1,1,0,805.0,805.0,0.0,16.666666666666668
2025-08-23,6,8,True,Suite,3,3,0,0,0,1400.0,0.0,0.0,0.0
2025-08-24,7,8,False,Standard,1,9,0,0,1,350.0,0.0,0.0,0.0
2025-08-24,7,8,False,Deluxe,2,6,1,0,0,805.0,805.0,0.0,16.666666666666668
2025-08-24,7,8,False,Suite,3,3,0,0,0,1400.0,0.0,0.0,0.0
2025-08-25,1,8,False,Standard,1,9,0,0,0,350.0,0.0,0.0,0.0
2025-08-25,1,8,False,Deluxe,2,6,0,0,0,700.0,0.0,0.0,0.0
2025-08-25,1,8,False,Suite,3,3,0,0,0,1400.0,0.0,0.0,0.0
2025-08-26,2,8,False,Standard,1,9,0,0,0,350.0,0.0,0.0,0.0
2025-08-26,2,8,False,Deluxe,2,6,0,0,0,700.0,0.0,0.0,0.0
2025-08-26,2,8,False,Suite,3,3,0,0,0,1400.0,0.0,0.0,0.0
2025-08-27,3,8,False,Standard,1,9,0,0,0,350.0,0.0,0.0,0.0
2025-08-27,3,8,False,Deluxe,2,6,0,0,0,700.0,0.0,0.0,0.0
2025-08-27,3,8,False,Suite,3,3,0,0,0,1400.0,0.0,0.0,0.0
2025-08-28,4,8,False,Standard,1,9,2,2,0,402.5,805.0,23832.0,22.22222222222222
2025-08-28,4,8,False,Deluxe,2,6,0,0,0,700.0,0.0,15888.0,0.0
2025-08-28,4,8,False,Suite,3,3,0,0,0,1400.0,0.0,7944.0,0.0
2025-08-29,5,8,True,Standard,1,9,1,0,0,402.5,402.5,0.0,11.11111111111111
2025-08-29,5,8,True,Deluxe,2,6,0,0,0,700.0,0.0,0.0,0.0
2025-08-29,5,8,True,Suite,3,3,0,0,0,1400.0,0.0,0.0,0.0
2025-08-30,6,8,True,Standard,1,9,2,1,0,402.5,805.0,0.0,22.22222222222222
2025-08-30,6,8,True,Deluxe,2,6,0,0,0,700.0,0.0,0.0,0.0
2025-08-30,6,8,True,Suite,3,3,0,0,0,1400.0,0.0,0.0,0.0
2025-08-31,7,8,False,Standard,1,9,0,0,0,350.0,0.0,0.0,0.0
2025-08-31,7,8,False,Deluxe,2,6,0,0,0,700.0,0.0,0.0,0.0
2025-08-31,7,8,False,Suite,3,3,0,0,0,1400.0,0.0,0.0,0.0
2025-09-01,1,9,False,Standard,1,9,0,0,0,350.0,0.0,0.0,0.0
2025-09-01,1,9,False,Deluxe,2,6,0,0,0,700.0,0.0,0.0,0.0
2025-09-01,1,9,False,Suite,3,3,0,0,0,1400.0,0.0,0.0,0.0
2025-09-02,2,9,False,Standard,1,9,0,0,0,350.0,0.0,0.0,0.0
2025-09-02,2,9,False,Deluxe,2,6,0,0,0,700.0,0.0,0.0,0.0
2025-09-02,2,9,False,Suite,3,3,0,0,0,1400.0,0.0,0.0,0.0
2025-09-03,3,9,False,Standard,1,9,0,0,0,350.0,0.0,0.0,0.0
2025-09-03,3,9,False,Deluxe,2,6,0,0,0,700.0,0.0,0.0,0.0
2025-09-03,3,9,False,Suite,3,3,0,0,0,1400.0,0.0,0.0,0.0
2025-09-04,4,9,False,Standard,1,9,1,1,0,402.5,402.5,0.0,11.11111111111111
2025-09-04,4,9,False,Deluxe,2,6,0,0,0,700.0,0.0,0.0,0.0
2025-09-04,4,9,False,Suite,3,3,0,0,0,1400.0,0.0,0.0,0.0
2025-09-05,5,9,True,Standard,1,9,2,1,0,402.5,805.0,0.0,22.22222222222222
2025-09-05,5,9,True,Deluxe,2,6,0,0,0,700.0,0.0,0.0,0.0
2025-09-05,5,9,True,Suite,3,3,0,0,0,1400.0,0.0,0.0,0.0
2025-09-06,6,9,True,Standard,1,9,2,0,0,402.5,805.0,0.0,22.22222222222222
2025-09-06,6,9,True,Deluxe,2,6,0,0,0,700.0,0.0,0.0,0.0
2025-09-06,6,9,True,Suite,3,3,0,0,0,1400.0,0.0,0.0,0.0
2025-09-07,7,9,False,Standard,1,9,1,0,0,402.5,402.5,0.0,11.11111111111111
2025-09-07,7,9,False,Deluxe,2,6,0,0,0,700.0,0.0,0.0,0.0
2025-09-07,7,9,False,Suite,3,3,0,0,0,1400.0,0.0,0.0,0.0
2025-09-08,1,9,False,Standard,1,9,1,0,0,402.5,402.5,0.0,11.11111111111111
2025-09-08,1,9,False,Deluxe,2,6,0,0,0,700.0,0.0,0.0,0.0
2025-09-08,1,9,False,Suite,3,3,0,0,0,1400.0,0.0,0.0,0.0
2025-09-09,2,9,False,Standard,1,9,0,0,0,350.0,0.0,0.0,0.0
2025-09-09,2,9,False,Deluxe,2,6,0,0,0,700.0,0.0,0.0,0.0
2025-09-09,2,9,False,Suite,3,3,0,0,0,1400.0,0.0,0.0,0.0
2025-09-10,3,9,False,Standard,1,9,0,0,0,350.0,0.0,0.0,0.0
2025-09-10,3,9,False,Deluxe,2,6,0,0,0,700.0,0.0,0.0,0.0
2025-09-10,3,9,False,Suite,3,3,0,0,0,1400.0,0.0,0.0,0.0
2025-09-11,4,9,False,Standard,1,9,0,0,0,350.0,0.0,0.0,0.0
2025-09-11,4,9,False,Deluxe,2,6,0,0,0,700.0,0.0,0.0,0.0
2025-09-11,4,9,False,Suite,3,3,1,1,0,1610.0,1610.0,0.0,33.333333333333336
2025-09-12,5,9,True,Standard,1,9,0,0,0,350.0,0.0,0.0,0.0
2025-09-12,5,9,True,Deluxe,2,6,0,0,0,700.0,0.0,0.0,0.0
2025-09-12,5,9,True,Suite,3,3,1,0,0,1610.0,1610.0,0.0,33.333333333333336
2025-09-13,6,9,True,Standard,1,9,0,0,0,350.0,0.0,4434.0,0.0
2025-09-13,6,9,True,Deluxe,2,6,0,0,0,700.0,0.0,2956.0,0.0
2025-09-13,6,9,True,Suite,3,3,1,0,0,1610.0,1610.0,1478.0,33.333333333333336
2025-09-14,7,9,False,Standard,1,9,1,1,0,402.5,402.5,545.5,11.11111111111111
2025-09-14,7,9,False,Deluxe,2,6,0,0,0,700.0,0.0,363.67,0.0
2025-09-14,7,9,False,Suite,3,3,1,0,0,1610.0,1610.0,181.83,33.333333333333336
2025-09-15,1,9,False,Standard,1,9,1,0,0,402.5,402.5,0.0,11.11111111111111
2025-09-15,1,9,False,Deluxe,2,6,0,0,0,700.0,0.0,0.0,0.0
2025-09-15,1,9,False,Suite,3,3,0,0,0,1400.0,0.0,0.0,0.0
2025-09-16,2,9,False,Standard,1,9,1,0,0,402.5,402.5,0.0,11.11111111111111
2025-09-16,2,9,False,Deluxe,2,6,0,0,0,700.0,0.0,0.0,0.0
2025-09-16,2,9,False,Suite,3,3,0,0,0,1400.0,0.0,0.0,0.0
2025-09-17,3,9,False,Standard,1,9,0,0,0,350.0,0.0,0.0,0.0
2025-09-17,3,9,False,Deluxe,2,6,0,0,0,700.0,0.0,0.0,0.0
2025-09-17,3,9,False,Suite,3,3,0,0,0,1400.0,0.0,0.0,0.0
2025-09-18,4,9,False,Standard,1,9,0,0,0,350.0,0.0,0.0,0.0
2025-09-18,4,9,False,Deluxe,2,6,0,0,0,700.0,0.0,0.0,0.0
2025-09-18,4,9,False,Suite,3,3,0,0,0,1400.0,0.0,0.0,0.0
2025-09-19,5,9,True,Standard,1,9,0,0,0,350.0,0.0,1205.5,0.0
2025-09-19,5,9,True,Deluxe,2,6,0,0,0,700.0,0.0,803.67,0.0
2025-09-19,5,9,True,Suite,3,3,1,1,0,1610.0,1610.0,401.83,33.333333333333336
2025-09-20,6,9,True,Standard,1,9,0,0,0,350.0,0.0,0.0,0.0
2025-09-20,6,9,True,Deluxe,2,6,0,0,0,700.0,0.0,0.0,0.0
2025-09-20,6,9,True,Suite,3,3,1,0,0,1610.0,1610.0,0.0,33.333333333333336
2025-09-21,7,9,False,Standard,1,9,1,1,0,402.5,402.5,0.0,11.11111111111111
2025-09-21,7,9,False,Deluxe,2,6,0,0,0,700.0,0.0,0.0,0.0
2025-09-21,7,9,False,Suite,3,3,1,0,0,1610.0,1610.0,0.0,33.333333333333336
2025-09-22,1,9,False,Standard,1,9,2,1,0,402.5,805.0,0.0,22.22222222222222
2025-09-22,1,9,False,Deluxe,2,6,0,0,1,700.0,0.0,0.0,0.0
2025-09-22,1,9,False,Suite,3,3,1,0,0,1610.0,1610.0,0.0,33.333333333333336
2025-09-23,2,9,False,Standard,1,9,2,1,0,402.5,805.0,0.0,22.22222222222222
2025-09-23,2,9,False,Deluxe,2,6,0,0,0,700.0,0.0,0.0,0.0
2025-09-23,2,9,False,Suite,3,3,0,0,0,1400.0,0.0,0.0,0.0
2025-09-24,3,9,False,Standard,1,9,2,2,0,402.5,805.0,0.0,22.22222222222222
2025-09-24,3,9,False,Deluxe,2,6,0,0,0,700.0,0.0,0.0,0.0
2025-09-24,3,9,False,Suite,3,3,0,0,0,1400.0,0.0,0.0,0.0
2025-09-25,4,9,False,Standard,1,9,3,1,0,402.5,1207.5,0.0,33.333333333333336
2025-09-25,4,9,False,Deluxe,2,6,0,0,0,700.0,0.0,0.0,0.0
2025-09-25,4,9,False,Suite,3,3,0,0,0,1400.0,0.0,0.0,0.0
2025-09-26,5,9,True,Standard,1,9,3,0,0,402.5,1207.5,976.0,33.333333333333336
2025-09-26,5,9,True,Deluxe,2,6,1,1,0,805.0,805.0,650.67,16.666666666666668
2025-09-26,5,9,True,Suite,3,3,0,0,0,1400.0,0.0,325.33,0.0
2025-09-27,6,9,True,Standard,1,9,2,0,0,402.5,805.0,0.0,22.22222222222222
2025-09-27,6,9,True,Deluxe,2,6,0,0,0,700.0,0.0,0.0,0.0
2025-09-27,6,9,True,Suite,3,3,0,0,0,1400.0,0.0,0.0,0.0
2025-09-28,7,9,False,Standard,1,9,2,0,0,402.5,805.0,23052.0,22.22222222222222
2025-09-28,7,9,False,Deluxe,2,6,0,0,0,700.0,0.0,15368.0,0.0
2025-09-28,7,9,False,Suite,3,3,0,0,0,1400.0,0.0,7684.0,0.0
2025-09-29,1,9,False,Standard,1,9,0,0,0,350.0,0.0,0.0,0.0
2025-09-29,1,9,False,Deluxe,2,6,0,0,0,700.0,0.0,0.0,0.0
2025-09-29,1,9,False,Suite,3,3,0,0,0,1400.0,0.0,0.0,0.0
2025-09-30,2,9,False,Standard,1,9,0,0,0,350.0,0.0,0.0,0.0
2025-09-30,2,9,False,Deluxe,2,6,0,0,0,700.0,0.0,0.0,0.0
2025-09-30,2,9,False,Suite,3,3,0,0,0,1400.0,0.0,0.0,0.0
2025-10-01,3,10,False,Standard,1,9,0,0,0,350.0,0.0,0.0,0.0
2025-10-01,3,10,False,Deluxe,2,6,0,0,0,700.0,0.0,0.0,0.0
2025-10-01,3,10,False,Suite,3,3,0,0,0,1400.0,0.0,0.0,0.0
2025-10-02,4,10,False,Standard,1,9,0,0,0,350.0,0.0,0.0,0.0
2025-10-02,4,10,False,Deluxe,2,6,1,1,0,805.0,805.0,0.0,16.666666666666668
2025-10-02,4,10,False,Suite,3,3,1,1,0,1610.0,1610.0,0.0,33.333333333333336
2025-10-03,5,10,True,Standard,1,9,0,0,0,350.0,0.0,0.0,0.0
2025-10-03,5,10,True,Deluxe,2,6,0,0,0,700.0,0.0,0.0,0.0
2025-10-03,5,10,True,Suite,3,3,1,0,0,1610.0,1610.0,0.0,33.333333333333336
2025-10-04,6,10,True,Standard,1,9,0,0,0,350.0,0.0,0.0,0.0
2025-10-04,6,10,True,Deluxe,2,6,0,0,0,700.0,0.0,0.0,0.0
2025-10-04,6,10,True,Suite,3,3,0,0,0,1400.0,0.0,0.0,0.0
2025-10-05,7,10,False,Standard,1,9,0,0,0,350.0,0.0,0.0,0.0
2025-10-05,7,10,False,Deluxe,2,6,0,0,0,700.0,0.0,0.0,0.0
2025-10-05,7,10,False,Suite,3,3,0,0,0,1400.0,0.0,0.0,0.0
2025-10-06,1,10,False,Standard,1,9,0,0,0,350.0,0.0,0.0,0.0
2025-10-06,1,10,False,Deluxe,2,6,1,1,0,805.0,805.0,0.0,16.666666666666668
2025-10-06,1,10,False,Suite,3,3,0,0,0,1400.0,0.0,0.0,0.0
2025-10-07,2,10,False,Standard,1,9,0,0,0,350.0,0.0,0.0,0.0
2025-10-07,2,10,False,Deluxe,2,6,1,0,0,805.0,805.0,0.0,16.666666666666668
2025-10-07,2,10,False,Suite,3,3,0,0,0,1400.0,0.0,0.0,0.0
2025-10-08,3,10,False,Standard,1,9,0,0,0,350.0,0.0,0.0,0.0
2025-10-08,3,10,False,Deluxe,2,6,0,0,0,700.0,0.0,0.0,0.0
2025-10-08,3,10,False,Suite,3,3,0,0,0,1400.0,0.0,0.0,0.0
2025-10-09,4,10,False,Standard,1,9,0,0,0,350.0,0.0,1041.0,0.0
2025-10-09,4,10,False,Deluxe,2,6,0,0,0,700.0,0.0,694.0,0.0
2025-10-09,4,10,False,Suite,3,3,0,0,0,1400.0,0.0,347.0,0.0
2025-10-10,5,10,True,Standard,1,9,0,0,0,350.0,0.0,0.0,0.0
2025-10-10,5,10,True,Deluxe,2,6,0,0,0,700.0,0.0,0.0,0.0
2025-10-10,5,10,True,Suite,3,3,1,1,0,1610.0,1610.0,0.0,33.333333333333336
2025-10-11,6,10,True,Standard,1,9,0,0,0,350.0,0.0,0.0,0.0
2025-10-11,6,10,True,Deluxe,2,6,0,0,0,700.0,0.0,0.0,0.0
2025-10-11,6,10,True,Suite,3,3,1,0,0,1610.0,1610.0,0.0,33.333333333333336
2025-10-12,7,10,False,Standard,1,9,0,0,0,350.0,0.0,0.0,0.0
2025-10-12,7,10,False,Deluxe,2,6,0,0,0,700.0,0.0,0.0,0.0
2025-10-12,7,10,False,Suite,3,3,1,0,0,1610.0,1610.0,0.0,33.333333333333336
2025-10-13,1,10,False,Standard,1,9,0,0,0,350.0,0.0,0.0,0.0
2025-10-13,1,10,False,Deluxe,2,6,0,0,0,700.0,0.0,0.0,0.0
2025-10-13,1,10,False,Suite,3,3,1,0,0,1610.0,1610.0,0.0,33.333333333333336
2025-10-14,2,10,False,Standard,1,9,0,0,0,350.0,0.0,0.0,0.0
2025-10-14,2,10,False,Deluxe,2,6,0,0,0,700.0,0.0,0.0,0.0
2025-10-14,2,10,False,Suite,3,3,1,0,0,1610.0,1610.0,0.0,33.333333333333336
2025-10-15,3,10,False,Standard,1,9,0,0,0,350.0,0.0,0.0,0.0
2025-10-15,3,10,False,Deluxe,2,6,0,0,0,700.0,0.0,0.0,0.0
2025-10-15,3,10,False,Suite,3,3,0,0,0,1400.0,0.0,0.0,0.0
2025-10-16,4,10,False,Standard,1,9,0,0,0,350.0,0.0,0.0,0.0
2025-10-16,4,10,False,Deluxe,2,6,0,0,0,700.0,0.0,0.0,0.0
2025-10-16,4,10,False,Suite,3,3,0,0,0,1400.0,0.0,0.0,0.0
2025-10-17,5,10,True,Standard,1,9,0,0,1,350.0,0.0,0.0,0.0
2025-10-17,5,10,True,Deluxe,2,6,0,0,0,700.0,0.0,0.0,0.0
2025-10-17,5,10,True,Suite,3,3,0,0,0,1400.0,0.0,0.0,0.0
2025-10-18,6,10,True,Standard,1,9,0,0,0,350.0,0.0,0.0,0.0
2025-10-18,6,10,True,Deluxe,2,6,0,0,0,700.0,0.0,0.0,0.0
2025-10-18,6,10,True,Suite,3,3,0,0,0,1400.0,0.0,0.0,0.0
2025-10-19,7,10,False,Standard,1,9,0,0,0,350.0,0.0,0.0,0.0
2025-10-19,7,10,False,Deluxe,2,6,0,0,0,700.0,0.0,0.0,0.0
2025-10-19,7,10,False,Suite,3,3,0,0,0,1400.0,0.0,0.0,0.0
2025-10-20,1,10,False,Standard,1,9,0,0,0,350.0,0.0,0.0,0.0
2025-10-20,1,10,False,Deluxe,2,6,0,0,0,700.0,0.0,0.0,0.0
2025-10-20,1,10,False,Suite,3,3,0,0,0,1400.0,0.0,0.0,0.0
2025-10-21,2,10,False,Standard,1,9,0,0,0,350.0,0.0,0.0,0.0
2025-10-21,2,10,False,Deluxe,2,6,0,0,0,700.0,0.0,0.0,0.0
2025-10-21,2,10,False,Suite,3,3,1,1,0,1610.0,1610.0,0.0,33.333333333333336
2025-10-22,3,10,False,Standard,1,9,0,0,0,350.0,0.0,0.0,0.0
2025-10-22,3,10,False,Deluxe,2,6,0,0,0,700.0,0.0,0.0,0.0
2025-10-22,3,10,False,Suite,3,3,1,0,0,1610.0,1610.0,0.0,33.333333333333336
2025-10-23,4,10,False,Standard,1,9,0,0,0,350.0,0.0,0.0,0.0
2025-10-23,4,10,False,Deluxe,2,6,0,0,0,700.0,0.0,0.0,0.0
2025-10-23,4,10,False,Suite,3,3,1,0,0,1610.0,1610.0,0.0,33.333333333333336
2025-10-24,5,10,True,Standard,1,9,2,2,0,402.5,805.0,0.0,22.22222222222222
2025-10-24,5,10,True,Deluxe,2,6,0,0,0,700.0,0.0,0.0,0.0
2025-10-24,5,10,True,Suite,3,3,1,0,0,1610.0,1610.0,0.0,33.333333333333336
2025-10-25,6,10,True,Standard,1,9,3,1,0,402.5,1207.5,0.0,33.333333333333336
2025-10-25,6,10,True,Deluxe,2,6,0,0,0,700.0,0.0,0.0,0.0
2025-10-25,6,10,True,Suite,3,3,0,0,0,1400.0,0.0,0.0,0.0
2025-10-26,7,10,False,Standard,1,9,2,0,0,402.5,805.0,0.0,22.22222222222222
2025-10-26,7,10,False,Deluxe,2,6,1,1,0,805.0,805.0,0.0,16.666666666666668
2025-10-26,7,10,False,Suite,3,3,0,0,0,1400.0,0.0,0.0,0.0
2025-10-27,1,10,False,Standard,1,9,2,0,1,402.5,805.0,0.0,22.22222222222222
2025-10-27,1,10,False,Deluxe,2,6,1,0,0,805.0,805.0,0.0,16.666666666666668
2025-10-27,1,10,False,Suite,3,3,0,0,0,1400.0,0.0,0.0,0.0
2025-10-28,2,10,False,Standard,1,9,3,1,0,402.5,1207.5,22853.0,33.333333333333336
2025-10-28,2,10,False,Deluxe,2,6,1,1,0,805.0,805.0,15235.33,16.666666666666668
2025-10-28,2,10,False,Suite,3,3,0,0,0,1400.0,0.0,7617.67,0.0
2025-10-29,3,10,False,Standard,1,9,2,0,0,402.5,805.0,0.0,22.22222222222222
2025-10-29,3,10,False,Deluxe,2,6,1,0,0,805.0,805.0,0.0,16.666666666666668
2025-10-29,3,10,False,Suite,3,3,0,0,0,1400.0,0.0,0.0,0.0
2025-10-30,4,10,False,Standard,1,9,1,0,0,402.5,402.5,0.0,11.11111111111111
2025-10-30,4,10,False,Deluxe,2,6,1,0,0,805.0,805.0,0.0,16.666666666666668
2025-10-30,4,10,False,Suite,3,3,0,0,0,1400.0,0.0,0.0,0.0
2025-10-31,5,10,True,Standard,1,9,1,0,0,402.5,402.5,0.0,11.11111111111111
2025-10-31,5,10,True,Deluxe,2,6,1,0,0,805.0,805.0,0.0,16.666666666666668
2025-10-31,5,10,True,Suite,3,3,1,1,0,1610.0,1610.0,0.0,33.333333333333336
2025-11-01,6,11,True,Standard,1,9,0,0,0,350.0,0.0,0.0,0.0
2025-11-01,6,11,True,Deluxe,2,6,0,0,0,700.0,0.0,0.0,0.0
2025-11-01,6,11,True,Suite,3,3,1,0,0,1610.0,1610.0,0.0,33.333333333333336
2025-11-02,7,11,False,Standard,1,9,0,0,0,350.0,0.0,0.0,0.0
2025-11-02,7,11,False,Deluxe,2,6,0,0,0,700.0,0.0,0.0,0.0
2025-11-02,7,11,False,Suite,3,3,1,0,0,1610.0,1610.0,0.0,33.333333333333336
2025-11-03,1,11,False,Standard,1,9,0,0,0,350.0,0.0,0.0,0.0
2025-11-03,1,11,False,Deluxe,2,6,0,0,0,700.0,0.0,0.0,0.0
2025-11-03,1,11,False,Suite,3,3,1,0,0,1610.0,1610.0,0.0,33.333333333333336
2025-11-04,2,11,False,Standard,1,9,0,0,0,350.0,0.0,0.0,0.0
2025-11-04,2,11,False,Deluxe,2,6,0,0,0,700.0,0.0,0.0,0.0
2025-11-04,2,11,False,Suite,3,3,1,0,0,1610.0,1610.0,0.0,33.333333333333336
2025-11-05,3,11,False,Standard,1,9,0,0,0,350.0,0.0,0.0,0.0
2025-11-05,3,11,False,Deluxe,2,6,0,0,0,700.0,0.0,0.0,0.0
2025-11-05,3,11,False,Suite,3,3,1,0,0,1610.0,1610.0,0.0,33.333333333333336
2025-11-06,4,11,False,Standard,1,9,0,0,0,350.0,0.0,0.0,0.0
2025-11-06,4,11,False,Deluxe,2,6,0,0,0,700.0,0.0,0.0,0.0
2025-11-06,4,11,False,Suite,3,3,1,0,0,1610.0,1610.0,0.0,33.333333333333336
2025-11-07,5,11,True,Standard,1,9,1,1,0,402.5,402.5,0.0,11.11111111111111
2025-11-07,5,11,True,Deluxe,2,6,0,0,0,700.0,0.0,0.0,0.0
2025-11-07,5,11,True,Suite,3,3,0,0,0,1400.0,0.0,0.0,0.0
2025-11-08,6,11,True,Standard,1,9,2,1,0,402.5,805.0,4743.0,22.22222222222222
2025-11-08,6,11,True,Deluxe,2,6,0,0,0,700.0,0.0,3162.0,0.0
2025-11-08,6,11,True,Suite,3,3,0,0,0,1400.0,0.0,1581.0,0.0
2025-11-09,7,11,False,Standard,1,9,0,0,0,350.0,0.0,0.0,0.0
2025-11-09,7,11,False,Deluxe,2,6,0,0,0,700.0,0.0,0.0,0.0
2025-11-09,7,11,False,Suite,3,3,0,0,0,1400.0,0.0,0.0,0.0
2025-11-10,1,11,False,Standard,1,9,0,0,0,350.0,0.0,0.0,0.0
2025-11-10,1,11,False,Deluxe,2,6,0,0,0,700.0,0.0,0.0,0.0
2025-11-10,1,11,False,Suite,3,3,0,0,0,1400.0,0.0,0.0,0.0
2025-11-11,2,11,False,Standard,1,9,1,1,0,402.5,402.5,0.0,11.11111111111111
2025-11-11,2,11,False,Deluxe,2,6,0,0,0,700.0,0.0,0.0,0.0
2025-11-11,2,11,False,Suite,3,3,0,0,0,1400.0,0.0,0.0,0.0
2025-11-12,3,11,False,Standard,1,9,1,0,0,402.5,402.5,0.0,11.11111111111111
2025-11-12,3,11,False,Deluxe,2,6,0,0,0,700.0,0.0,0.0,0.0
2025-11-12,3,11,False,Suite,3,3,0,0,0,1400.0,0.0,0.0,0.0
2025-11-13,4,11,False,Standard,1,9,1,0,0,402.5,402.5,0.0,11.11111111111111
2025-11-13,4,11,False,Deluxe,2,6,0,0,0,700.0,0.0,0.0,0.0
2025-11-13,4,11,False,Suite,3,3,1,1,0,1610.0,1610.0,0.0,33.333333333333336
2025-11-14,5,11,True,Standard,1,9,1,0,0,402.5,402.5,0.0,11.11111111111111
2025-11-14,5,11,True,Deluxe,2,6,0,0,0,700.0,0.0,0.0,0.0
2025-11-14,5,11,True,Suite,3,3,0,0,0,1400.0,0.0,0.0,0.0
2025-11-15,6,11,True,Standard,1,9,0,0,0,350.0,0.0,0.0,0.0
2025-11-15,6,11,True,Deluxe,2,6,0,0,0,700.0,0.0,0.0,0.0
2025-11-15,6,11,True,Suite,3,3,0,0,0,1400.0,0.0,0.0,0.0
2025-11-16,7,11,False,Standard,1,9,1,1,0,402.5,402.5,0.0,11.11111111111111
2025-11-16,7,11,False,Deluxe,2,6,0,0,0,700.0,0.0,0.0,0.0
2025-11-16,7,11,False,Suite,3,3,0,0,0,1400.0,0.0,0.0,0.0
2025-11-17,1,11,False,Standard,1,9,1,0,0,402.5,402.5,0.0,11.11111111111111
2025-11-17,1,11,False,Deluxe,2,6,0,0,0,700.0,0.0,0.0,0.0
2025-11-17,1,11,False,Suite,3,3,0,0,0,1400.0,0.0,0.0,0.0
2025-11-18,2,11,False,Standard,1,9,1,0,0,402.5,402.5,0.0,11.11111111111111
2025-11-18,2,11,False,Deluxe,2,6,0,0,0,700.0,0.0,0.0,0.0
2025-11-18,2,11,False,Suite,3,3,0,0,0,1400.0,0.0,0.0,0.0
2025-11-19,3,11,False,Standard,1,9,1,0,0,402.5,402.5,0.0,11.11111111111111
2025-11-19,3,11,False,Deluxe,2,6,0,0,0,700.0,0.0,0.0,0.0
2025-11-19,3,11,False,Suite,3,3,0,0,0,1400.0,0.0,0.0,0.0
2025-11-20,4,11,False,Standard,1,9,2,1,0,402.5,805.0,0.0,22.22222222222222
2025-11-20,4,11,False,Deluxe,2,6,0,0,0,700.0,0.0,0.0,0.0
2025-11-20,4,11,False,Suite,3,3,0,0,0,1400.0,0.0,0.0,0.0
2025-11-21,5,11,True,Standard,1,9,2,0,0,402.5,805.0,0.0,22.22222222222222
2025-11-21,5,11,True,Deluxe,2,6,0,0,0,700.0,0.0,0.0,0.0
2025-11-21,5,11,True,Suite,3,3,0,0,0,1400.0,0.0,0.0,0.0
2025-11-22,6,11,True,Standard,1,9,1,0,0,402.5,402.5,0.0,11.11111111111111
2025-11-22,6,11,True,Deluxe,2,6,0,0,0,700.0,0.0,0.0,0.0
2025-11-22,6,11,True,Suite,3,3,0,0,0,1400.0,0.0,0.0,0.0
2025-11-23,7,11,False,Standard,1,9,0,0,0,350.0,0.0,0.0,0.0
2025-11-23,7,11,False,Deluxe,2,6,1,1,0,805.0,805.0,0.0,16.666666666666668
2025-11-23,7,11,False,Suite,3,3,0,0,0,1400.0,0.0,0.0,0.0
2025-11-24,1,11,False,Standard,1,9,0,0,0,350.0,0.0,0.0,0.0
2025-11-24,1,11,False,Deluxe,2,6,1,0,0,805.0,805.0,0.0,16.666666666666668
2025-11-24,1,11,False,Suite,3,3,0,0,0,1400.0,0.0,0.0,0.0
2025-11-25,2,11,False,Standard,1,9,0,0,0,350.0,0.0,888.5,0.0
2025-11-25,2,11,False,Deluxe,2,6,1,0,0,805.0,805.0,592.33,16.666666666666668
2025-11-25,2,11,False,Suite,3,3,0,0,0,1400.0,0.0,296.17,0.0
2025-11-26,3,11,False,Standard,1,9,0,0,0,350.0,0.0,0.0,0.0
2025-11-26,3,11,False,Deluxe,2,6,0,0,0,700.0,0.0,0.0,0.0
2025-11-26,3,11,False,Suite,3,3,0,0,0,1400.0,0.0,0.0,0.0
2025-11-27,4,11,False,Standard,1,9,1,1,0,402.5,402.5,0.0,11.11111111111111
2025-11-27,4,11,False,Deluxe,2,6,0,0,0,700.0,0.0,0.0,0.0
2025-11-27,4,11,False,Suite,3,3,0,0,0,1400.0,0.0,0.0,0.0
2025-11-28,5,11,True,Standard,1,9,1,0,0,402.5,402.5,21612.0,11.11111111111111
2025-11-28,5,11,True,Deluxe,2,6,0,0,0,700.0,0.0,14408.0,0.0
2025-11-28,5,11,True,Suite,3,3,0,0,0,1400.0,0.0,7204.0,0.0
2025-11-29,6,11,True,Standard,1,9,1,0,1,402.5,402.5,0.0,11.11111111111111
2025-11-29,6,11,True,Deluxe,2,6,0,0,0,700.0,0.0,0.0,0.0
2025-11-29,6,11,True,Suite,3,3,0,0,0,1400.0,0.0,0.0,0.0
2025-11-30,7,11,False,Standard,1,9,1,0,0,402.5,402.5,0.0,11.11111111111111
2025-11-30,7,11,False,Deluxe,2,6,0,0,0,700.0,0.0,0.0,0.0
2025-11-30,7,11,False,Suite,3,3,0,0,0,1400.0,0.0,0.0,0.0
2025-12-01,1,12,False,Standard,1,9,0,0,0,350.0,0.0,0.0,0.0
2025-12-01,1,12,False,Deluxe,2,6,0,0,0,700.0,0.0,0.0,0.0
2025-12-01,1,12,False,Suite,3,3,0,0,0,1400.0,0.0,0.0,0.0
2025-12-02,2,12,False,Standard,1,9,0,0,0,350.0,0.0,0.0,0.0
2025-12-02,2,12,False,Deluxe,2,6,0,0,0,700.0,0.0,0.0,0.0
2025-12-02,2,12,False,Suite,3,3,0,0,0,1400.0,0.0,0.0,0.0
2025-12-03,3,12,False,Standard,1,9,0,0,0,350.0,0.0,0.0,0.0
2025-12-03,3,12,False,Deluxe,2,6,0,0,0,700.0,0.0,0.0,0.0
2025-12-03,3,12,False,Suite,3,3,0,0,0,1400.0,0.0,0.0,0.0
2025-12-04,4,12,False,Standard,1,9,0,0,0,350.0,0.0,0.0,0.0
2025-12-04,4,12,False,Deluxe,2,6,0,0,0,700.0,0.0,0.0,0.0
2025-12-04,4,12,False,Suite,3,3,0,0,0,1400.0,0.0,0.0,0.0
2025-12-05,5,12,True,Standard,1,9,0,0,0,350.0,0.0,0.0,0.0
2025-12-05,5,12,True,Deluxe,2,6,0,0,0,700.0,0.0,0.0,0.0
2025-12-05,5,12,True,Suite,3,3,0,0,0,1400.0,0.0,0.0,0.0
2025-12-06,6,12,True,Standard,1,9,0,0,0,350.0,0.0,0.0,0.0
2025-12-06,6,12,True,Deluxe,2,6,1,1,0,805.0,805.0,0.0,16.666666666666668
2025-12-06,6,12,True,Suite,3,3,0,0,0,1400.0,0.0,0.0,0.0
2025-12-07,7,12,False,Standard,1,9,0,0,0,350.0,0.0,0.0,0.0
2025-12-07,7,12,False,Deluxe,2,6,1,0,0,805.0,805.0,0.0,16.666666666666668
2025-12-07,7,12,False,Suite,3,3,0,0,0,1400.0,0.0,0.0,0.0
2025-12-08,1,12,False,Standard,1,9,0,0,0,350.0,0.0,0.0,0.0
2025-12-08,1,12,False,Deluxe,2,6,0,0,0,700.0,0.0,0.0,0.0
2025-12-08,1,12,False,Suite,3,3,0,0,0,1400.0,0.0,0.0,0.0
2025-12-09,2,12,False,Standard,1,9,0,0,0,350.0,0.0,0.0,0.0
2025-12-09,2,12,False,Deluxe,2,6,0,0,0,700.0,0.0,0.0,0.0
2025-12-09,2,12,False,Suite,3,3,0,0,0,1400.0,0.0,0.0,0.0
2025-12-10,3,12,False,Standard,1,9,0,0,0,350.0,0.0,0.0,0.0
2025-12-10,3,12,False,Deluxe,2,6,0,0,0,700.0,0.0,0.0,0.0
2025-12-10,3,12,False,Suite,3,3,0,0,0,1400.0,0.0,0.0,0.0
2025-12-11,4,12,False,Standard,1,9,0,0,0,350.0,0.0,0.0,0.0
2025-12-11,4,12,False,Deluxe,2,6,0,0,0,700.0,0.0,0.0,0.0
2025-12-11,4,12,False,Suite,3,3,0,0,0,1400.0,0.0,0.0,0.0
2025-12-12,5,12,True,Standard,1,9,0,0,0,350.0,0.0,0.0,0.0
2025-12-12,5,12,True,Deluxe,2,6,0,0,0,700.0,0.0,0.0,0.0
2025-12-12,5,12,True,Suite,3,3,0,0,0,1400.0,0.0,0.0,0.0
2025-12-13,6,12,True,Standard,1,9,0,0,0,350.0,0.0,0.0,0.0
2025-12-13,6,12,True,Deluxe,2,6,0,0,0,700.0,0.0,0.0,0.0
2025-12-13,6,12,True,Suite,3,3,0,0,0,1400.0,0.0,0.0,0.0
2025-12-14,7,12,False,Standard,1,9,0,0,0,350.0,0.0,0.0,0.0
2025-12-14,7,12,False,Deluxe,2,6,0,0,0,700.0,0.0,0.0,0.0
2025-12-14,7,12,False,Suite,3,3,0,0,1,1400.0,0.0,0.0,0.0
2025-12-15,1,12,False,Standard,1,9,0,0,0,350.0,0.0,0.0,0.0
2025-12-15,1,12,False,Deluxe,2,6,0,0,0,700.0,0.0,0.0,0.0
2025-12-15,1,12,False,Suite,3,3,0,0,0,1400.0,0.0,0.0,0.0
2025-12-16,2,12,False,Standard,1,9,1,1,0,402.5,402.5,0.0,11.11111111111111
2025-12-16,2,12,False,Deluxe,2,6,0,0,0,700.0,0.0,0.0,0.0
2025-12-16,2,12,False,Suite,3,3,0,0,0,1400.0,0.0,0.0,0.0
2025-12-17,3,12,False,Standard,1,9,1,0,0,402.5,402.5,0.0,11.11111111111111
2025-12-17,3,12,False,Deluxe,2,6,0,0,0,700.0,0.0,0.0,0.0
2025-12-17,3,12,False,Suite,3,3,0,0,0,1400.0,0.0,0.0,0.0
2025-12-18,4,12,False,Standard,1,9,1,0,0,402.5,402.5,0.0,11.11111111111111
2025-12-18,4,12,False,Deluxe,2,6,0,0,0,700.0,0.0,0.0,0.0
2025-12-18,4,12,False,Suite,3,3,0,0,0,1400.0,0.0,0.0,0.0
2025-12-19,5,12,True,Standard,1,9,0,0,0,350.0,0.0,887.0,0.0
2025-12-19,5,12,True,Deluxe,2,6,0,0,0,700.0,0.0,591.33,0.0
2025-12-19,5,12,True,Suite,3,3,0,0,0,1400.0,0.0,295.67,0.0
2025-12-20,6,12,True,Standard,1,9,0,0,1,350.0,0.0,0.0,0.0
2025-12-20,6,12,True,Deluxe,2,6,0,0,0,700.0,0.0,0.0,0.0
2025-12-20,6,12,True,Suite,3,3,0,0,0,1400.0,0.0,0.0,0.0
2025-12-21,7,12,False,Standard,1,9,0,0,0,350.0,0.0,0.0,0.0
2025-12-21,7,12,False,Deluxe,2,6,0,0,0,700.0,0.0,0.0,0.0
2025-12-21,7,12,False,Suite,3,3,1,1,0,1610.0,1610.0,0.0,33.333333333333336
2025-12-22,1,12,False,Standard,1,9,0,0,0,350.0,0.0,749.5,0.0
2025-12-22,1,12,False,Deluxe,2,6,0,0,0,700.0,0.0,499.67,0.0
2025-12-22,1,12,False,Suite,3,3,1,0,0,1610.0,1610.0,249.83,33.333333333333336
2025-12-23,2,12,False,Standard,1,9,0,0,1,350.0,0.0,241.0,0.0
2025-12-23,2,12,False,Deluxe,2,6,0,0,0,700.0,0.0,160.67,0.0
2025-12-23,2,12,False,Suite,3,3,1,0,0,1610.0,1610.0,80.33,33.333333333333336
2025-12-24,3,12,False,Standard,1,9,1,1,0,402.5,402.5,0.0,11.11111111111111
2025-12-24,3,12,False,Deluxe,2,6,0,0,0,700.0,0.0,0.0,0.0
2025-12-24,3,12,False,Suite,3,3,1,0,0,1610.0,1610.0,0.0,33.333333333333336
2025-12-25,4,12,False,Standard,1,9,2,1,0,402.5,805.0,0.0,22.22222222222222
2025-12-25,4,12,False,Deluxe,2,6,0,0,0,700.0,0.0,0.0,0.0
2025-12-25,4,12,False,Suite,3,3,1,0,0,1610.0,1610.0,0.0,33.333333333333336
2025-12-26,5,12,True,Standard,1,9,1,0,0,402.5,402.5,0.0,11.11111111111111
2025-12-26,5,12,True,Deluxe,2,6,0,0,0,700.0,0.0,0.0,0.0
2025-12-26,5,12,True,Suite,3,3,1,0,0,1610.0,1610.0,0.0,33.333333333333336
2025-12-27,6,12,True,Standard,1,9,1,0,0,402.5,402.5,0.0,11.11111111111111
2025-12-27,6,12,True,Deluxe,2,6,1,1,0,805.0,805.0,0.0,16.666666666666668
2025-12-27,6,12,True,Suite,3,3,0,0,0,1400.0,0.0,0.0,0.0
2025-12-28,7,12,False,Standard,1,9,0,0,0,350.0,0.0,21544.5,0.0
2025-12-28,7,12,False,Deluxe,2,6,1,0,0,805.0,805.0,14363.0,16.666666666666668
2025-12-28,7,12,False,Suite,3,3,0,0,0,1400.0,0.0,7181.5,0.0
2025-12-29,1,12,False,Standard,1,9,0,0,0,350.0,0.0,0.0,0.0
2025-12-29,1,12,False,Deluxe,2,6,1,0,0,805.0,805.0,0.0,16.666666666666668
2025-12-29,1,12,False,Suite,3,3,0,0,0,1400.0,0.0,0.0,0.0
2025-12-30,2,12,False,Standard,1,9,0,0,0,350.0,0.0,0.0,0.0
2025-12-30,2,12,False,Deluxe,2,6,1,0,0,805.0,805.0,0.0,16.666666666666668
2025-12-30,2,12,False,Suite,3,3,0,0,0,1400.0,0.0,0.0,0.0
2025-12-31,3,12,False,Standard,1,9,0,0,0,350.0,0.0,0.0,0.0
2025-12-31,3,12,False,Deluxe,2,6,0,0,0,700.0,0.0,0.0,0.0
2025-12-31,3,12,False,Suite,3,3,0,0,0,1400.0,0.0,0.0,0.0
2026-01-01,4,1,False,Standard,1,9,0,0,0,350.0,0.0,0.0,0.0
2026-01-01,4,1,False,Deluxe,2,6,0,0,0,700.0,0.0,0.0,0.0
2026-01-01,4,1,False,Suite,3,3,0,0,0,1400.0,0.0,0.0,0.0
2026-01-02,5,1,True,Standard,1,9,0,0,0,350.0,0.0,0.0,0.0
2026-01-02,5,1,True,Deluxe,2,6,0,0,0,700.0,0.0,0.0,0.0
2026-01-02,5,1,True,Suite,3,3,0,0,0,1400.0,0.0,0.0,0.0
2026-01-03,6,1,True,Standard,1,9,0,0,0,350.0,0.0,0.0,0.0
2026-01-03,6,1,True,Deluxe,2,6,0,0,0,700.0,0.0,0.0,0.0
2026-01-03,6,1,True,Suite,3,3,0,0,0,1400.0,0.0,0.0,0.0
2026-01-04,7,1,False,Standard,1,9,0,0,0,350.0,0.0,0.0,0.0
2026-01-04,7,1,False,Deluxe,2,6,0,0,0,700.0,0.0,0.0,0.0
2026-01-04,7,1,False,Suite,3,3,0,0,0,1400.0,0.0,0.0,0.0
2026-01-05,1,1,False,Standard,1,9,0,0,0,350.0,0.0,0.0,0.0
2026-01-05,1,1,False,Deluxe,2,6,0,0,0,700.0,0.0,0.0,0.0
2026-01-05,1,1,False,Suite,3,3,0,0,0,1400.0,0.0,0.0,0.0
2026-01-06,2,1,False,Standard,1,9,0,0,0,350.0,0.0,0.0,0.0
2026-01-06,2,1,False,Deluxe,2,6,0,0,0,700.0,0.0,0.0,0.0
2026-01-06,2,1,False,Suite,3,3,0,0,0,1400.0,0.0,0.0,0.0
2026-01-07,3,1,False,Standard,1,9,0,0,0,350.0,0.0,0.0,0.0
2026-01-07,3,1,False,Deluxe,2,6,0,0,0,700.0,0.0,0.0,0.0
2026-01-07,3,1,False,Suite,3,3,0,0,0,1400.0,0.0,0.0,0.0
2026-01-08,4,1,False,Standard,1,9,0,0,0,350.0,0.0,0.0,0.0
2026-01-08,4,1,False,Deluxe,2,6,0,0,0,700.0,0.0,0.0,0.0
2026-01-08,4,1,False,Suite,3,3,0,0,0,1400.0,0.0,0.0,0.0
2026-01-09,5,1,True,Standard,1,9,0,0,0,350.0,0.0,0.0,0.0
2026-01-09,5,1,True,Deluxe,2,6,0,0,0,700.0,0.0,0.0,0.0
2026-01-09,5,1,True,Suite,3,3,0,0,0,1400.0,0.0,0.0,0.0
2026-01-10,6,1,True,Standard,1,9,0,0,0,350.0,0.0,0.0,0.0
2026-01-10,6,1,True,Deluxe,2,6,0,0,0,700.0,0.0,0.0,0.0
2026-01-10,6,1,True,Suite,3,3,0,0,0,1400.0,0.0,0.0,0.0
2026-01-11,7,1,False,Standard,1,9,0,0,0,350.0,0.0,4650.5,0.0
2026-01-11,7,1,False,Deluxe,2,6,0,0,0,700.0,0.0,3100.33,0.0
2026-01-11,7,1,False,Suite,3,3,0,0,0,1400.0,0.0,1550.17,0.0
2026-01-12,1,1,False,Standard,1,9,0,0,0,350.0,0.0,0.0,0.0
2026-01-12,1,1,False,Deluxe,2,6,0,0,0,700.0,0.0,0.0,0.0
2026-01-12,1,1,False,Suite,3,3,0,0,0,1400.0,0.0,0.0,0.0
2026-01-13,2,1,False,Standard,1,9,0,0,0,350.0,0.0,0.0,0.0
2026-01-13,2,1,False,Deluxe,2,6,0,0,0,700.0,0.0,0.0,0.0
2026-01-13,2,1,False,Suite,3,3,0,0,0,1400.0,0.0,0.0,0.0
2026-01-14,3,1,False,Standard,1,9,0,0,0,350.0,0.0,0.0,0.0
2026-01-14,3,1,False,Deluxe,2,6,0,0,0,700.0,0.0,0.0,0.0
2026-01-14,3,1,False,Suite,3,3,0,0,0,1400.0,0.0,0.0,0.0
2026-01-15,4,1,False,Standard,1,9,0,0,0,350.0,0.0,0.0,0.0
2026-01-15,4,1,False,Deluxe,2,6,0,0,0,700.0,0.0,0.0,0.0
2026-01-15,4,1,False,Suite,3,3,0,0,0,1400.0,0.0,0.0,0.0
2026-01-16,5,1,True,Standard,1,9,0,0,0,350.0,0.0,0.0,0.0
2026-01-16,5,1,True,Deluxe,2,6,0,0,0,700.0,0.0,0.0,0.0
2026-01-16,5,1,True,Suite,3,3,0,0,0,1400.0,0.0,0.0,0.0
2026-01-17,6,1,True,Standard,1,9,0,0,0,350.0,0.0,0.0,0.0
2026-01-17,6,1,True,Deluxe,2,6,0,0,0,700.0,0.0,0.0,0.0
2026-01-17,6,1,True,Suite,3,3,0,0,0,1400.0,0.0,0.0,0.0
2026-01-18,7,1,False,Standard,1,9,1,1,0,402.5,402.5,0.0,11.11111111111111
2026-01-18,7,1,False,Deluxe,2,6,0,0,0,700.0,0.0,0.0,0.0
2026-01-18,7,1,False,Suite,3,3,0,0,0,1400.0,0.0,0.0,0.0
2026-01-19,1,1,False,Standard,1,9,0,0,0,350.0,0.0,0.0,0.0
2026-01-19,1,1,False,Deluxe,2,6,0,0,0,700.0,0.0,0.0,0.0
2026-01-19,1,1,False,Suite,3,3,0,0,0,1400.0,0.0,0.0,0.0
2026-01-20,2,1,False,Standard,1,9,0,0,0,350.0,0.0,0.0,0.0
2026-01-20,2,1,False,Deluxe,2,6,0,0,0,700.0,0.0,0.0,0.0
2026-01-20,2,1,False,Suite,3,3,0,0,0,1400.0,0.0,0.0,0.0
2026-01-21,3,1,False,Standard,1,9,0,0,0,350.0,0.0,0.0,0.0
2026-01-21,3,1,False,Deluxe,2,6,1,1,0,805.0,805.0,0.0,16.666666666666668
2026-01-21,3,1,False,Suite,3,3,0,0,0,1400.0,0.0,0.0,0.0
2026-01-22,4,1,False,Standard,1,9,2,2,0,402.5,805.0,0.0,22.22222222222222
2026-01-22,4,1,False,Deluxe,2,6,1,0,0,805.0,805.0,0.0,16.666666666666668
2026-01-22,4,1,False,Suite,3,3,0,0,0,1400.0,0.0,0.0,0.0
2026-01-23,5,1,True,Standard,1,9,2,0,0,402.5,805.0,0.0,22.22222222222222
2026-01-23,5,1,True,Deluxe,2,6,1,0,0,805.0,805.0,0.0,16.666666666666668
2026-01-23,5,1,True,Suite,3,3,0,0,0,1400.0,0.0,0.0,0.0
2026-01-24,6,1,True,Standard,1,9,1,1,0,402.5,402.5,0.0,11.11111111111111
2026-01-24,6,1,True,Deluxe,2,6,1,0,0,805.0,805.0,0.0,16.666666666666668
2026-01-24,6,1,True,Suite,3,3,0,0,0,1400.0,0.0,0.0,0.0
2026-01-25,7,1,False,Standard,1,9,1,0,0,402.5,402.5,0.0,11.11111111111111
2026-01-25,7,1,False,Deluxe,2,6,0,0,0,700.0,0.0,0.0,0.0
2026-01-25,7,1,False,Suite,3,3,0,0,0,1400.0,0.0,0.0,0.0
2026-01-26,1,1,False,Standard,1,9,1,0,0,402.5,402.5,0.0,11.11111111111111
2026-01-26,1,1,False,Deluxe,2,6,0,0,0,700.0,0.0,0.0,0.0
2026-01-26,1,1,False,Suite,3,3,0,0,0,1400.0,0.0,0.0,0.0
2026-01-27,2,1,False,Standard,1,9,1,0,0,402.5,402.5,0.0,11.11111111111111
2026-01-27,2,1,False,Deluxe,2,6,0,0,0,700.0,0.0,0.0,0.0
2026-01-27,2,1,False,Suite,3,3,0,0,0,1400.0,0.0,0.0,0.0
2026-01-28,3,1,False,Standard,1,9,0,0,0,350.0,0.0,23123.0,0.0
2026-01-28,3,1,False,Deluxe,2,6,0,0,0,700.0,0.0,15415.33,0.0
2026-01-28,3,1,False,Suite,3,3,0,0,0,1400.0,0.0,7707.67,0.0
2026-01-29,4,1,False,Standard,1,9,1,1,0,402.5,402.5,0.0,11.11111111111111
2026-01-29,4,1,False,Deluxe,2,6,0,0,0,700.0,0.0,0.0,0.0
2026-01-29,4,1,False,Suite,3,3,0,0,0,1400.0,0.0,0.0,0.0
2026-01-30,5,1,True,Standard,1,9,1,0,0,402.5,402.5,0.0,11.11111111111111
2026-01-30,5,1,True,Deluxe,2,6,0,0,0,700.0,0.0,0.0,0.0
2026-01-30,5,1,True,Suite,3,3,0,0,0,1400.0,0.0,0.0,0.0
2026-01-31,6,1,True,Standard,1,9,1,0,0,402.5,402.5,0.0,11.11111111111111
2026-01-31,6,1,True,Deluxe,2,6,0,0,0,700.0,0.0,0.0,0.0
2026-01-31,6,1,True,Suite,3,3,1,1,0,1610.0,1610.0,0.0,33.333333333333336
2026-02-01,7,2,False,Standard,1,9,1,0,0,402.5,402.5,0.0,11.11111111111111
2026-02-01,7,2,False,Deluxe,2,6,0,0,0,700.0,0.0,0.0,0.0
2026-02-01,7,2,False,Suite,3,3,1,0,0,1610.0,1610.0,0.0,33.333333333333336
2026-02-02,1,2,False,Standard,1,9,1,0,0,402.5,402.5,0.0,11.11111111111111
2026-02-02,1,2,False,Deluxe,2,6,0,0,0,700.0,0.0,0.0,0.0
2026-02-02,1,2,False,Suite,3,3,0,0,0,1400.0,0.0,0.0,0.0
2026-02-03,2,2,False,Standard,1,9,1,0,0,402.5,402.5,0.0,11.11111111111111
2026-02-03,2,2,False,Deluxe,2,6,0,0,0,700.0,0.0,0.0,0.0
2026-02-03,2,2,False,Suite,3,3,0,0,0,1400.0,0.0,0.0,0.0
2026-02-04,3,2,False,Standard,1,9,1,0,0,402.5,402.5,0.0,11.11111111111111
2026-02-04,3,2,False,Deluxe,2,6,0,0,0,700.0,0.0,0.0,0.0
2026-02-04,3,2,False,Suite,3,3,0,0,0,1400.0,0.0,0.0,0.0
2026-02-05,4,2,False,Standard,1,9,0,0,0,350.0,0.0,0.0,0.0
2026-02-05,4,2,False,Deluxe,2,6,0,0,0,700.0,0.0,0.0,0.0
2026-02-05,4,2,False,Suite,3,3,0,0,0,1400.0,0.0,0.0,0.0
2026-02-06,5,2,True,Standard,1,9,0,0,0,350.0,0.0,0.0,0.0
2026-02-06,5,2,True,Deluxe,2,6,0,0,0,700.0,0.0,0.0,0.0
2026-02-06,5,2,True,Suite,3,3,0,0,0,1400.0,0.0,0.0,0.0
2026-02-07,6,2,True,Standard,1,9,0,0,0,350.0,0.0,177.5,0.0
2026-02-07,6,2,True,Deluxe,2,6,0,0,0,700.0,0.0,118.33,0.0
2026-02-07,6,2,True,Suite,3,3,0,0,0,1400.0,0.0,59.17,0.0
2026-02-08,7,2,False,Standard,1,9,0,0,0,350.0,0.0,0.0,0.0
2026-02-08,7,2,False,Deluxe,2,6,0,0,0,700.0,0.0,0.0,0.0
2026-02-08,7,2,False,Suite,3,3,1,1,0,1610.0,1610.0,0.0,33.333333333333336
2026-02-09,1,2,False,Standard,1,9,0,0,0,350.0,0.0,928.5,0.0
2026-02-09,1,2,False,Deluxe,2,6,0,0,1,700.0,0.0,619.0,0.0
2026-02-09,1,2,False,Suite,3,3,1,0,0,1610.0,1610.0,309.5,33.333333333333336
2026-02-10,2,2,False,Standard,1,9,0,0,0,350.0,0.0,0.0,0.0
2026-02-10,2,2,False,Deluxe,2,6,0,0,0,700.0,0.0,0.0,0.0
2026-02-10,2,2,False,Suite,3,3,1,0,0,1610.0,1610.0,0.0,33.333333333333336
2026-02-11,3,2,False,Standard,1,9,0,0,0,350.0,0.0,724.5,0.0
2026-02-11,3,2,False,Deluxe,2,6,0,0,0,700.0,0.0,483.0,0.0
2026-02-11,3,2,False,Suite,3,3,0,0,0,1400.0,0.0,241.5,0.0
2026-02-12,4,2,False,Standard,1,9,0,0,0,350.0,0.0,0.0,0.0
2026-02-12,4,2,False,Deluxe,2,6,0,0,0,700.0,0.0,0.0,0.0
2026-02-12,4,2,False,Suite,3,3,0,0,0,1400.0,0.0,0.0,0.0
2026-02-13,5,2,True,Standard,1,9,0,0,0,350.0,0.0,0.0,0.0
2026-02-13,5,2,True,Deluxe,2,6,0,0,0,700.0,0.0,0.0,0.0
2026-02-13,5,2,True,Suite,3,3,0,0,0,1400.0,0.0,0.0,0.0
2026-02-14,6,2,True,Standard,1,9,0,0,0,350.0,0.0,0.0,0.0
2026-02-14,6,2,True,Deluxe,2,6,0,0,0,700.0,0.0,0.0,0.0
2026-02-14,6,2,True,Suite,3,3,0,0,0,1400.0,0.0,0.0,0.0
2026-02-15,7,2,False,Standard,1,9,0,0,0,350.0,0.0,0.0,0.0
2026-02-15,7,2,False,Deluxe,2,6,0,0,0,700.0,0.0,0.0,0.0
2026-02-15,7,2,False,Suite,3,3,0,0,0,1400.0,0.0,0.0,0.0
2026-02-16,1,2,False,Standard,1,9,0,0,0,350.0,0.0,0.0,0.0
2026-02-16,1,2,False,Deluxe,2,6,0,0,0,700.0,0.0,0.0,0.0
2026-02-16,1,2,False,Suite,3,3,0,0,0,1400.0,0.0,0.0,0.0
2026-02-17,2,2,False,Standard,1,9,0,0,0,350.0,0.0,0.0,0.0
2026-02-17,2,2,False,Deluxe,2,6,0,0,0,700.0,0.0,0.0,0.0
2026-02-17,2,2,False,Suite,3,3,0,0,0,1400.0,0.0,0.0,0.0
2026-02-18,3,2,False,Standard,1,9,0,0,0,350.0,0.0,0.0,0.0
2026-02-18,3,2,False,Deluxe,2,6,0,0,0,700.0,0.0,0.0,0.0
2026-02-18,3,2,False,Suite,3,3,0,0,0,1400.0,0.0,0.0,0.0
2026-02-19,4,2,False,Standard,1,9,0,0,0,350.0,0.0,0.0,0.0
2026-02-19,4,2,False,Deluxe,2,6,0,0,0,700.0,0.0,0.0,0.0
2026-02-19,4,2,False,Suite,3,3,0,0,0,1400.0,0.0,0.0,0.0
2026-02-20,5,2,True,Standard,1,9,0,0,0,350.0,0.0,0.0,0.0
2026-02-20,5,2,True,Deluxe,2,6,0,0,0,700.0,0.0,0.0,0.0
2026-02-20,5,2,True,Suite,3,3,0,0,0,1400.0,0.0,0.0,0.0
2026-02-21,6,2,True,Standard,1,9,0,0,0,350.0,0.0,0.0,0.0
2026-02-21,6,2,True,Deluxe,2,6,0,0,0,700.0,0.0,0.0,0.0
2026-02-21,6,2,True,Suite,3,3,0,0,0,1400.0,0.0,0.0,0.0
2026-02-22,7,2,False,Standard,1,9,0,0,0,350.0,0.0,0.0,0.0
2026-02-22,7,2,False,Deluxe,2,6,0,0,0,700.0,0.0,0.0,0.0
2026-02-22,7,2,False,Suite,3,3,0,0,0,1400.0,0.0,0.0,0.0
2026-02-23,1,2,False,Standard,1,9,0,0,0,350.0,0.0,0.0,0.0
2026-02-23,1,2,False,Deluxe,2,6,0,0,0,700.0,0.0,0.0,0.0
2026-02-23,1,2,False,Suite,3,3,0,0,0,1400.0,0.0,0.0,0.0
2026-02-24,2,2,False,Standard,1,9,0,0,0,350.0,0.0,0.0,0.0
2026-02-24,2,2,False,Deluxe,2,6,0,0,0,700.0,0.0,0.0,0.0
2026-02-24,2,2,False,Suite,3,3,0,0,0,1400.0,0.0,0.0,0.0
2026-02-25,3,2,False,Standard,1,9,1,1,0,402.5,402.5,0.0,11.11111111111111
2026-02-25,3,2,False,Deluxe,2,6,1,1,0,805.0,805.0,0.0,16.666666666666668
2026-02-25,3,2,False,Suite,3,3,0,0,0,1400.0,0.0,0.0,0.0
2026-02-26,4,2,False,Standard,1,9,1,0,0,402.5,402.5,0.0,11.11111111111111
2026-02-26,4,2,False,Deluxe,2,6,1,0,0,805.0,805.0,0.0,16.666666666666668
2026-02-26,4,2,False,Suite,3,3,0,0,0,1400.0,0.0,0.0,0.0
2026-02-27,5,2,True,Standard,1,9,0,0,0,350.0,0.0,0.0,0.0
2026-02-27,5,2,True,Deluxe,2,6,1,0,0,805.0,805.0,0.0,16.666666666666668
2026-02-27,5,2,True,Suite,3,3,0,0,0,1400.0,0.0,0.0,0.0
2026-02-28,6,2,True,Standard,1,9,1,1,0,402.5,402.5,22636.5,11.11111111111111
2026-02-28,6,2,True,Deluxe,2,6,0,0,0,700.0,0.0,15091.0,0.0
2026-02-28,6,2,True,Suite,3,3,0,0,0,1400.0,0.0,7545.5,0.0
2026-03-01,7,3,False,Standard,1,9,1,0,0,402.5,402.5,0.0,11.11111111111111
2026-03-01,7,3,False,Deluxe,2,6,0,0,0,700.0,0.0,0.0,0.0
2026-03-01,7,3,False,Suite,3,3,0,0,0,1400.0,0.0,0.0,0.0
2026-03-02,1,3,False,Standard,1,9,1,0,0,402.5,402.5,0.0,11.11111111111111
2026-03-02,1,3,False,Deluxe,2,6,1,1,0,805.0,805.0,0.0,16.666666666666668
2026-03-02,1,3,False,Suite,3,3,0,0,0,1400.0,0.0,0.0,0.0
2026-03-03,2,3,False,Standard,1,9,0,0,0,350.0,0.0,0.0,0.0
2026-03-03,2,3,False,Deluxe,2,6,0,0,0,700.0,0.0,0.0,0.0
2026-03-03,2,3,False,Suite,3,3,0,0,0,1400.0,0.0,0.0,0.0
2026-03-04,3,3,False,Standard,1,9,0,0,0,350.0,0.0,0.0,0.0
2026-03-04,3,3,False,Deluxe,2,6,0,0,1,700.0,0.0,0.0,0.0
2026-03-04,3,3,False,Suite,3,3,0,0,0,1400.0,0.0,0.0,0.0
2026-03-05,4,3,False,Standard,1,9,0,0,0,350.0,0.0,0.0,0.0
2026-03-05,4,3,False,Deluxe,2,6,0,0,0,700.0,0.0,0.0,0.0
2026-03-05,4,3,False,Suite,3,3,0,0,0,1400.0,0.0,0.0,0.0
2026-03-06,5,3,True,Standard,1,9,0,0,0,350.0,0.0,0.0,0.0
2026-03-06,5,3,True,Deluxe,2,6,0,0,0,700.0,0.0,0.0,0.0
2026-03-06,5,3,True,Suite,3,3,0,0,0,1400.0,0.0,0.0,0.0
2026-03-07,6,3,True,Standard,1,9,0,0,0,350.0,0.0,0.0,0.0
2026-03-07,6,3,True,Deluxe,2,6,0,0,0,700.0,0.0,0.0,0.0
2026-03-07,6,3,True,Suite,3,3,0,0,0,1400.0,0.0,0.0,0.0
2026-03-08,7,3,False,Standard,1,9,0,0,0,350.0,0.0,0.0,0.0
2026-03-08,7,3,False,Deluxe,2,6,0,0,0,700.0,0.0,0.0,0.0
2026-03-08,7,3,False,Suite,3,3,0,0,0,1400.0,0.0,0.0,0.0
2026-03-09,1,3,False,Standard,1,9,0,0,0,350.0,0.0,0.0,0.0
2026-03-09,1,3,False,Deluxe,2,6,0,0,0,700.0,0.0,0.0,0.0
2026-03-09,1,3,False,Suite,3,3,0,0,0,1400.0,0.0,0.0,0.0
2026-03-10,2,3,False,Standard,1,9,0,0,0,350.0,0.0,4530.5,0.0
2026-03-10,2,3,False,Deluxe,2,6,0,0,0,700.0,0.0,3020.33,0.0
2026-03-10,2,3,False,Suite,3,3,0,0,0,1400.0,0.0,1510.17,0.0
2026-03-11,3,3,False,Standard,1,9,0,0,0,350.0,0.0,0.0,0.0
2026-03-11,3,3,False,Deluxe,2,6,0,0,0,700.0,0.0,0.0,0.0
2026-03-11,3,3,False,Suite,3,3,0,0,0,1400.0,0.0,0.0,0.0
2026-03-12,4,3,False,Standard,1,9,0,0,0,350.0,0.0,0.0,0.0
2026-03-12,4,3,False,Deluxe,2,6,0,0,0,700.0,0.0,0.0,0.0
2026-03-12,4,3,False,Suite,3,3,1,1,0,1610.0,1610.0,0.0,33.333333333333336
2026-03-13,5,3,True,Standard,1,9,0,0,0,350.0,0.0,0.0,0.0
2026-03-13,5,3,True,Deluxe,2,6,0,0,0,700.0,0.0,0.0,0.0
2026-03-13,5,3,True,Suite,3,3,1,0,1,1610.0,1610.0,0.0,33.333333333333336
2026-03-14,6,3,True,Standard,1,9,0,0,1,350.0,0.0,0.0,0.0
2026-03-14,6,3,True,Deluxe,2,6,0,0,0,700.0,0.0,0.0,0.0
2026-03-14,6,3,True,Suite,3,3,1,0,0,1610.0,1610.0,0.0,33.333333333333336
2026-03-15,7,3,False,Standard,1,9,1,1,0,402.5,402.5,0.0,11.11111111111111
2026-03-15,7,3,False,Deluxe,2,6,0,0,0,700.0,0.0,0.0,0.0
2026-03-15,7,3,False,Suite,3,3,1,0,0,1610.0,1610.0,0.0,33.333333333333336
2026-03-16,1,3,False,Standard,1,9,1,0,0,402.5,402.5,0.0,11.11111111111111
2026-03-16,1,3,False,Deluxe,2,6,0,0,0,700.0,0.0,0.0,0.0
2026-03-16,1,3,False,Suite,3,3,1,0,0,1610.0,1610.0,0.0,33.333333333333336
2026-03-17,2,3,False,Standard,1,9,0,0,0,350.0,0.0,0.0,0.0
2026-03-17,2,3,False,Deluxe,2,6,0,0,0,700.0,0.0,0.0,0.0
2026-03-17,2,3,False,Suite,3,3,1,0,0,1610.0,1610.0,0.0,33.333333333333336
2026-03-18,3,3,False,Standard,1,9,0,0,0,350.0,0.0,0.0,0.0
2026-03-18,3,3,False,Deluxe,2,6,0,0,0,700.0,0.0,0.0,0.0
2026-03-18,3,3,False,Suite,3,3,1,0,0,1610.0,1610.0,0.0,33.333333333333336
2026-03-19,4,3,False,Standard,1,9,0,0,0,350.0,0.0,0.0,0.0
2026-03-19,4,3,False,Deluxe,2,6,1,1,0,805.0,805.0,0.0,16.666666666666668
2026-03-19,4,3,False,Suite,3,3,0,0,0,1400.0,0.0,0.0,0.0
2026-03-20,5,3,True,Standard,1,9,2,2,0,402.5,805.0,0.0,22.22222222222222
2026-03-20,5,3,True,Deluxe,2,6,1,0,0,805.0,805.0,0.0,16.666666666666668
2026-03-20,5,3,True,Suite,3,3,0,0,0,1400.0,0.0,0.0,0.0
2026-03-21,6,3,True,Standard,1,9,2,0,0,402.5,805.0,0.0,22.22222222222222
2026-03-21,6,3,True,Deluxe,2,6,1,1,2,805.0,805.0,0.0,16.666666666666668
2026-03-21,6,3,True,Suite,3,3,0,0,0,1400.0,0.0,0.0,0.0
2026-03-22,7,3,False,Standard,1,9,2,0,0,402.5,805.0,0.0,22.22222222222222
2026-03-22,7,3,False,Deluxe,2,6,0,0,0,700.0,0.0,0.0,0.0
2026-03-22,7,3,False,Suite,3,3,0,0,0,1400.0,0.0,0.0,0.0
2026-03-23,1,3,False,Standard,1,9,1,0,0,402.5,402.5,0.0,11.11111111111111
2026-03-23,1,3,False,Deluxe,2,6,0,0,0,700.0,0.0,0.0,0.0
2026-03-23,1,3,False,Suite,3,3,0,0,0,1400.0,0.0,0.0,0.0
2026-03-24,2,3,False,Standard,1,9,0,0,0,350.0,0.0,0.0,0.0
2026-03-24,2,3,False,Deluxe,2,6,0,0,0,700.0,0.0,0.0,0.0
2026-03-24,2,3,False,Suite,3,3,1,1,0,1610.0,1610.0,0.0,33.333333333333336
2026-03-25,3,3,False,Standard,1,9,0,0,0,350.0,0.0,0.0,0.0
2026-03-25,3,3,False,Deluxe,2,6,0,0,0,700.0,0.0,0.0,0.0
2026-03-25,3,3,False,Suite,3,3,1,0,0,1610.0,1610.0,0.0,33.333333333333336
2026-03-26,4,3,False,Standard,1,9,1,1,0,402.5,402.5,0.0,11.11111111111111
2026-03-26,4,3,False,Deluxe,2,6,0,0,0,700.0,0.0,0.0,0.0
2026-03-26,4,3,False,Suite,3,3,0,0,0,1400.0,0.0,0.0,0.0
2026-03-27,5,3,True,Standard,1,9,1,0,0,402.5,402.5,0.0,11.11111111111111
2026-03-27,5,3,True,Deluxe,2,6,0,0,0,700.0,0.0,0.0,0.0
2026-03-27,5,3,True,Suite,3,3,0,0,0,1400.0,0.0,0.0,0.0
2026-03-28,6,3,True,Standard,1,9,1,0,0,402.5,402.5,22550.5,11.11111111111111
2026-03-28,6,3,True,Deluxe,2,6,0,0,0,700.0,0.0,15033.67,0.0
2026-03-28,6,3,True,Suite,3,3,0,0,0,1400.0,0.0,7516.83,0.0
2026-03-29,7,3,False,Standard,1,9,1,0,0,402.5,402.5,0.0,11.11111111111111
2026-03-29,7,3,False,Deluxe,2,6,0,0,0,700.0,0.0,0.0,0.0
2026-03-29,7,3,False,Suite,3,3,0,0,0,1400.0,0.0,0.0,0.0
2026-03-30,1,3,False,Standard,1,9,1,0,0,402.5,402.5,0.0,11.11111111111111
2026-03-30,1,3,False,Deluxe,2,6,0,0,0,700.0,0.0,0.0,0.0
2026-03-30,1,3,False,Suite,3,3,0,0,0,1400.0,0.0,0.0,0.0
2026-03-31,2,3,False,Standard,1,9,0,0,0,350.0,0.0,0.0,0.0
2026-03-31,2,3,False,Deluxe,2,6,0,0,0,700.0,0.0,0.0,0.0
2026-03-31,2,3,False,Suite,3,3,0,0,0,1400.0,0.0,0.0,0.0
2026-04-01,3,4,False,Standard,1,9,0,0,1,350.0,0.0,0.0,0.0
2026-04-01,3,4,False,Deluxe,2,6,0,0,0,700.0,0.0,0.0,0.0
2026-04-01,3,4,False,Suite,3,3,0,0,0,1400.0,0.0,0.0,0.0
2026-04-02,4,4,False,Standard,1,9,1,1,0,402.5,402.5,0.0,11.11111111111111
2026-04-02,4,4,False,Deluxe,2,6,0,0,0,700.0,0.0,0.0,0.0
2026-04-02,4,4,False,Suite,3,3,0,0,0,1400.0,0.0,0.0,0.0
2026-04-03,5,4,True,Standard,1,9,1,0,0,402.5,402.5,0.0,11.11111111111111
2026-04-03,5,4,True,Deluxe,2,6,0,0,1,700.0,0.0,0.0,0.0
2026-04-03,5,4,True,Suite,3,3,0,0,0,1400.0,0.0,0.0,0.0
2026-04-04,6,4,True,Standard,1,9,1,0,1,402.5,402.5,0.0,11.11111111111111
2026-04-04,6,4,True,Deluxe,2,6,0,0,0,700.0,0.0,0.0,0.0
2026-04-04,6,4,True,Suite,3,3,0,0,0,1400.0,0.0,0.0,0.0
2026-04-05,7,4,False,Standard,1,9,0,0,0,350.0,0.0,0.0,0.0
2026-04-05,7,4,False,Deluxe,2,6,0,0,0,700.0,0.0,0.0,0.0
2026-04-05,7,4,False,Suite,3,3,0,0,0,1400.0,0.0,0.0,0.0
2026-04-06,1,4,False,Standard,1,9,0,0,0,350.0,0.0,0.0,0.0
2026-04-06,1,4,False,Deluxe,2,6,0,0,0,700.0,0.0,0.0,0.0
2026-04-06,1,4,False,Suite,3,3,0,0,0,1400.0,0.0,0.0,0.0
2026-04-07,2,4,False,Standard,1,9,0,0,0,350.0,0.0,0.0,0.0
2026-04-07,2,4,False,Deluxe,2,6,0,0,0,700.0,0.0,0.0,0.0
2026-04-07,2,4,False,Suite,3,3,0,0,0,1400.0,0.0,0.0,0.0
2026-04-08,3,4,False,Standard,1,9,0,0,0,350.0,0.0,0.0,0.0
2026-04-08,3,4,False,Deluxe,2,6,0,0,0,700.0,0.0,0.0,0.0
2026-04-08,3,4,False,Suite,3,3,0,0,0,1400.0,0.0,0.0,0.0
2026-04-09,4,4,False,Standard,1,9,0,0,0,350.0,0.0,0.0,0.0
2026-04-09,4,4,False,Deluxe,2,6,0,0,0,700.0,0.0,0.0,0.0
2026-04-09,4,4,False,Suite,3,3,0,0,0,1400.0,0.0,0.0,0.0
2026-04-10,5,4,True,Standard,1,9,0,0,0,350.0,0.0,0.0,0.0
2026-04-10,5,4,True,Deluxe,2,6,1,1,0,805.0,805.0,0.0,16.666666666666668
2026-04-10,5,4,True,Suite,3,3,0,0,0,1400.0,0.0,0.0,0.0
2026-04-11,6,4,True,Standard,1,9,0,0,0,350.0,0.0,0.0,0.0
2026-04-11,6,4,True,Deluxe,2,6,2,1,0,805.0,1610.0,0.0,33.333333333333336
2026-04-11,6,4,True,Suite,3,3,0,0,0,1400.0,0.0,0.0,0.0
2026-04-12,7,4,False,Standard,1,9,0,0,0,350.0,0.0,0.0,0.0
2026-04-12,7,4,False,Deluxe,2,6,1,0,0,805.0,805.0,0.0,16.666666666666668
2026-04-12,7,4,False,Suite,3,3,0,0,0,1400.0,0.0,0.0,0.0
2026-04-13,1,4,False,Standard,1,9,0,0,0,350.0,0.0,0.0,0.0
2026-04-13,1,4,False,Deluxe,2,6,0,0,0,700.0,0.0,0.0,0.0
2026-04-13,1,4,False,Suite,3,3,0,0,0,1400.0,0.0,0.0,0.0
2026-04-14,2,4,False,Standard,1,9,1,1,0,402.5,402.5,0.0,11.11111111111111
2026-04-14,2,4,False,Deluxe,2,6,0,0,0,700.0,0.0,0.0,0.0
2026-04-14,2,4,False,Suite,3,3,0,0,0,1400.0,0.0,0.0,0.0
2026-04-15,3,4,False,Standard,1,9,1,0,0,402.5,402.5,2708.5,11.11111111111111
2026-04-15,3,4,False,Deluxe,2,6,0,0,0,700.0,0.0,1805.67,0.0
2026-04-15,3,4,False,Suite,3,3,0,0,0,1400.0,0.0,902.83,0.0
2026-04-16,4,4,False,Standard,1,9,1,0,0,402.5,402.5,0.0,11.11111111111111
2026-04-16,4,4,False,Deluxe,2,6,1,1,0,805.0,805.0,0.0,16.666666666666668
2026-04-16,4,4,False,Suite,3,3,0,0,0,1400.0,0.0,0.0,0.0
2026-04-17,5,4,True,Standard,1,9,1,0,0,402.5,402.5,0.0,11.11111111111111
2026-04-17,5,4,True,Deluxe,2,6,1,0,0,805.0,805.0,0.0,16.666666666666668
2026-04-17,5,4,True,Suite,3,3,0,0,0,1400.0,0.0,0.0,0.0
2026-04-18,6,4,True,Standard,1,9,1,0,0,402.5,402.5,1292.0,11.11111111111111
2026-04-18,6,4,True,Deluxe,2,6,0,0,0,700.0,0.0,861.33,0.0
2026-04-18,6,4,True,Suite,3,3,0,0,0,1400.0,0.0,430.67,0.0
2026-04-19,7,4,False,Standard,1,9,1,0,0,402.5,402.5,0.0,11.11111111111111
2026-04-19,7,4,False,Deluxe,2,6,0,0,0,700.0,0.0,0.0,0.0
2026-04-19,7,4,False,Suite,3,3,0,0,0,1400.0,0.0,0.0,0.0
2026-04-20,1,4,False,Standard,1,9,1,0,0,402.5,402.5,0.0,11.11111111111111
2026-04-20,1,4,False,Deluxe,2,6,0,0,0,700.0,0.0,0.0,0.0
2026-04-20,1,4,False,Suite,3,3,0,0,0,1400.0,0.0,0.0,0.0
2026-04-21,2,4,False,Standard,1,9,0,0,0,350.0,0.0,0.0,0.0
2026-04-21,2,4,False,Deluxe,2,6,0,0,0,700.0,0.0,0.0,0.0
2026-04-21,2,4,False,Suite,3,3,0,0,0,1400.0,0.0,0.0,0.0
2026-04-22,3,4,False,Standard,1,9,0,0,0,350.0,0.0,0.0,0.0
2026-04-22,3,4,False,Deluxe,2,6,1,1,0,805.0,805.0,0.0,16.666666666666668
2026-04-22,3,4,False,Suite,3,3,0,0,0,1400.0,0.0,0.0,0.0
2026-04-23,4,4,False,Standard,1,9,0,0,1,350.0,0.0,0.0,0.0
2026-04-23,4,4,False,Deluxe,2,6,0,0,0,700.0,0.0,0.0,0.0
2026-04-23,4,4,False,Suite,3,3,1,1,0,1610.0,1610.0,0.0,33.333333333333336
2026-04-24,5,4,True,Standard,1,9,0,0,0,350.0,0.0,0.0,0.0
2026-04-24,5,4,True,Deluxe,2,6,1,1,0,805.0,805.0,0.0,16.666666666666668
2026-04-24,5,4,True,Suite,3,3,1,0,0,1610.0,1610.0,0.0,33.333333333333336
2026-04-25,6,4,True,Standard,1,9,0,0,0,350.0,0.0,0.0,0.0
2026-04-25,6,4,True,Deluxe,2,6,1,0,0,805.0,805.0,0.0,16.666666666666668
2026-04-25,6,4,True,Suite,3,3,1,0,0,1610.0,1610.0,0.0,33.333333333333336
2026-04-26,7,4,False,Standard,1,9,0,0,0,350.0,0.0,0.0,0.0
2026-04-26,7,4,False,Deluxe,2,6,1,0,0,805.0,805.0,0.0,16.666666666666668
2026-04-26,7,4,False,Suite,3,3,1,1,0,1610.0,1610.0,0.0,33.333333333333336
2026-04-27,1,4,False,Standard,1,9,1,1,0,402.5,402.5,0.0,11.11111111111111
2026-04-27,1,4,False,Deluxe,2,6,1,0,0,805.0,805.0,0.0,16.666666666666668
2026-04-27,1,4,False,Suite,3,3,0,0,0,1400.0,0.0,0.0,0.0
2026-04-28,2,4,False,Standard,1,9,1,0,0,402.5,402.5,23567.5,11.11111111111111
2026-04-28,2,4,False,Deluxe,2,6,1,1,0,805.0,805.0,15711.67,16.666666666666668
2026-04-28,2,4,False,Suite,3,3,0,0,0,1400.0,0.0,7855.83,0.0
2026-04-29,3,4,False,Standard,1,9,0,0,1,350.0,0.0,0.0,0.0
2026-04-29,3,4,False,Deluxe,2,6,2,1,0,805.0,1610.0,0.0,33.333333333333336
2026-04-29,3,4,False,Suite,3,3,0,0,0,1400.0,0.0,0.0,0.0
2026-04-30,4,4,False,Standard,1,9,1,1,0,402.5,402.5,0.0,11.11111111111111
2026-04-30,4,4,False,Deluxe,2,6,2,0,0,805.0,1610.0,0.0,33.333333333333336
2026-04-30,4,4,False,Suite,3,3,0,0,0,1400.0,0.0,0.0,0.0
2026-05-01,5,5,True,Standard,1,9,1,0,0,402.5,402.5,0.0,11.11111111111111
2026-05-01,5,5,True,Deluxe,2,6,1,0,0,805.0,805.0,0.0,16.666666666666668
2026-05-01,5,5,True,Suite,3,3,1,1,0,1610.0,1610.0,0.0,33.333333333333336
2026-05-02,6,5,True,Standard,1,9,1,0,0,402.5,402.5,0.0,11.11111111111111
2026-05-02,6,5,True,Deluxe,2,6,0,0,1,700.0,0.0,0.0,0.0
2026-05-02,6,5,True,Suite,3,3,1,0,0,1610.0,1610.0,0.0,33.333333333333336
2026-05-03,7,5,False,Standard,1,9,1,0,0,402.5,402.5,0.0,11.11111111111111
2026-05-03,7,5,False,Deluxe,2,6,0,0,0,700.0,0.0,0.0,0.0
2026-05-03,7,5,False,Suite,3,3,1,0,0,1610.0,1610.0,0.0,33.333333333333336
2026-05-04,1,5,False,Standard,1,9,0,0,0,350.0,0.0,0.0,0.0
2026-05-04,1,5,False,Deluxe,2,6,0,0,0,700.0,0.0,0.0,0.0
2026-05-04,1,5,False,Suite,3,3,1,0,0,1610.0,1610.0,0.0,33.333333333333336
2026-05-05,2,5,False,Standard,1,9,0,0,0,350.0,0.0,0.0,0.0
2026-05-05,2,5,False,Deluxe,2,6,0,0,0,700.0,0.0,0.0,0.0
2026-05-05,2,5,False,Suite,3,3,1,0,0,1610.0,1610.0,0.0,33.333333333333336
2026-05-06,3,5,False,Standard,1,9,0,0,0,350.0,0.0,0.0,0.0
2026-05-06,3,5,False,Deluxe,2,6,0,0,0,700.0,0.0,0.0,0.0
2026-05-06,3,5,False,Suite,3,3,1,0,0,1610.0,1610.0,0.0,33.333333333333336
2026-05-07,4,5,False,Standard,1,9,0,0,0,350.0,0.0,0.0,0.0
2026-05-07,4,5,False,Deluxe,2,6,1,1,0,805.0,805.0,0.0,16.666666666666668
2026-05-07,4,5,False,Suite,3,3,2,1,0,1610.0,3220.0,0.0,66.66666666666667
2026-05-08,5,5,True,Standard,1,9,0,0,1,350.0,0.0,0.0,0.0
2026-05-08,5,5,True,Deluxe,2,6,1,0,0,805.0,805.0,0.0,16.666666666666668
2026-05-08,5,5,True,Suite,3,3,1,0,0,1610.0,1610.0,0.0,33.333333333333336
2026-05-09,6,5,True,Standard,1,9,1,1,0,402.5,402.5,0.0,11.11111111111111
2026-05-09,6,5,True,Deluxe,2,6,1,0,0,805.0,805.0,0.0,16.666666666666668
2026-05-09,6,5,True,Suite,3,3,1,0,0,1610.0,1610.0,0.0,33.333333333333336
2026-05-10,7,5,False,Standard,1,9,0,0,0,350.0,0.0,0.0,0.0
2026-05-10,7,5,False,Deluxe,2,6,1,0,0,805.0,805.0,0.0,16.666666666666668
2026-05-10,7,5,False,Suite,3,3,1,0,0,1610.0,1610.0,0.0,33.333333333333336
2026-05-11,1,5,False,Standard,1,9,0,0,0,350.0,0.0,1106.5,0.0
2026-05-11,1,5,False,Deluxe,2,6,0,0,0,700.0,0.0,737.67,0.0
2026-05-11,1,5,False,Suite,3,3,1,0,0,1610.0,1610.0,368.83,33.333333333333336
2026-05-12,2,5,False,Standard,1,9,0,0,1,350.0,0.0,0.0,0.0
2026-05-12,2,5,False,Deluxe,2,6,1,1,0,805.0,805.0,0.0,16.666666666666668
2026-05-12,2,5,False,Suite,3,3,1,0,0,1610.0,1610.0,0.0,33.333333333333336
2026-05-13,3,5,False,Standard,1,9,1,1,0,402.5,402.5,0.0,11.11111111111111
2026-05-13,3,5,False,Deluxe,2,6,1,0,0,805.0,805.0,0.0,16.666666666666668
2026-05-13,3,5,False,Suite,3,3,0,0,0,1400.0,0.0,0.0,0.0
2026-05-14,4,5,False,Standard,1,9,0,0,0,350.0,0.0,0.0,0.0
2026-05-14,4,5,False,Deluxe,2,6,1,0,0,805.0,805.0,0.0,16.666666666666668
2026-05-14,4,5,False,Suite,3,3,0,0,0,1400.0,0.0,0.0,0.0
2026-05-15,5,5,True,Standard,1,9,1,1,0,402.5,402.5,0.0,11.11111111111111
2026-05-15,5,5,True,Deluxe,2,6,1,0,0,805.0,805.0,0.0,16.666666666666668
2026-05-15,5,5,True,Suite,3,3,0,0,0,1400.0,0.0,0.0,0.0
2026-05-16,6,5,True,Standard,1,9,1,0,0,402.5,402.5,0.0,11.11111111111111
2026-05-16,6,5,True,Deluxe,2,6,2,1,0,805.0,1610.0,0.0,33.333333333333336
2026-05-16,6,5,True,Suite,3,3,0,0,0,1400.0,0.0,0.0,0.0
2026-05-17,7,5,False,Standard,1,9,2,1,0,402.5,805.0,0.0,22.22222222222222
2026-05-17,7,5,False,Deluxe,2,6,2,0,0,805.0,1610.0,0.0,33.333333333333336
2026-05-17,7,5,False,Suite,3,3,0,0,0,1400.0,0.0,0.0,0.0
2026-05-18,1,5,False,Standard,1,9,3,1,0,402.5,1207.5,0.0,33.333333333333336
2026-05-18,1,5,False,Deluxe,2,6,2,1,0,805.0,1610.0,0.0,33.333333333333336
2026-05-18,1,5,False,Suite,3,3,0,0,0,1400.0,0.0,0.0,0.0
2026-05-19,2,5,False,Standard,1,9,6,4,0,402.5,2415.0,0.0,66.66666666666667
2026-05-19,2,5,False,Deluxe,2,6,2,1,0,805.0,1610.0,0.0,33.333333333333336
2026-05-19,2,5,False,Suite,3,3,2,2,0,1610.0,3220.0,0.0,66.66666666666667
