"filename", "language", "PowerShell", "Shell Script", "Markdown", "JavaScript", "YAML", "Batch", "JSON", "Python", "pip requirements", "CSV", "Java Properties", "Docker", "MS SQL", "Java", "JavaScript JSX", "PostCSS", "JSON with Comments", "HTML", "XML", "comment", "blank", "total"
"c:\Users\Alwaj\OneDrive\المستندات\GitHub\roomify-hotel-management\.github\workflows\backend-ci.yml", "YAML", 0, 0, 0, 0, 32, 0, 0, 0, 0, 0, 0, 0, 0, 0, 0, 0, 0, 0, 0, 0, 7, 39
"c:\Users\Alwaj\OneDrive\المستندات\GitHub\roomify-hotel-management\.github\workflows\ci.yml", "YAML", 0, 0, 0, 0, 22, 0, 0, 0, 0, 0, 0, 0, 0, 0, 0, 0, 0, 0, 0, 0, 4, 26
"c:\Users\Alwaj\OneDrive\المستندات\GitHub\roomify-hotel-management\.github\workflows\frontend-ci.yml", "YAML", 0, 0, 0, 0, 35, 0, 0, 0, 0, 0, 0, 0, 0, 0, 0, 0, 0, 0, 0, 0, 9, 44
"c:\Users\Alwaj\OneDrive\المستندات\GitHub\roomify-hotel-management\.github\workflows\pull_request_template.md", "Markdown", 0, 0, 11, 0, 0, 0, 0, 0, 0, 0, 0, 0, 0, 0, 0, 0, 0, 0, 0, 0, 3, 14
"c:\Users\Alwaj\OneDrive\المستندات\GitHub\roomify-hotel-management\README.md", "Markdown", 0, 0, 92, 0, 0, 0, 0, 0, 0, 0, 0, 0, 0, 0, 0, 0, 0, 0, 0, 0, 24, 116
"c:\Users\Alwaj\OneDrive\المستندات\GitHub\roomify-hotel-management\RUNNING.md", "Markdown", 0, 0, 83, 0, 0, 0, 0, 0, 0, 0, 0, 0, 0, 0, 0, 0, 0, 0, 0, 0, 31, 114
"c:\Users\Alwaj\OneDrive\المستندات\GitHub\roomify-hotel-management\ai-service\README.md", "Markdown", 0, 0, 32, 0, 0, 0, 0, 0, 0, 0, 0, 0, 0, 0, 0, 0, 0, 0, 0, 0, 11, 43
"c:\Users\Alwaj\OneDrive\المستندات\GitHub\roomify-hotel-management\ai-service\data\training_data.csv", "CSV", 0, 0, 0, 0, 0, 0, 0, 0, 0, 4387, 0, 0, 0, 0, 0, 0, 0, 0, 0, 0, 1, 4388
"c:\Users\Alwaj\OneDrive\المستندات\GitHub\roomify-hotel-management\ai-service\elasticity_model.py", "Python", 0, 0, 0, 0, 0, 0, 0, 179, 0, 0, 0, 0, 0, 0, 0, 0, 0, 0, 0, 0, 36, 215
"c:\Users\Alwaj\OneDrive\المستندات\GitHub\roomify-hotel-management\ai-service\elasticity_service.py", "Python", 0, 0, 0, 0, 0, 0, 0, 115, 0, 0, 0, 0, 0, 0, 0, 0, 0, 0, 0, 0, 22, 137
"c:\Users\Alwaj\OneDrive\المستندات\GitHub\roomify-hotel-management\ai-service\main.py", "Python", 0, 0, 0, 0, 0, 0, 0, 61, 0, 0, 0, 0, 0, 0, 0, 0, 0, 0, 0, 0, 17, 78
"c:\Users\Alwaj\OneDrive\المستندات\GitHub\roomify-hotel-management\ai-service\model.py", "Python", 0, 0, 0, 0, 0, 0, 0, 404, 0, 0, 0, 0, 0, 0, 0, 0, 0, 0, 0, 0, 61, 465
"c:\Users\Alwaj\OneDrive\المستندات\GitHub\roomify-hotel-management\ai-service\models\model_metadata.json", "JSON", 0, 0, 0, 0, 0, 0, 30, 0, 0, 0, 0, 0, 0, 0, 0, 0, 0, 0, 0, 0, 0, 30
"c:\Users\Alwaj\OneDrive\المستندات\GitHub\roomify-hotel-management\ai-service\models\reference_data.csv", "CSV", 0, 0, 0, 0, 0, 0, 0, 0, 0, 4387, 0, 0, 0, 0, 0, 0, 0, 0, 0, 0, 1, 4388
"c:\Users\Alwaj\OneDrive\المستندات\GitHub\roomify-hotel-management\ai-service\requirements.txt", "pip requirements", 0, 0, 0, 0, 0, 0, 0, 0, 8, 0, 0, 0, 0, 0, 0, 0, 0, 0, 0, 0, 1, 9
"c:\Users\Alwaj\OneDrive\المستندات\GitHub\roomify-hotel-management\ai-service\schemas.py", "Python", 0, 0, 0, 0, 0, 0, 0, 73, 0, 0, 0, 0, 0, 0, 0, 0, 0, 0, 0, 0, 23, 96
"c:\Users\Alwaj\OneDrive\المستندات\GitHub\roomify-hotel-management\ai-service\train.py", "Python", 0, 0, 0, 0, 0, 0, 0, 78, 0, 0, 0, 0, 0, 0, 0, 0, 0, 0, 0, 11, 20, 109
"c:\Users\Alwaj\OneDrive\المستندات\GitHub\roomify-hotel-management\backend\.mvn\wrapper\maven-wrapper.properties", "Java Properties", 0, 0, 0, 0, 0, 0, 0, 0, 0, 0, 3, 0, 0, 0, 0, 0, 0, 0, 0, 0, 1, 4
"c:\Users\Alwaj\OneDrive\المستندات\GitHub\roomify-hotel-management\backend\Dockerfile", "Docker", 0, 0, 0, 0, 0, 0, 0, 0, 0, 0, 0, 16, 0, 0, 0, 0, 0, 0, 0, 0, 5, 21
"c:\Users\Alwaj\OneDrive\المستندات\GitHub\roomify-hotel-management\backend\RESERVATION_FILTER_CONTRACT.md", "Markdown", 0, 0, 39, 0, 0, 0, 0, 0, 0, 0, 0, 0, 0, 0, 0, 0, 0, 0, 0, 0, 7, 46
"c:\Users\Alwaj\OneDrive\المستندات\GitHub\roomify-hotel-management\backend\mvnw.cmd", "Batch", 0, 0, 0, 0, 0, 139, 0, 0, 0, 0, 0, 0, 0, 0, 0, 0, 0, 0, 0, 26, 25, 190
"c:\Users\Alwaj\OneDrive\المستندات\GitHub\roomify-hotel-management\backend\pom.xml", "XML", 0, 0, 0, 0, 0, 0, 0, 0, 0, 0, 0, 0, 0, 0, 0, 0, 0, 0, 176, 9, 31, 216
"c:\Users\Alwaj\OneDrive\المستندات\GitHub\roomify-hotel-management\backend\src\main\java\com\roomify\backend\RoomifyBackendApplication.java", "Java", 0, 0, 0, 0, 0, 0, 0, 0, 0, 0, 0, 0, 0, 13, 0, 0, 0, 0, 0, 0, 4, 17
"c:\Users\Alwaj\OneDrive\المستندات\GitHub\roomify-hotel-management\backend\src\main\java\com\roomify\backend\api\HealthController.java", "Java", 0, 0, 0, 0, 0, 0, 0, 0, 0, 0, 0, 0, 0, 17, 0, 0, 0, 0, 0, 0, 3, 20
"c:\Users\Alwaj\OneDrive\المستندات\GitHub\roomify-hotel-management\backend\src\main\java\com\roomify\backend\assistant\config\GuestAssistantStompAuthChannelInterceptor.java", "Java", 0, 0, 0, 0, 0, 0, 0, 0, 0, 0, 0, 0, 0, 44, 0, 0, 0, 0, 0, 0, 8, 52
"c:\Users\Alwaj\OneDrive\المستندات\GitHub\roomify-hotel-management\backend\src\main\java\com\roomify\backend\assistant\config\GuestAssistantWebSocketConfig.java", "Java", 0, 0, 0, 0, 0, 0, 0, 0, 0, 0, 0, 0, 0, 30, 0, 0, 0, 0, 0, 0, 7, 37
"c:\Users\Alwaj\OneDrive\المستندات\GitHub\roomify-hotel-management\backend\src\main\java\com\roomify\backend\assistant\controller\GuestAssistantConversationController.java", "Java", 0, 0, 0, 0, 0, 0, 0, 0, 0, 0, 0, 0, 0, 57, 0, 0, 0, 0, 0, 0, 10, 67
"c:\Users\Alwaj\OneDrive\المستندات\GitHub\roomify-hotel-management\backend\src\main\java\com\roomify\backend\assistant\controller\GuestAssistantSocketController.java", "Java", 0, 0, 0, 0, 0, 0, 0, 0, 0, 0, 0, 0, 0, 48, 0, 0, 0, 0, 0, 0, 7, 55
"c:\Users\Alwaj\OneDrive\المستندات\GitHub\roomify-hotel-management\backend\src\main\java\com\roomify\backend\assistant\controller\StaffGuestAssistantController.java", "Java", 0, 0, 0, 0, 0, 0, 0, 0, 0, 0, 0, 0, 0, 51, 0, 0, 0, 0, 0, 0, 9, 60
"c:\Users\Alwaj\OneDrive\المستندات\GitHub\roomify-hotel-management\backend\src\main\java\com\roomify\backend\assistant\dto\ConversationCreateRequest.java", "Java", 0, 0, 0, 0, 0, 0, 0, 0, 0, 0, 0, 0, 0, 48, 0, 0, 0, 0, 0, 0, 21, 69
"c:\Users\Alwaj\OneDrive\المستندات\GitHub\roomify-hotel-management\backend\src\main\java\com\roomify\backend\assistant\dto\ConversationDetailResponse.java", "Java", 0, 0, 0, 0, 0, 0, 0, 0, 0, 0, 0, 0, 0, 6, 0, 0, 0, 0, 0, 0, 3, 9
"c:\Users\Alwaj\OneDrive\المستندات\GitHub\roomify-hotel-management\backend\src\main\java\com\roomify\backend\assistant\dto\ConversationMessageCreateRequest.java", "Java", 0, 0, 0, 0, 0, 0, 0, 0, 0, 0, 0, 0, 0, 22, 0, 0, 0, 0, 0, 0, 9, 31
"c:\Users\Alwaj\OneDrive\المستندات\GitHub\roomify-hotel-management\backend\src\main\java\com\roomify\backend\assistant\dto\ConversationMessageResponse.java", "Java", 0, 0, 0, 0, 0, 0, 0, 0, 0, 0, 0, 0, 0, 24, 0, 0, 0, 0, 0, 0, 3, 27
"c:\Users\Alwaj\OneDrive\المستندات\GitHub\roomify-hotel-management\backend\src\main\java\com\roomify\backend\assistant\dto\ConversationQuickActionRequest.java", "Java", 0, 0, 0, 0, 0, 0, 0, 0, 0, 0, 0, 0, 0, 30, 0, 0, 0, 0, 0, 0, 12, 42
"c:\Users\Alwaj\OneDrive\المستندات\GitHub\roomify-hotel-management\backend\src\main\java\com\roomify\backend\assistant\dto\ConversationRealtimeEventResponse.java", "Java", 0, 0, 0, 0, 0, 0, 0, 0, 0, 0, 0, 0, 0, 12, 0, 0, 0, 0, 0, 0, 3, 15
"c:\Users\Alwaj\OneDrive\المستندات\GitHub\roomify-hotel-management\backend\src\main\java\com\roomify\backend\assistant\dto\ConversationReplyRequest.java", "Java", 0, 0, 0, 0, 0, 0, 0, 0, 0, 0, 0, 0, 0, 22, 0, 0, 0, 0, 0, 0, 9, 31
"c:\Users\Alwaj\OneDrive\المستندات\GitHub\roomify-hotel-management\backend\src\main\java\com\roomify\backend\assistant\dto\ConversationSocketSendRequest.java", "Java", 0, 0, 0, 0, 0, 0, 0, 0, 0, 0, 0, 0, 0, 30, 0, 0, 0, 0, 0, 0, 12, 42
"c:\Users\Alwaj\OneDrive\المستندات\GitHub\roomify-hotel-management\backend\src\main\java\com\roomify\backend\assistant\dto\ConversationSummaryResponse.java", "Java", 0, 0, 0, 0, 0, 0, 0, 0, 0, 0, 0, 0, 0, 29, 0, 0, 0, 0, 0, 0, 3, 32
"c:\Users\Alwaj\OneDrive\المستندات\GitHub\roomify-hotel-management\backend\src\main\java\com\roomify\backend\assistant\dto\ConversationTypingRequest.java", "Java", 0, 0, 0, 0, 0, 0, 0, 0, 0, 0, 0, 0, 0, 19, 0, 0, 0, 0, 0, 0, 9, 28
"c:\Users\Alwaj\OneDrive\المستندات\GitHub\roomify-hotel-management\backend\src\main\java\com\roomify\backend\assistant\entity\ConversationParticipantRole.java", "Java", 0, 0, 0, 0, 0, 0, 0, 0, 0, 0, 0, 0, 0, 6, 0, 0, 0, 0, 0, 0, 2, 8
"c:\Users\Alwaj\OneDrive\المستندات\GitHub\roomify-hotel-management\backend\src\main\java\com\roomify\backend\assistant\entity\ConversationStatus.java", "Java", 0, 0, 0, 0, 0, 0, 0, 0, 0, 0, 0, 0, 0, 6, 0, 0, 0, 0, 0, 0, 2, 8
"c:\Users\Alwaj\OneDrive\المستندات\GitHub\roomify-hotel-management\backend\src\main\java\com\roomify\backend\assistant\entity\GuestConversation.java", "Java", 0, 0, 0, 0, 0, 0, 0, 0, 0, 0, 0, 0, 0, 207, 0, 0, 0, 0, 0, 0, 58, 265
"c:\Users\Alwaj\OneDrive\المستندات\GitHub\roomify-hotel-management\backend\src\main\java\com\roomify\backend\assistant\entity\GuestConversationMessage.java", "Java", 0, 0, 0, 0, 0, 0, 0, 0, 0, 0, 0, 0, 0, 191, 0, 0, 0, 0, 0, 0, 59, 250
"c:\Users\Alwaj\OneDrive\المستندات\GitHub\roomify-hotel-management\backend\src\main\java\com\roomify\backend\assistant\entity\MessageStatus.java", "Java", 0, 0, 0, 0, 0, 0, 0, 0, 0, 0, 0, 0, 0, 6, 0, 0, 0, 0, 0, 0, 2, 8
"c:\Users\Alwaj\OneDrive\المستندات\GitHub\roomify-hotel-management\backend\src\main\java\com\roomify\backend\assistant\entity\QuickActionType.java", "Java", 0, 0, 0, 0, 0, 0, 0, 0, 0, 0, 0, 0, 0, 10, 0, 0, 0, 0, 0, 0, 2, 12
"c:\Users\Alwaj\OneDrive\المستندات\GitHub\roomify-hotel-management\backend\src\main\java\com\roomify\backend\assistant\mapper\GuestAssistantConversationMapper.java", "Java", 0, 0, 0, 0, 0, 0, 0, 0, 0, 0, 0, 0, 0, 104, 0, 0, 0, 0, 0, 0, 8, 112
"c:\Users\Alwaj\OneDrive\المستندات\GitHub\roomify-hotel-management\backend\src\main\java\com\roomify\backend\assistant\repository\GuestConversationMessageRepository.java", "Java", 0, 0, 0, 0, 0, 0, 0, 0, 0, 0, 0, 0, 0, 18, 0, 0, 0, 0, 0, 0, 6, 24
"c:\Users\Alwaj\OneDrive\المستندات\GitHub\roomify-hotel-management\backend\src\main\java\com\roomify\backend\assistant\repository\GuestConversationRepository.java", "Java", 0, 0, 0, 0, 0, 0, 0, 0, 0, 0, 0, 0, 0, 19, 0, 0, 0, 0, 0, 0, 7, 26
"c:\Users\Alwaj\OneDrive\المستندات\GitHub\roomify-hotel-management\backend\src\main\java\com\roomify\backend\assistant\service\GuestAssistantAiFallbackService.java", "Java", 0, 0, 0, 0, 0, 0, 0, 0, 0, 0, 0, 0, 0, 93, 0, 0, 0, 0, 0, 0, 15, 108
"c:\Users\Alwaj\OneDrive\المستندات\GitHub\roomify-hotel-management\backend\src\main\java\com\roomify\backend\assistant\service\GuestAssistantAiReply.java", "Java", 0, 0, 0, 0, 0, 0, 0, 0, 0, 0, 0, 0, 0, 5, 0, 0, 0, 0, 0, 0, 2, 7
"c:\Users\Alwaj\OneDrive\المستندات\GitHub\roomify-hotel-management\backend\src\main\java\com\roomify\backend\assistant\service\GuestAssistantAiService.java", "Java", 0, 0, 0, 0, 0, 0, 0, 0, 0, 0, 0, 0, 0, 6, 0, 0, 0, 0, 0, 0, 4, 10
"c:\Users\Alwaj\OneDrive\المستندات\GitHub\roomify-hotel-management\backend\src\main\java\com\roomify\backend\assistant\service\GuestAssistantAuthService.java", "Java", 0, 0, 0, 0, 0, 0, 0, 0, 0, 0, 0, 0, 0, 78, 0, 0, 0, 0, 0, 0, 11, 89
"c:\Users\Alwaj\OneDrive\المستندات\GitHub\roomify-hotel-management\backend\src\main\java\com\roomify\backend\assistant\service\GuestAssistantConversationService.java", "Java", 0, 0, 0, 0, 0, 0, 0, 0, 0, 0, 0, 0, 0, 522, 0, 0, 0, 0, 0, 0, 58, 580
"c:\Users\Alwaj\OneDrive\المستندات\GitHub\roomify-hotel-management\backend\src\main\java\com\roomify\backend\assistant\service\GuestAssistantNotificationService.java", "Java", 0, 0, 0, 0, 0, 0, 0, 0, 0, 0, 0, 0, 0, 42, 0, 0, 0, 0, 0, 0, 6, 48
"c:\Users\Alwaj\OneDrive\المستندات\GitHub\roomify-hotel-management\backend\src\main\java\com\roomify\backend\assistant\service\GuestAssistantPresenceService.java", "Java", 0, 0, 0, 0, 0, 0, 0, 0, 0, 0, 0, 0, 0, 62, 0, 0, 0, 0, 0, 0, 14, 76
"c:\Users\Alwaj\OneDrive\المستندات\GitHub\roomify-hotel-management\backend\src\main\java\com\roomify\backend\assistant\service\GuestAssistantRealtimeService.java", "Java", 0, 0, 0, 0, 0, 0, 0, 0, 0, 0, 0, 0, 0, 92, 0, 0, 0, 0, 0, 0, 10, 102
"c:\Users\Alwaj\OneDrive\المستندات\GitHub\roomify-hotel-management\backend\src\main\java\com\roomify\backend\assistant\service\GuestAssistantStompAuthenticationService.java", "Java", 0, 0, 0, 0, 0, 0, 0, 0, 0, 0, 0, 0, 0, 35, 0, 0, 0, 0, 0, 0, 9, 44
"c:\Users\Alwaj\OneDrive\المستندات\GitHub\roomify-hotel-management\backend\src\main\java\com\roomify\backend\assistant\service\GuestAssistantTranslationBundle.java", "Java", 0, 0, 0, 0, 0, 0, 0, 0, 0, 0, 0, 0, 0, 6, 0, 0, 0, 0, 0, 0, 2, 8
"c:\Users\Alwaj\OneDrive\المستندات\GitHub\roomify-hotel-management\backend\src\main\java\com\roomify\backend\assistant\service\GuestAssistantTranslationService.java", "Java", 0, 0, 0, 0, 0, 0, 0, 0, 0, 0, 0, 0, 0, 5, 0, 0, 0, 0, 0, 0, 4, 9
"c:\Users\Alwaj\OneDrive\المستندات\GitHub\roomify-hotel-management\backend\src\main\java\com\roomify\backend\assistant\service\GuestAssistantWebSocketPresenceListener.java", "Java", 0, 0, 0, 0, 0, 0, 0, 0, 0, 0, 0, 0, 0, 26, 0, 0, 0, 0, 0, 0, 6, 32
"c:\Users\Alwaj\OneDrive\المستندات\GitHub\roomify-hotel-management\backend\src\main\java\com\roomify\backend\assistant\service\StubGuestAssistantTranslationService.java", "Java", 0, 0, 0, 0, 0, 0, 0, 0, 0, 0, 0, 0, 0, 63, 0, 0, 0, 0, 0, 0, 8, 71
"c:\Users\Alwaj\OneDrive\المستندات\GitHub\roomify-hotel-management\backend\src\main\java\com\roomify\backend\assistant\service\TemplateGuestAssistantAiService.java", "Java", 0, 0, 0, 0, 0, 0, 0, 0, 0, 0, 0, 0, 0, 37, 0, 0, 0, 0, 0, 0, 6, 43
"c:\Users\Alwaj\OneDrive\المستندات\GitHub\roomify-hotel-management\backend\src\main\java\com\roomify\backend\config\AiFinanceDemoDataSeeder.java", "Java", 0, 0, 0, 0, 0, 0, 0, 0, 0, 0, 0, 0, 0, 636, 0, 0, 0, 0, 0, 0, 92, 728
"c:\Users\Alwaj\OneDrive\المستندات\GitHub\roomify-hotel-management\backend\src\main\java\com\roomify\backend\config\AiFinanceIndexInitializer.java", "Java", 0, 0, 0, 0, 0, 0, 0, 0, 0, 0, 0, 0, 0, 36, 0, 0, 0, 0, 0, 0, 8, 44
"c:\Users\Alwaj\OneDrive\المستندات\GitHub\roomify-hotel-management\backend\src\main\java\com\roomify\backend\config\CorsConfig.java", "Java", 0, 0, 0, 0, 0, 0, 0, 0, 0, 0, 0, 0, 0, 26, 0, 0, 0, 0, 0, 0, 6, 32
"c:\Users\Alwaj\OneDrive\المستندات\GitHub\roomify-hotel-management\backend\src\main\java\com\roomify\backend\config\DemoDataBootstrap.java", "Java", 0, 0, 0, 0, 0, 0, 0, 0, 0, 0, 0, 0, 0, 989, 0, 0, 0, 0, 0, 96, 124, 1209
"c:\Users\Alwaj\OneDrive\المستندات\GitHub\roomify-hotel-management\backend\src\main\java\com\roomify\backend\config\JacksonConfig.java", "Java", 0, 0, 0, 0, 0, 0, 0, 0, 0, 0, 0, 0, 0, 14, 0, 0, 0, 0, 0, 0, 4, 18
"c:\Users\Alwaj\OneDrive\المستندات\GitHub\roomify-hotel-management\backend\src\main\java\com\roomify\backend\config\JwtAuthenticationFilter.java", "Java", 0, 0, 0, 0, 0, 0, 0, 0, 0, 0, 0, 0, 0, 100, 0, 0, 0, 0, 0, 0, 16, 116
"c:\Users\Alwaj\OneDrive\المستندات\GitHub\roomify-hotel-management\backend\src\main\java\com\roomify\backend\config\JwtUtils.java", "Java", 0, 0, 0, 0, 0, 0, 0, 0, 0, 0, 0, 0, 0, 93, 0, 0, 0, 0, 0, 4, 17, 114
"c:\Users\Alwaj\OneDrive\المستندات\GitHub\roomify-hotel-management\backend\src\main\java\com\roomify\backend\config\MethodSecurityConfig.java", "Java", 0, 0, 0, 0, 0, 0, 0, 0, 0, 0, 0, 0, 0, 7, 0, 0, 0, 0, 0, 1, 3, 11
"c:\Users\Alwaj\OneDrive\المستندات\GitHub\roomify-hotel-management\backend\src\main\java\com\roomify\backend\config\ReservationSchemaAlignment.java", "Java", 0, 0, 0, 0, 0, 0, 0, 0, 0, 0, 0, 0, 0, 835, 0, 0, 0, 0, 0, 0, 221, 1056
"c:\Users\Alwaj\OneDrive\المستندات\GitHub\roomify-hotel-management\backend\src\main\java\com\roomify\backend\config\SecurityConfig.java", "Java", 0, 0, 0, 0, 0, 0, 0, 0, 0, 0, 0, 0, 0, 64, 0, 0, 0, 0, 0, 5, 18, 87
"c:\Users\Alwaj\OneDrive\المستندات\GitHub\roomify-hotel-management\backend\src\main\java\com\roomify\backend\config\WebConfig.java", "Java", 0, 0, 0, 0, 0, 0, 0, 0, 0, 0, 0, 0, 0, 54, 0, 0, 0, 0, 0, 0, 10, 64
"c:\Users\Alwaj\OneDrive\المستندات\GitHub\roomify-hotel-management\backend\src\main\java\com\roomify\backend\controller\AccountController.java", "Java", 0, 0, 0, 0, 0, 0, 0, 0, 0, 0, 0, 0, 0, 20, 0, 0, 0, 0, 0, 0, 6, 26
"c:\Users\Alwaj\OneDrive\المستندات\GitHub\roomify-hotel-management\backend\src\main\java\com\roomify\backend\controller\AiAssistantController.java", "Java", 0, 0, 0, 0, 0, 0, 0, 0, 0, 0, 0, 0, 0, 24, 0, 0, 0, 0, 0, 0, 6, 30
"c:\Users\Alwaj\OneDrive\المستندات\GitHub\roomify-hotel-management\backend\src\main\java\com\roomify\backend\controller\AiFinanceController.java", "Java", 0, 0, 0, 0, 0, 0, 0, 0, 0, 0, 0, 0, 0, 382, 0, 0, 0, 0, 0, 0, 53, 435
"c:\Users\Alwaj\OneDrive\المستندات\GitHub\roomify-hotel-management\backend\src\main\java\com\roomify\backend\controller\AuditLogController.java", "Java", 0, 0, 0, 0, 0, 0, 0, 0, 0, 0, 0, 0, 0, 30, 0, 0, 0, 0, 0, 0, 6, 36
"c:\Users\Alwaj\OneDrive\المستندات\GitHub\roomify-hotel-management\backend\src\main\java\com\roomify\backend\controller\AuthController.java", "Java", 0, 0, 0, 0, 0, 0, 0, 0, 0, 0, 0, 0, 0, 297, 0, 0, 0, 0, 0, 0, 39, 336
"c:\Users\Alwaj\OneDrive\المستندات\GitHub\roomify-hotel-management\backend\src\main\java\com\roomify\backend\controller\DashboardController.java", "Java", 0, 0, 0, 0, 0, 0, 0, 0, 0, 0, 0, 0, 0, 65, 0, 0, 0, 0, 0, 72, 20, 157
"c:\Users\Alwaj\OneDrive\المستندات\GitHub\roomify-hotel-management\backend\src\main\java\com\roomify\backend\controller\ElasticityController.java", "Java", 0, 0, 0, 0, 0, 0, 0, 0, 0, 0, 0, 0, 0, 28, 0, 0, 0, 0, 0, 0, 7, 35
"c:\Users\Alwaj\OneDrive\المستندات\GitHub\roomify-hotel-management\backend\src\main\java\com\roomify\backend\controller\ExpenseController.java", "Java", 0, 0, 0, 0, 0, 0, 0, 0, 0, 0, 0, 0, 0, 63, 0, 0, 0, 0, 0, 0, 12, 75
"c:\Users\Alwaj\OneDrive\المستندات\GitHub\roomify-hotel-management\backend\src\main\java\com\roomify\backend\controller\GuestReservationController.java", "Java", 0, 0, 0, 0, 0, 0, 0, 0, 0, 0, 0, 0, 0, 46, 0, 0, 0, 0, 0, 0, 8, 54
"c:\Users\Alwaj\OneDrive\المستندات\GitHub\roomify-hotel-management\backend\src\main\java\com\roomify\backend\controller\GuestServiceRequestController.java", "Java", 0, 0, 0, 0, 0, 0, 0, 0, 0, 0, 0, 0, 0, 32, 0, 0, 0, 0, 0, 0, 6, 38
"c:\Users\Alwaj\OneDrive\المستندات\GitHub\roomify-hotel-management\backend\src\main\java\com\roomify\backend\controller\InventoryController.java", "Java", 0, 0, 0, 0, 0, 0, 0, 0, 0, 0, 0, 0, 0, 101, 0, 0, 0, 0, 0, 0, 18, 119
"c:\Users\Alwaj\OneDrive\المستندات\GitHub\roomify-hotel-management\backend\src\main\java\com\roomify\backend\controller\InvoiceController.java", "Java", 0, 0, 0, 0, 0, 0, 0, 0, 0, 0, 0, 0, 0, 68, 0, 0, 0, 0, 0, 0, 22, 90
"c:\Users\Alwaj\OneDrive\المستندات\GitHub\roomify-hotel-management\backend\src\main\java\com\roomify\backend\controller\PaymentController.java", "Java", 0, 0, 0, 0, 0, 0, 0, 0, 0, 0, 0, 0, 0, 22, 0, 0, 0, 0, 0, 0, 4, 26
"c:\Users\Alwaj\OneDrive\المستندات\GitHub\roomify-hotel-management\backend\src\main\java\com\roomify\backend\controller\ReservationController.java", "Java", 0, 0, 0, 0, 0, 0, 0, 0, 0, 0, 0, 0, 0, 141, 0, 0, 0, 0, 0, 0, 21, 162
"c:\Users\Alwaj\OneDrive\المستندات\GitHub\roomify-hotel-management\backend\src\main\java\com\roomify\backend\controller\RoomController.java", "Java", 0, 0, 0, 0, 0, 0, 0, 0, 0, 0, 0, 0, 0, 94, 0, 0, 0, 0, 0, 32, 18, 144
"c:\Users\Alwaj\OneDrive\المستندات\GitHub\roomify-hotel-management\backend\src\main\java\com\roomify\backend\controller\RoomSearchController.java", "Java", 0, 0, 0, 0, 0, 0, 0, 0, 0, 0, 0, 0, 0, 24, 0, 0, 0, 0, 0, 36, 6, 66
"c:\Users\Alwaj\OneDrive\المستندات\GitHub\roomify-hotel-management\backend\src\main\java\com\roomify\backend\controller\RoomTypeController.java", "Java", 0, 0, 0, 0, 0, 0, 0, 0, 0, 0, 0, 0, 0, 50, 0, 0, 0, 0, 0, 20, 11, 81
"c:\Users\Alwaj\OneDrive\المستندات\GitHub\roomify-hotel-management\backend\src\main\java\com\roomify\backend\controller\ServiceController.java", "Java", 0, 0, 0, 0, 0, 0, 0, 0, 0, 0, 0, 0, 0, 36, 0, 0, 0, 0, 0, 0, 13, 49
"c:\Users\Alwaj\OneDrive\المستندات\GitHub\roomify-hotel-management\backend\src\main\java\com\roomify\backend\controller\StaffController.java", "Java", 0, 0, 0, 0, 0, 0, 0, 0, 0, 0, 0, 0, 0, 66, 0, 0, 0, 0, 0, 1, 15, 82
"c:\Users\Alwaj\OneDrive\المستندات\GitHub\roomify-hotel-management\backend\src\main\java\com\roomify\backend\controller\StaffServiceRequestController.java", "Java", 0, 0, 0, 0, 0, 0, 0, 0, 0, 0, 0, 0, 0, 32, 0, 0, 0, 0, 0, 0, 6, 38
"c:\Users\Alwaj\OneDrive\المستندات\GitHub\roomify-hotel-management\backend\src\main\java\com\roomify\backend\dto\ApiError.java", "Java", 0, 0, 0, 0, 0, 0, 0, 0, 0, 0, 0, 0, 0, 30, 0, 0, 0, 0, 0, 0, 6, 36
"c:\Users\Alwaj\OneDrive\المستندات\GitHub\roomify-hotel-management\backend\src\main\java\com\roomify\backend\dto\BillLineItem.java", "Java", 0, 0, 0, 0, 0, 0, 0, 0, 0, 0, 0, 0, 0, 32, 0, 0, 0, 0, 0, 3, 12, 47
"c:\Users\Alwaj\OneDrive\المستندات\GitHub\roomify-hotel-management\backend\src\main\java\com\roomify\backend\dto\BillResponse.java", "Java", 0, 0, 0, 0, 0, 0, 0, 0, 0, 0, 0, 0, 0, 207, 0, 0, 0, 0, 0, 3, 43, 253
"c:\Users\Alwaj\OneDrive\المستندات\GitHub\roomify-hotel-management\backend\src\main\java\com\roomify\backend\dto\BillingRequest.java", "Java", 0, 0, 0, 0, 0, 0, 0, 0, 0, 0, 0, 0, 0, 27, 0, 0, 0, 0, 0, 3, 12, 42
"c:\Users\Alwaj\OneDrive\المستندات\GitHub\roomify-hotel-management\backend\src\main\java\com\roomify\backend\dto\DashboardMetricsResponse.java", "Java", 0, 0, 0, 0, 0, 0, 0, 0, 0, 0, 0, 0, 0, 53, 0, 0, 0, 0, 0, 16, 23, 92
"c:\Users\Alwaj\OneDrive\المستندات\GitHub\roomify-hotel-management\backend\src\main\java\com\roomify\backend\dto\EmailDeliveryStatus.java", "Java", 0, 0, 0, 0, 0, 0, 0, 0, 0, 0, 0, 0, 0, 5, 0, 0, 0, 0, 0, 0, 1, 6
"c:\Users\Alwaj\OneDrive\المستندات\GitHub\roomify-hotel-management\backend\src\main\java\com\roomify\backend\dto\ExpenseCategoryBreakdownItem.java", "Java", 0, 0, 0, 0, 0, 0, 0, 0, 0, 0, 0, 0, 0, 22, 0, 0, 0, 0, 0, 0, 9, 31
"c:\Users\Alwaj\OneDrive\المستندات\GitHub\roomify-hotel-management\backend\src\main\java\com\roomify\backend\dto\ExpenseRequest.java", "Java", 0, 0, 0, 0, 0, 0, 0, 0, 0, 0, 0, 0, 0, 95, 0, 0, 0, 0, 0, 0, 34, 129
"c:\Users\Alwaj\OneDrive\المستندات\GitHub\roomify-hotel-management\backend\src\main\java\com\roomify\backend\dto\ExpenseResponse.java", "Java", 0, 0, 0, 0, 0, 0, 0, 0, 0, 0, 0, 0, 0, 121, 0, 0, 0, 0, 0, 0, 23, 144
"c:\Users\Alwaj\OneDrive\المستندات\GitHub\roomify-hotel-management\backend\src\main\java\com\roomify\backend\dto\ExpenseSummaryResponse.java", "Java", 0, 0, 0, 0, 0, 0, 0, 0, 0, 0, 0, 0, 0, 87, 0, 0, 0, 0, 0, 0, 19, 106
"c:\Users\Alwaj\OneDrive\المستندات\GitHub\roomify-hotel-management\backend\src\main\java\com\roomify\backend\dto\GuestReservationSummaryDto.java", "Java", 0, 0, 0, 0, 0, 0, 0, 0, 0, 0, 0, 0, 0, 151, 0, 0, 0, 0, 0, 9, 38, 198
"c:\Users\Alwaj\OneDrive\المستندات\GitHub\roomify-hotel-management\backend\src\main\java\com\roomify\backend\dto\GuestReservationsResponse.java", "Java", 0, 0, 0, 0, 0, 0, 0, 0, 0, 0, 0, 0, 0, 16, 0, 0, 0, 0, 0, 0, 7, 23
"c:\Users\Alwaj\OneDrive\المستندات\GitHub\roomify-hotel-management\backend\src\main\java\com\roomify\backend\dto\InventoryAdjustmentRequest.java", "Java", 0, 0, 0, 0, 0, 0, 0, 0, 0, 0, 0, 0, 0, 61, 0, 0, 0, 0, 0, 0, 22, 83
"c:\Users\Alwaj\OneDrive\المستندات\GitHub\roomify-hotel-management\backend\src\main\java\com\roomify\backend\dto\InventoryBreakdownItem.java", "Java", 0, 0, 0, 0, 0, 0, 0, 0, 0, 0, 0, 0, 0, 42, 0, 0, 0, 0, 0, 0, 11, 53
"c:\Users\Alwaj\OneDrive\المستندات\GitHub\roomify-hotel-management\backend\src\main\java\com\roomify\backend\dto\InventoryItemRequest.java", "Java", 0, 0, 0, 0, 0, 0, 0, 0, 0, 0, 0, 0, 0, 97, 0, 0, 0, 0, 0, 0, 34, 131
"c:\Users\Alwaj\OneDrive\المستندات\GitHub\roomify-hotel-management\backend\src\main\java\com\roomify\backend\dto\InventoryItemResponse.java", "Java", 0, 0, 0, 0, 0, 0, 0, 0, 0, 0, 0, 0, 0, 121, 0, 0, 0, 0, 0, 0, 22, 143
"c:\Users\Alwaj\OneDrive\المستندات\GitHub\roomify-hotel-management\backend\src\main\java\com\roomify\backend\dto\InventoryRestockRequest.java", "Java", 0, 0, 0, 0, 0, 0, 0, 0, 0, 0, 0, 0, 0, 77, 0, 0, 0, 0, 0, 0, 28, 105
"c:\Users\Alwaj\OneDrive\المستندات\GitHub\roomify-hotel-management\backend\src\main\java\com\roomify\backend\dto\InventoryRestockResponse.java", "Java", 0, 0, 0, 0, 0, 0, 0, 0, 0, 0, 0, 0, 0, 23, 0, 0, 0, 0, 0, 0, 7, 30
"c:\Users\Alwaj\OneDrive\المستندات\GitHub\roomify-hotel-management\backend\src\main\java\com\roomify\backend\dto\InventorySummaryResponse.java", "Java", 0, 0, 0, 0, 0, 0, 0, 0, 0, 0, 0, 0, 0, 104, 0, 0, 0, 0, 0, 0, 21, 125
"c:\Users\Alwaj\OneDrive\المستندات\GitHub\roomify-hotel-management\backend\src\main\java\com\roomify\backend\dto\InventoryTransactionResponse.java", "Java", 0, 0, 0, 0, 0, 0, 0, 0, 0, 0, 0, 0, 0, 133, 0, 0, 0, 0, 0, 0, 24, 157
"c:\Users\Alwaj\OneDrive\المستندات\GitHub\roomify-hotel-management\backend\src\main\java\com\roomify\backend\dto\InvoiceDeliveryStatus.java", "Java", 0, 0, 0, 0, 0, 0, 0, 0, 0, 0, 0, 0, 0, 6, 0, 0, 0, 0, 0, 0, 3, 9
"c:\Users\Alwaj\OneDrive\المستندات\GitHub\roomify-hotel-management\backend\src\main\java\com\roomify\backend\dto\JwtResponse.java", "Java", 0, 0, 0, 0, 0, 0, 0, 0, 0, 0, 0, 0, 0, 53, 0, 0, 0, 0, 0, 4, 17, 74
"c:\Users\Alwaj\OneDrive\المستندات\GitHub\roomify-hotel-management\backend\src\main\java\com\roomify\backend\dto\LoginRequest.java", "Java", 0, 0, 0, 0, 0, 0, 0, 0, 0, 0, 0, 0, 0, 28, 0, 0, 0, 0, 0, 5, 10, 43
"c:\Users\Alwaj\OneDrive\المستندات\GitHub\roomify-hotel-management\backend\src\main\java\com\roomify\backend\dto\NotificationResponse.java", "Java", 0, 0, 0, 0, 0, 0, 0, 0, 0, 0, 0, 0, 0, 71, 0, 0, 0, 0, 0, 0, 17, 88
"c:\Users\Alwaj\OneDrive\المستندات\GitHub\roomify-hotel-management\backend\src\main\java\com\roomify\backend\dto\OccupancyTrendPoint.java", "Java", 0, 0, 0, 0, 0, 0, 0, 0, 0, 0, 0, 0, 0, 23, 0, 0, 0, 0, 0, 11, 13, 47
"c:\Users\Alwaj\OneDrive\المستندات\GitHub\roomify-hotel-management\backend\src\main\java\com\roomify\backend\dto\PaymentRequest.java", "Java", 0, 0, 0, 0, 0, 0, 0, 0, 0, 0, 0, 0, 0, 33, 0, 0, 0, 0, 0, 0, 12, 45
"c:\Users\Alwaj\OneDrive\المستندات\GitHub\roomify-hotel-management\backend\src\main\java\com\roomify\backend\dto\PaymentResponse.java", "Java", 0, 0, 0, 0, 0, 0, 0, 0, 0, 0, 0, 0, 0, 75, 0, 0, 0, 0, 0, 0, 16, 91
"c:\Users\Alwaj\OneDrive\المستندات\GitHub\roomify-hotel-management\backend\src\main\java\com\roomify\backend\dto\PricingBreakdownDto.java", "Java", 0, 0, 0, 0, 0, 0, 0, 0, 0, 0, 0, 0, 0, 98, 0, 0, 0, 0, 0, 0, 26, 124
"c:\Users\Alwaj\OneDrive\المستندات\GitHub\roomify-hotel-management\backend\src\main\java\com\roomify\backend\dto\RegisterRequest.java", "Java", 0, 0, 0, 0, 0, 0, 0, 0, 0, 0, 0, 0, 0, 41, 0, 0, 0, 0, 0, 0, 14, 55
"c:\Users\Alwaj\OneDrive\المستندات\GitHub\roomify-hotel-management\backend\src\main\java\com\roomify\backend\dto\RegisterResponse.java", "Java", 0, 0, 0, 0, 0, 0, 0, 0, 0, 0, 0, 0, 0, 31, 0, 0, 0, 0, 0, 0, 10, 41
"c:\Users\Alwaj\OneDrive\المستندات\GitHub\roomify-hotel-management\backend\src\main\java\com\roomify\backend\dto\ReportExportResponse.java", "Java", 0, 0, 0, 0, 0, 0, 0, 0, 0, 0, 0, 0, 0, 34, 0, 0, 0, 0, 0, 19, 15, 68
"c:\Users\Alwaj\OneDrive\المستندات\GitHub\roomify-hotel-management\backend\src\main\java\com\roomify\backend\dto\ReportFilterRequest.java", "Java", 0, 0, 0, 0, 0, 0, 0, 0, 0, 0, 0, 0, 0, 52, 0, 0, 0, 0, 0, 19, 20, 91
"c:\Users\Alwaj\OneDrive\المستندات\GitHub\roomify-hotel-management\backend\src\main\java\com\roomify\backend\dto\ReservationActionPlaceholderResponse.java", "Java", 0, 0, 0, 0, 0, 0, 0, 0, 0, 0, 0, 0, 0, 97, 0, 0, 0, 0, 0, 0, 23, 120
"c:\Users\Alwaj\OneDrive\المستندات\GitHub\roomify-hotel-management\backend\src\main\java\com\roomify\backend\dto\ReservationCancelRequest.java", "Java", 0, 0, 0, 0, 0, 0, 0, 0, 0, 0, 0, 0, 0, 17, 0, 0, 0, 0, 0, 0, 8, 25
"c:\Users\Alwaj\OneDrive\المستندات\GitHub\roomify-hotel-management\backend\src\main\java\com\roomify\backend\dto\ReservationCheckInRequest.java", "Java", 0, 0, 0, 0, 0, 0, 0, 0, 0, 0, 0, 0, 0, 20, 0, 0, 0, 0, 0, 0, 9, 29
"c:\Users\Alwaj\OneDrive\المستندات\GitHub\roomify-hotel-management\backend\src\main\java\com\roomify\backend\dto\ReservationCreateRequest.java", "Java", 0, 0, 0, 0, 0, 0, 0, 0, 0, 0, 0, 0, 0, 80, 0, 0, 0, 0, 0, 0, 23, 103
"c:\Users\Alwaj\OneDrive\المستندات\GitHub\roomify-hotel-management\backend\src\main\java\com\roomify\backend\dto\ReservationFilterRequest.java", "Java", 0, 0, 0, 0, 0, 0, 0, 0, 0, 0, 0, 0, 0, 123, 0, 0, 0, 0, 0, 4, 31, 158
"c:\Users\Alwaj\OneDrive\المستندات\GitHub\roomify-hotel-management\backend\src\main\java\com\roomify\backend\dto\ReservationGuestRequest.java", "Java", 0, 0, 0, 0, 0, 0, 0, 0, 0, 0, 0, 0, 0, 61, 0, 0, 0, 0, 0, 0, 20, 81
"c:\Users\Alwaj\OneDrive\المستندات\GitHub\roomify-hotel-management\backend\src\main\java\com\roomify\backend\dto\ReservationHistoryResponse.java", "Java", 0, 0, 0, 0, 0, 0, 0, 0, 0, 0, 0, 0, 0, 63, 0, 0, 0, 0, 0, 0, 18, 81
"c:\Users\Alwaj\OneDrive\المستندات\GitHub\roomify-hotel-management\backend\src\main\java\com\roomify\backend\dto\ReservationLookupResponse.java", "Java", 0, 0, 0, 0, 0, 0, 0, 0, 0, 0, 0, 0, 0, 243, 0, 0, 0, 0, 0, 11, 74, 328
"c:\Users\Alwaj\OneDrive\المستندات\GitHub\roomify-hotel-management\backend\src\main\java\com\roomify\backend\dto\ReservationModifyRequest.java", "Java", 0, 0, 0, 0, 0, 0, 0, 0, 0, 0, 0, 0, 0, 56, 0, 0, 0, 0, 0, 0, 19, 75
"c:\Users\Alwaj\OneDrive\المستندات\GitHub\roomify-hotel-management\backend\src\main\java\com\roomify\backend\dto\ReservationNoteRequest.java", "Java", 0, 0, 0, 0, 0, 0, 0, 0, 0, 0, 0, 0, 0, 14, 0, 0, 0, 0, 0, 0, 6, 20
"c:\Users\Alwaj\OneDrive\المستندات\GitHub\roomify-hotel-management\backend\src\main\java\com\roomify\backend\dto\ReservationPaymentRequest.java", "Java", 0, 0, 0, 0, 0, 0, 0, 0, 0, 0, 0, 0, 0, 20, 0, 0, 0, 0, 0, 3, 9, 32
"c:\Users\Alwaj\OneDrive\المستندات\GitHub\roomify-hotel-management\backend\src\main\java\com\roomify\backend\dto\ReservationResponse.java", "Java", 0, 0, 0, 0, 0, 0, 0, 0, 0, 0, 0, 0, 0, 291, 0, 0, 0, 0, 0, 0, 66, 357
"c:\Users\Alwaj\OneDrive\المستندات\GitHub\roomify-hotel-management\backend\src\main\java\com\roomify\backend\dto\ReservationStatusUpdateRequest.java", "Java", 0, 0, 0, 0, 0, 0, 0, 0, 0, 0, 0, 0, 0, 22, 0, 0, 0, 0, 0, 0, 9, 31
"c:\Users\Alwaj\OneDrive\المستندات\GitHub\roomify-hotel-management\backend\src\main\java\com\roomify\backend\dto\RevenueTrendPoint.java", "Java", 0, 0, 0, 0, 0, 0, 0, 0, 0, 0, 0, 0, 0, 20, 0, 0, 0, 0, 0, 7, 11, 38
"c:\Users\Alwaj\OneDrive\المستندات\GitHub\roomify-hotel-management\backend\src\main\java\com\roomify\backend\dto\RoomGridReservationDto.java", "Java", 0, 0, 0, 0, 0, 0, 0, 0, 0, 0, 0, 0, 0, 72, 0, 0, 0, 0, 0, 0, 21, 93
"c:\Users\Alwaj\OneDrive\المستندات\GitHub\roomify-hotel-management\backend\src\main\java\com\roomify\backend\dto\RoomGridResponse.java", "Java", 0, 0, 0, 0, 0, 0, 0, 0, 0, 0, 0, 0, 0, 34, 0, 0, 0, 0, 0, 0, 12, 46
"c:\Users\Alwaj\OneDrive\المستندات\GitHub\roomify-hotel-management\backend\src\main\java\com\roomify\backend\dto\RoomGridRowDto.java", "Java", 0, 0, 0, 0, 0, 0, 0, 0, 0, 0, 0, 0, 0, 54, 0, 0, 0, 0, 0, 0, 16, 70
"c:\Users\Alwaj\OneDrive\المستندات\GitHub\roomify-hotel-management\backend\src\main\java\com\roomify\backend\dto\RoomRequest.java", "Java", 0, 0, 0, 0, 0, 0, 0, 0, 0, 0, 0, 0, 0, 45, 0, 0, 0, 0, 0, 5, 17, 67
"c:\Users\Alwaj\OneDrive\المستندات\GitHub\roomify-hotel-management\backend\src\main\java\com\roomify\backend\dto\RoomResponse.java", "Java", 0, 0, 0, 0, 0, 0, 0, 0, 0, 0, 0, 0, 0, 68, 0, 0, 0, 0, 0, 5, 22, 95
"c:\Users\Alwaj\OneDrive\المستندات\GitHub\roomify-hotel-management\backend\src\main\java\com\roomify\backend\dto\RoomSearchResponse.java", "Java", 0, 0, 0, 0, 0, 0, 0, 0, 0, 0, 0, 0, 0, 24, 0, 0, 0, 0, 0, 11, 10, 45
"c:\Users\Alwaj\OneDrive\المستندات\GitHub\roomify-hotel-management\backend\src\main\java\com\roomify\backend\dto\RoomServiceCompletionRequest.java", "Java", 0, 0, 0, 0, 0, 0, 0, 0, 0, 0, 0, 0, 0, 49, 0, 0, 0, 0, 0, 0, 19, 68
"c:\Users\Alwaj\OneDrive\المستندات\GitHub\roomify-hotel-management\backend\src\main\java\com\roomify\backend\dto\RoomServiceCompletionResponse.java", "Java", 0, 0, 0, 0, 0, 0, 0, 0, 0, 0, 0, 0, 0, 24, 0, 0, 0, 0, 0, 0, 8, 32
"c:\Users\Alwaj\OneDrive\المستندات\GitHub\roomify-hotel-management\backend\src\main\java\com\roomify\backend\dto\RoomServicePreviewRequest.java", "Java", 0, 0, 0, 0, 0, 0, 0, 0, 0, 0, 0, 0, 0, 13, 0, 0, 0, 0, 0, 0, 6, 19
"c:\Users\Alwaj\OneDrive\المستندات\GitHub\roomify-hotel-management\backend\src\main\java\com\roomify\backend\dto\RoomServicePreviewResponse.java", "Java", 0, 0, 0, 0, 0, 0, 0, 0, 0, 0, 0, 0, 0, 81, 0, 0, 0, 0, 0, 0, 18, 99
"c:\Users\Alwaj\OneDrive\المستندات\GitHub\roomify-hotel-management\backend\src\main\java\com\roomify\backend\dto\RoomTypeDistributionItem.java", "Java", 0, 0, 0, 0, 0, 0, 0, 0, 0, 0, 0, 0, 0, 32, 0, 0, 0, 0, 0, 15, 15, 62
"c:\Users\Alwaj\OneDrive\المستندات\GitHub\roomify-hotel-management\backend\src\main\java\com\roomify\backend\dto\RoomTypeRequest.java", "Java", 0, 0, 0, 0, 0, 0, 0, 0, 0, 0, 0, 0, 0, 55, 0, 0, 0, 0, 0, 5, 20, 80
"c:\Users\Alwaj\OneDrive\المستندات\GitHub\roomify-hotel-management\backend\src\main\java\com\roomify\backend\dto\RoomTypeResponse.java", "Java", 0, 0, 0, 0, 0, 0, 0, 0, 0, 0, 0, 0, 0, 55, 0, 0, 0, 0, 0, 5, 18, 78
"c:\Users\Alwaj\OneDrive\المستندات\GitHub\roomify-hotel-management\backend\src\main\java\com\roomify\backend\dto\ServiceRequestCreateRequest.java", "Java", 0, 0, 0, 0, 0, 0, 0, 0, 0, 0, 0, 0, 0, 40, 0, 0, 0, 0, 0, 0, 15, 55
"c:\Users\Alwaj\OneDrive\المستندات\GitHub\roomify-hotel-management\backend\src\main\java\com\roomify\backend\dto\ServiceRequestResponse.java", "Java", 0, 0, 0, 0, 0, 0, 0, 0, 0, 0, 0, 0, 0, 92, 0, 0, 0, 0, 0, 0, 25, 117
"c:\Users\Alwaj\OneDrive\المستندات\GitHub\roomify-hotel-management\backend\src\main\java\com\roomify\backend\dto\ServiceRequestStatusUpdateRequest.java", "Java", 0, 0, 0, 0, 0, 0, 0, 0, 0, 0, 0, 0, 0, 13, 0, 0, 0, 0, 0, 0, 6, 19
"c:\Users\Alwaj\OneDrive\المستندات\GitHub\roomify-hotel-management\backend\src\main\java\com\roomify\backend\dto\ServiceUsagePreviewItemResponse.java", "Java", 0, 0, 0, 0, 0, 0, 0, 0, 0, 0, 0, 0, 0, 72, 0, 0, 0, 0, 0, 0, 16, 88
"c:\Users\Alwaj\OneDrive\المستندات\GitHub\roomify-hotel-management\backend\src\main\java\com\roomify\backend\dto\ServiceUsageRecordItemRequest.java", "Java", 0, 0, 0, 0, 0, 0, 0, 0, 0, 0, 0, 0, 0, 36, 0, 0, 0, 0, 0, 0, 13, 49
"c:\Users\Alwaj\OneDrive\المستندات\GitHub\roomify-hotel-management\backend\src\main\java\com\roomify\backend\dto\ServiceUsageRecordItemResponse.java", "Java", 0, 0, 0, 0, 0, 0, 0, 0, 0, 0, 0, 0, 0, 80, 0, 0, 0, 0, 0, 0, 17, 97
"c:\Users\Alwaj\OneDrive\المستندات\GitHub\roomify-hotel-management\backend\src\main\java\com\roomify\backend\dto\ServiceUsageRecordResponse.java", "Java", 0, 0, 0, 0, 0, 0, 0, 0, 0, 0, 0, 0, 0, 143, 0, 0, 0, 0, 0, 0, 25, 168
"c:\Users\Alwaj\OneDrive\المستندات\GitHub\roomify-hotel-management\backend\src\main\java\com\roomify\backend\dto\ServiceUsageTemplateItemRequest.java", "Java", 0, 0, 0, 0, 0, 0, 0, 0, 0, 0, 0, 0, 0, 43, 0, 0, 0, 0, 0, 0, 16, 59
"c:\Users\Alwaj\OneDrive\المستندات\GitHub\roomify-hotel-management\backend\src\main\java\com\roomify\backend\dto\ServiceUsageTemplateItemResponse.java", "Java", 0, 0, 0, 0, 0, 0, 0, 0, 0, 0, 0, 0, 0, 54, 0, 0, 0, 0, 0, 0, 13, 67
"c:\Users\Alwaj\OneDrive\المستندات\GitHub\roomify-hotel-management\backend\src\main\java\com\roomify\backend\dto\ServiceUsageTemplateRequest.java", "Java", 0, 0, 0, 0, 0, 0, 0, 0, 0, 0, 0, 0, 0, 60, 0, 0, 0, 0, 0, 0, 22, 82
"c:\Users\Alwaj\OneDrive\المستندات\GitHub\roomify-hotel-management\backend\src\main\java\com\roomify\backend\dto\ServiceUsageTemplateResponse.java", "Java", 0, 0, 0, 0, 0, 0, 0, 0, 0, 0, 0, 0, 0, 97, 0, 0, 0, 0, 0, 0, 18, 115
"c:\Users\Alwaj\OneDrive\المستندات\GitHub\roomify-hotel-management\backend\src\main\java\com\roomify\backend\dto\StaffCreateRequest.java", "Java", 0, 0, 0, 0, 0, 0, 0, 0, 0, 0, 0, 0, 0, 73, 0, 0, 0, 0, 0, 0, 20, 93
"c:\Users\Alwaj\OneDrive\المستندات\GitHub\roomify-hotel-management\backend\src\main\java\com\roomify\backend\dto\StaffResponse.java", "Java", 0, 0, 0, 0, 0, 0, 0, 0, 0, 0, 0, 0, 0, 72, 0, 0, 0, 0, 0, 0, 15, 87
"c:\Users\Alwaj\OneDrive\المستندات\GitHub\roomify-hotel-management\backend\src\main\java\com\roomify\backend\dto\StaffUpdateRequest.java", "Java", 0, 0, 0, 0, 0, 0, 0, 0, 0, 0, 0, 0, 0, 29, 0, 0, 0, 0, 0, 0, 11, 40
"c:\Users\Alwaj\OneDrive\المستندات\GitHub\roomify-hotel-management\backend\src\main\java\com\roomify\backend\dto\TokenRefreshRequest.java", "Java", 0, 0, 0, 0, 0, 0, 0, 0, 0, 0, 0, 0, 0, 17, 0, 0, 0, 0, 0, 0, 7, 24
"c:\Users\Alwaj\OneDrive\المستندات\GitHub\roomify-hotel-management\backend\src\main\java\com\roomify\backend\dto\TokenRefreshResponse.java", "Java", 0, 0, 0, 0, 0, 0, 0, 0, 0, 0, 0, 0, 0, 22, 0, 0, 0, 0, 0, 0, 8, 30
"c:\Users\Alwaj\OneDrive\المستندات\GitHub\roomify-hotel-management\backend\src\main\java\com\roomify\backend\dto\ai\AiAssistantChatMessage.java", "Java", 0, 0, 0, 0, 0, 0, 0, 0, 0, 0, 0, 0, 0, 5, 0, 0, 0, 0, 0, 0, 2, 7
"c:\Users\Alwaj\OneDrive\المستندات\GitHub\roomify-hotel-management\backend\src\main\java\com\roomify\backend\dto\ai\AiAssistantChatRequest.java", "Java", 0, 0, 0, 0, 0, 0, 0, 0, 0, 0, 0, 0, 0, 7, 0, 0, 0, 0, 0, 0, 3, 10
"c:\Users\Alwaj\OneDrive\المستندات\GitHub\roomify-hotel-management\backend\src\main\java\com\roomify\backend\dto\ai\AiAssistantChatResponse.java", "Java", 0, 0, 0, 0, 0, 0, 0, 0, 0, 0, 0, 0, 0, 12, 0, 0, 0, 0, 0, 0, 3, 15
"c:\Users\Alwaj\OneDrive\المستندات\GitHub\roomify-hotel-management\backend\src\main\java\com\roomify\backend\dto\ai\AiFinanceDataSummaryResponse.java", "Java", 0, 0, 0, 0, 0, 0, 0, 0, 0, 0, 0, 0, 0, 13, 0, 0, 0, 0, 0, 0, 3, 16
"c:\Users\Alwaj\OneDrive\المستندات\GitHub\roomify-hotel-management\backend\src\main\java\com\roomify\backend\dto\ai\AiFinanceSummaryResponse.java", "Java", 0, 0, 0, 0, 0, 0, 0, 0, 0, 0, 0, 0, 0, 11, 0, 0, 0, 0, 0, 0, 3, 14
"c:\Users\Alwaj\OneDrive\المستندات\GitHub\roomify-hotel-management\backend\src\main\java\com\roomify\backend\dto\ai\AiHealthResponse.java", "Java", 0, 0, 0, 0, 0, 0, 0, 0, 0, 0, 0, 0, 0, 5, 0, 0, 0, 0, 0, 0, 2, 7
"c:\Users\Alwaj\OneDrive\المستندات\GitHub\roomify-hotel-management\backend\src\main\java\com\roomify\backend\dto\ai\AiModelInfoResponse.java", "Java", 0, 0, 0, 0, 0, 0, 0, 0, 0, 0, 0, 0, 0, 11, 0, 0, 0, 0, 0, 0, 3, 14
"c:\Users\Alwaj\OneDrive\المستندات\GitHub\roomify-hotel-management\backend\src\main\java\com\roomify\backend\dto\ai\AskAiFinanceRequest.java", "Java", 0, 0, 0, 0, 0, 0, 0, 0, 0, 0, 0, 0, 0, 4, 0, 0, 0, 0, 0, 0, 2, 6
"c:\Users\Alwaj\OneDrive\المستندات\GitHub\roomify-hotel-management\backend\src\main\java\com\roomify\backend\dto\ai\AskAiFinanceResponse.java", "Java", 0, 0, 0, 0, 0, 0, 0, 0, 0, 0, 0, 0, 0, 8, 0, 0, 0, 0, 0, 0, 3, 11
"c:\Users\Alwaj\OneDrive\المستندات\GitHub\roomify-hotel-management\backend\src\main\java\com\roomify\backend\dto\ai\DemandHeatmapPointResponse.java", "Java", 0, 0, 0, 0, 0, 0, 0, 0, 0, 0, 0, 0, 0, 15, 0, 0, 0, 0, 0, 0, 3, 18
"c:\Users\Alwaj\OneDrive\المستندات\GitHub\roomify-hotel-management\backend\src\main\java\com\roomify\backend\dto\ai\ElasticityForecastResponse.java", "Java", 0, 0, 0, 0, 0, 0, 0, 0, 0, 0, 0, 0, 0, 19, 0, 0, 0, 0, 0, 0, 3, 22
"c:\Users\Alwaj\OneDrive\المستندات\GitHub\roomify-hotel-management\backend\src\main\java\com\roomify\backend\dto\ai\ElasticityRoomContextRequest.java", "Java", 0, 0, 0, 0, 0, 0, 0, 0, 0, 0, 0, 0, 0, 12, 0, 0, 0, 0, 0, 0, 3, 15
"c:\Users\Alwaj\OneDrive\المستندات\GitHub\roomify-hotel-management\backend\src\main\java\com\roomify\backend\dto\ai\ElasticitySimulationPointResponse.java", "Java", 0, 0, 0, 0, 0, 0, 0, 0, 0, 0, 0, 0, 0, 11, 0, 0, 0, 0, 0, 0, 3, 14
"c:\Users\Alwaj\OneDrive\المستندات\GitHub\roomify-hotel-management\backend\src\main\java\com\roomify\backend\dto\ai\ElasticitySimulationRequest.java", "Java", 0, 0, 0, 0, 0, 0, 0, 0, 0, 0, 0, 0, 0, 8, 0, 0, 0, 0, 0, 0, 3, 11
"c:\Users\Alwaj\OneDrive\المستندات\GitHub\roomify-hotel-management\backend\src\main\java\com\roomify\backend\dto\ai\ForecastPoint.java", "Java", 0, 0, 0, 0, 0, 0, 0, 0, 0, 0, 0, 0, 0, 8, 0, 0, 0, 0, 0, 0, 3, 11
"c:\Users\Alwaj\OneDrive\المستندات\GitHub\roomify-hotel-management\backend\src\main\java\com\roomify\backend\dto\ai\OccupancyTrendPoint.java", "Java", 0, 0, 0, 0, 0, 0, 0, 0, 0, 0, 0, 0, 0, 8, 0, 0, 0, 0, 0, 0, 3, 11
"c:\Users\Alwaj\OneDrive\المستندات\GitHub\roomify-hotel-management\backend\src\main\java\com\roomify\backend\dto\ai\PricingRecommendationResponse.java", "Java", 0, 0, 0, 0, 0, 0, 0, 0, 0, 0, 0, 0, 0, 10, 0, 0, 0, 0, 0, 0, 3, 13
"c:\Users\Alwaj\OneDrive\المستندات\GitHub\roomify-hotel-management\backend\src\main\java\com\roomify\backend\dto\ai\RevenueForecastResponse.java", "Java", 0, 0, 0, 0, 0, 0, 0, 0, 0, 0, 0, 0, 0, 12, 0, 0, 0, 0, 0, 0, 3, 15
"c:\Users\Alwaj\OneDrive\المستندات\GitHub\roomify-hotel-management\backend\src\main\java\com\roomify\backend\dto\ai\RevenueTrendPoint.java", "Java", 0, 0, 0, 0, 0, 0, 0, 0, 0, 0, 0, 0, 0, 7, 0, 0, 0, 0, 0, 0, 3, 10
"c:\Users\Alwaj\OneDrive\المستندات\GitHub\roomify-hotel-management\backend\src\main\java\com\roomify\backend\dto\ai\RoomTypeRevenueResponse.java", "Java", 0, 0, 0, 0, 0, 0, 0, 0, 0, 0, 0, 0, 0, 8, 0, 0, 0, 0, 0, 0, 3, 11
"c:\Users\Alwaj\OneDrive\المستندات\GitHub\roomify-hotel-management\backend\src\main\java\com\roomify\backend\dto\ai\TrainingDataRow.java", "Java", 0, 0, 0, 0, 0, 0, 0, 0, 0, 0, 0, 0, 0, 19, 0, 0, 0, 0, 0, 0, 3, 22
"c:\Users\Alwaj\OneDrive\المستندات\GitHub\roomify-hotel-management\backend\src\main\java\com\roomify\backend\entity\AiPriceRecommendation.java", "Java", 0, 0, 0, 0, 0, 0, 0, 0, 0, 0, 0, 0, 0, 110, 0, 0, 0, 0, 0, 0, 36, 146
"c:\Users\Alwaj\OneDrive\المستندات\GitHub\roomify-hotel-management\backend\src\main\java\com\roomify\backend\entity\AuditLog.java", "Java", 0, 0, 0, 0, 0, 0, 0, 0, 0, 0, 0, 0, 0, 62, 0, 0, 0, 0, 0, 0, 21, 83
"c:\Users\Alwaj\OneDrive\المستندات\GitHub\roomify-hotel-management\backend\src\main\java\com\roomify\backend\entity\EmailLog.java", "Java", 0, 0, 0, 0, 0, 0, 0, 0, 0, 0, 0, 0, 0, 73, 0, 0, 0, 0, 0, 1, 28, 102
"c:\Users\Alwaj\OneDrive\المستندات\GitHub\roomify-hotel-management\backend\src\main\java\com\roomify\backend\entity\Expense.java", "Java", 0, 0, 0, 0, 0, 0, 0, 0, 0, 0, 0, 0, 0, 179, 0, 0, 0, 0, 0, 0, 48, 227
"c:\Users\Alwaj\OneDrive\المستندات\GitHub\roomify-hotel-management\backend\src\main\java\com\roomify\backend\entity\ExpenseCategory.java", "Java", 0, 0, 0, 0, 0, 0, 0, 0, 0, 0, 0, 0, 0, 12, 0, 0, 0, 0, 0, 0, 2, 14
"c:\Users\Alwaj\OneDrive\المستندات\GitHub\roomify-hotel-management\backend\src\main\java\com\roomify\backend\entity\Guest.java", "Java", 0, 0, 0, 0, 0, 0, 0, 0, 0, 0, 0, 0, 0, 86, 0, 0, 0, 0, 0, 3, 23, 112
"c:\Users\Alwaj\OneDrive\المستندات\GitHub\roomify-hotel-management\backend\src\main\java\com\roomify\backend\entity\HotelService.java", "Java", 0, 0, 0, 0, 0, 0, 0, 0, 0, 0, 0, 0, 0, 56, 0, 0, 0, 0, 0, 0, 20, 76
"c:\Users\Alwaj\OneDrive\المستندات\GitHub\roomify-hotel-management\backend\src\main\java\com\roomify\backend\entity\InventoryCategory.java", "Java", 0, 0, 0, 0, 0, 0, 0, 0, 0, 0, 0, 0, 0, 10, 0, 0, 0, 0, 0, 0, 2, 12
"c:\Users\Alwaj\OneDrive\المستندات\GitHub\roomify-hotel-management\backend\src\main\java\com\roomify\backend\entity\InventoryItem.java", "Java", 0, 0, 0, 0, 0, 0, 0, 0, 0, 0, 0, 0, 0, 183, 0, 0, 0, 0, 0, 0, 50, 233
"c:\Users\Alwaj\OneDrive\المستندات\GitHub\roomify-hotel-management\backend\src\main\java\com\roomify\backend\entity\InventoryTransaction.java", "Java", 0, 0, 0, 0, 0, 0, 0, 0, 0, 0, 0, 0, 0, 178, 0, 0, 0, 0, 0, 0, 51, 229
"c:\Users\Alwaj\OneDrive\المستندات\GitHub\roomify-hotel-management\backend\src\main\java\com\roomify\backend\entity\InventoryTransactionType.java", "Java", 0, 0, 0, 0, 0, 0, 0, 0, 0, 0, 0, 0, 0, 8, 0, 0, 0, 0, 0, 0, 2, 10
"c:\Users\Alwaj\OneDrive\المستندات\GitHub\roomify-hotel-management\backend\src\main\java\com\roomify\backend\entity\InventoryUnitOfMeasure.java", "Java", 0, 0, 0, 0, 0, 0, 0, 0, 0, 0, 0, 0, 0, 10, 0, 0, 0, 0, 0, 0, 2, 12
"c:\Users\Alwaj\OneDrive\المستندات\GitHub\roomify-hotel-management\backend\src\main\java\com\roomify\backend\entity\Invoice.java", "Java", 0, 0, 0, 0, 0, 0, 0, 0, 0, 0, 0, 0, 0, 19, 0, 0, 0, 0, 0, 0, 8, 27
"c:\Users\Alwaj\OneDrive\المستندات\GitHub\roomify-hotel-management\backend\src\main\java\com\roomify\backend\entity\InvoiceDeliveryLog.java", "Java", 0, 0, 0, 0, 0, 0, 0, 0, 0, 0, 0, 0, 0, 90, 0, 0, 0, 0, 0, 3, 29, 122
"c:\Users\Alwaj\OneDrive\المستندات\GitHub\roomify-hotel-management\backend\src\main\java\com\roomify\backend\entity\Notification.java", "Java", 0, 0, 0, 0, 0, 0, 0, 0, 0, 0, 0, 0, 0, 115, 0, 0, 0, 0, 0, 0, 38, 153
"c:\Users\Alwaj\OneDrive\المستندات\GitHub\roomify-hotel-management\backend\src\main\java\com\roomify\backend\entity\NotificationEventType.java", "Java", 0, 0, 0, 0, 0, 0, 0, 0, 0, 0, 0, 0, 0, 16, 0, 0, 0, 0, 0, 0, 2, 18
"c:\Users\Alwaj\OneDrive\المستندات\GitHub\roomify-hotel-management\backend\src\main\java\com\roomify\backend\entity\Payment.java", "Java", 0, 0, 0, 0, 0, 0, 0, 0, 0, 0, 0, 0, 0, 92, 0, 0, 0, 0, 0, 0, 29, 121
"c:\Users\Alwaj\OneDrive\المستندات\GitHub\roomify-hotel-management\backend\src\main\java\com\roomify\backend\entity\PaymentMethod.java", "Java", 0, 0, 0, 0, 0, 0, 0, 0, 0, 0, 0, 0, 0, 7, 0, 0, 0, 0, 0, 0, 2, 9
"c:\Users\Alwaj\OneDrive\المستندات\GitHub\roomify-hotel-management\backend\src\main\java\com\roomify\backend\entity\PaymentStatus.java", "Java", 0, 0, 0, 0, 0, 0, 0, 0, 0, 0, 0, 0, 0, 9, 0, 0, 0, 0, 0, 0, 2, 11
"c:\Users\Alwaj\OneDrive\المستندات\GitHub\roomify-hotel-management\backend\src\main\java\com\roomify\backend\entity\PriceElasticityForecast.java", "Java", 0, 0, 0, 0, 0, 0, 0, 0, 0, 0, 0, 0, 0, 126, 0, 0, 0, 0, 0, 0, 42, 168
"c:\Users\Alwaj\OneDrive\المستندات\GitHub\roomify-hotel-management\backend\src\main\java\com\roomify\backend\entity\Reservation.java", "Java", 0, 0, 0, 0, 0, 0, 0, 0, 0, 0, 0, 0, 0, 336, 0, 0, 0, 0, 0, 3, 89, 428
"c:\Users\Alwaj\OneDrive\المستندات\GitHub\roomify-hotel-management\backend\src\main\java\com\roomify\backend\entity\ReservationAudit.java", "Java", 0, 0, 0, 0, 0, 0, 0, 0, 0, 0, 0, 0, 0, 71, 0, 0, 0, 0, 0, 0, 22, 93
"c:\Users\Alwaj\OneDrive\المستندات\GitHub\roomify-hotel-management\backend\src\main\java\com\roomify\backend\entity\ReservationHistory.java", "Java", 0, 0, 0, 0, 0, 0, 0, 0, 0, 0, 0, 0, 0, 86, 0, 0, 0, 0, 0, 0, 26, 112
"c:\Users\Alwaj\OneDrive\المستندات\GitHub\roomify-hotel-management\backend\src\main\java\com\roomify\backend\entity\ReservationStatus.java", "Java", 0, 0, 0, 0, 0, 0, 0, 0, 0, 0, 0, 0, 0, 12, 0, 0, 0, 0, 0, 3, 2, 17
"c:\Users\Alwaj\OneDrive\المستندات\GitHub\roomify-hotel-management\backend\src\main\java\com\roomify\backend\entity\Room.java", "Java", 0, 0, 0, 0, 0, 0, 0, 0, 0, 0, 0, 0, 0, 68, 0, 0, 0, 0, 0, 6, 20, 94
"c:\Users\Alwaj\OneDrive\المستندات\GitHub\roomify-hotel-management\backend\src\main\java\com\roomify\backend\entity\RoomStatus.java", "Java", 0, 0, 0, 0, 0, 0, 0, 0, 0, 0, 0, 0, 0, 7, 0, 0, 0, 0, 0, 15, 5, 27
"c:\Users\Alwaj\OneDrive\المستندات\GitHub\roomify-hotel-management\backend\src\main\java\com\roomify\backend\entity\RoomType.java", "Java", 0, 0, 0, 0, 0, 0, 0, 0, 0, 0, 0, 0, 0, 74, 0, 0, 0, 0, 0, 6, 23, 103
"c:\Users\Alwaj\OneDrive\المستندات\GitHub\roomify-hotel-management\backend\src\main\java\com\roomify\backend\entity\ServiceCategory.java", "Java", 0, 0, 0, 0, 0, 0, 0, 0, 0, 0, 0, 0, 0, 6, 0, 0, 0, 0, 0, 0, 2, 8
"c:\Users\Alwaj\OneDrive\المستندات\GitHub\roomify-hotel-management\backend\src\main\java\com\roomify\backend\entity\ServiceCharge.java", "Java", 0, 0, 0, 0, 0, 0, 0, 0, 0, 0, 0, 0, 0, 61, 0, 0, 0, 0, 0, 0, 23, 84
"c:\Users\Alwaj\OneDrive\المستندات\GitHub\roomify-hotel-management\backend\src\main\java\com\roomify\backend\entity\ServiceRequest.java", "Java", 0, 0, 0, 0, 0, 0, 0, 0, 0, 0, 0, 0, 0, 124, 0, 0, 0, 0, 0, 0, 30, 154
"c:\Users\Alwaj\OneDrive\المستندات\GitHub\roomify-hotel-management\backend\src\main\java\com\roomify\backend\entity\ServiceRequestPriority.java", "Java", 0, 0, 0, 0, 0, 0, 0, 0, 0, 0, 0, 0, 0, 6, 0, 0, 0, 0, 0, 0, 2, 8
"c:\Users\Alwaj\OneDrive\المستندات\GitHub\roomify-hotel-management\backend\src\main\java\com\roomify\backend\entity\ServiceRequestStatus.java", "Java", 0, 0, 0, 0, 0, 0, 0, 0, 0, 0, 0, 0, 0, 6, 0, 0, 0, 0, 0, 0, 2, 8
"c:\Users\Alwaj\OneDrive\المستندات\GitHub\roomify-hotel-management\backend\src\main\java\com\roomify\backend\entity\ServiceRequestType.java", "Java", 0, 0, 0, 0, 0, 0, 0, 0, 0, 0, 0, 0, 0, 8, 0, 0, 0, 0, 0, 0, 2, 10
"c:\Users\Alwaj\OneDrive\المستندات\GitHub\roomify-hotel-management\backend\src\main\java\com\roomify\backend\entity\ServiceType.java", "Java", 0, 0, 0, 0, 0, 0, 0, 0, 0, 0, 0, 0, 0, 9, 0, 0, 0, 0, 0, 0, 2, 11
"c:\Users\Alwaj\OneDrive\المستندات\GitHub\roomify-hotel-management\backend\src\main\java\com\roomify\backend\entity\ServiceUsageRecord.java", "Java", 0, 0, 0, 0, 0, 0, 0, 0, 0, 0, 0, 0, 0, 184, 0, 0, 0, 0, 0, 0, 51, 235
"c:\Users\Alwaj\OneDrive\المستندات\GitHub\roomify-hotel-management\backend\src\main\java\com\roomify\backend\entity\ServiceUsageRecordItem.java", "Java", 0, 0, 0, 0, 0, 0, 0, 0, 0, 0, 0, 0, 0, 146, 0, 0, 0, 0, 0, 0, 39, 185
"c:\Users\Alwaj\OneDrive\المستندات\GitHub\roomify-hotel-management\backend\src\main\java\com\roomify\backend\entity\ServiceUsageTemplate.java", "Java", 0, 0, 0, 0, 0, 0, 0, 0, 0, 0, 0, 0, 0, 121, 0, 0, 0, 0, 0, 0, 33, 154
"c:\Users\Alwaj\OneDrive\المستندات\GitHub\roomify-hotel-management\backend\src\main\java\com\roomify\backend\entity\ServiceUsageTemplateItem.java", "Java", 0, 0, 0, 0, 0, 0, 0, 0, 0, 0, 0, 0, 0, 116, 0, 0, 0, 0, 0, 0, 30, 146
"c:\Users\Alwaj\OneDrive\المستندات\GitHub\roomify-hotel-management\backend\src\main\java\com\roomify\backend\exception\BookingConflictException.java", "Java", 0, 0, 0, 0, 0, 0, 0, 0, 0, 0, 0, 0, 0, 9, 0, 0, 0, 0, 0, 1, 2, 12
"c:\Users\Alwaj\OneDrive\المستندات\GitHub\roomify-hotel-management\backend\src\main\java\com\roomify\backend\exception\CannotDeleteException.java", "Java", 0, 0, 0, 0, 0, 0, 0, 0, 0, 0, 0, 0, 0, 6, 0, 0, 0, 0, 0, 4, 3, 13
"c:\Users\Alwaj\OneDrive\المستندات\GitHub\roomify-hotel-management\backend\src\main\java\com\roomify\backend\exception\DuplicateResourceException.java", "Java", 0, 0, 0, 0, 0, 0, 0, 0, 0, 0, 0, 0, 0, 6, 0, 0, 0, 0, 0, 3, 3, 12
"c:\Users\Alwaj\OneDrive\المستندات\GitHub\roomify-hotel-management\backend\src\main\java\com\roomify\backend\exception\EmailDeliveryException.java", "Java", 0, 0, 0, 0, 0, 0, 0, 0, 0, 0, 0, 0, 0, 9, 0, 0, 0, 0, 0, 0, 3, 12
"c:\Users\Alwaj\OneDrive\المستندات\GitHub\roomify-hotel-management\backend\src\main\java\com\roomify\backend\exception\GlobalExceptionHandler.java", "Java", 0, 0, 0, 0, 0, 0, 0, 0, 0, 0, 0, 0, 0, 275, 0, 0, 0, 0, 0, 0, 35, 310
"c:\Users\Alwaj\OneDrive\المستندات\GitHub\roomify-hotel-management\backend\src\main\java\com\roomify\backend\exception\PaymentValidationException.java", "Java", 0, 0, 0, 0, 0, 0, 0, 0, 0, 0, 0, 0, 0, 32, 0, 0, 0, 0, 0, 0, 9, 41
"c:\Users\Alwaj\OneDrive\المستندات\GitHub\roomify-hotel-management\backend\src\main\java\com\roomify\backend\exception\ResourceConflictException.java", "Java", 0, 0, 0, 0, 0, 0, 0, 0, 0, 0, 0, 0, 0, 6, 0, 0, 0, 0, 0, 0, 2, 8
"c:\Users\Alwaj\OneDrive\المستندات\GitHub\roomify-hotel-management\backend\src\main\java\com\roomify\backend\exception\ResourceNotFoundException.java", "Java", 0, 0, 0, 0, 0, 0, 0, 0, 0, 0, 0, 0, 0, 6, 0, 0, 0, 0, 0, 0, 2, 8
"c:\Users\Alwaj\OneDrive\المستندات\GitHub\roomify-hotel-management\backend\src\main\java\com\roomify\backend\notification\EmailNotification.java", "Java", 0, 0, 0, 0, 0, 0, 0, 0, 0, 0, 0, 0, 0, 172, 0, 0, 0, 0, 0, 0, 53, 225
"c:\Users\Alwaj\OneDrive\المستندات\GitHub\roomify-hotel-management\backend\src\main\java\com\roomify\backend\notification\EmailNotificationRepository.java", "Java", 0, 0, 0, 0, 0, 0, 0, 0, 0, 0, 0, 0, 0, 40, 0, 0, 0, 0, 0, 0, 9, 49
"c:\Users\Alwaj\OneDrive\المستندات\GitHub\roomify-hotel-management\backend\src\main\java\com\roomify\backend\notification\EmailTemplateService.java", "Java", 0, 0, 0, 0, 0, 0, 0, 0, 0, 0, 0, 0, 0, 60, 0, 0, 0, 0, 0, 0, 13, 73
"c:\Users\Alwaj\OneDrive\المستندات\GitHub\roomify-hotel-management\backend\src\main\java\com\roomify\backend\notification\NotificationController.java", "Java", 0, 0, 0, 0, 0, 0, 0, 0, 0, 0, 0, 0, 0, 76, 0, 0, 0, 0, 0, 0, 12, 88
"c:\Users\Alwaj\OneDrive\المستندات\GitHub\roomify-hotel-management\backend\src\main\java\com\roomify\backend\notification\NotificationDeliveryStatus.java", "Java", 0, 0, 0, 0, 0, 0, 0, 0, 0, 0, 0, 0, 0, 7, 0, 0, 0, 0, 0, 0, 2, 9
"c:\Users\Alwaj\OneDrive\المستندات\GitHub\roomify-hotel-management\backend\src\main\java\com\roomify\backend\notification\NotificationEmailService.java", "Java", 0, 0, 0, 0, 0, 0, 0, 0, 0, 0, 0, 0, 0, 857, 0, 0, 0, 0, 0, 0, 72, 929
"c:\Users\Alwaj\OneDrive\المستندات\GitHub\roomify-hotel-management\backend\src\main\java\com\roomify\backend\notification\NotificationEvent.java", "Java", 0, 0, 0, 0, 0, 0, 0, 0, 0, 0, 0, 0, 0, 14, 0, 0, 0, 0, 0, 0, 3, 17
"c:\Users\Alwaj\OneDrive\المستندات\GitHub\roomify-hotel-management\backend\src\main\java\com\roomify\backend\notification\NotificationModuleConfig.java", "Java", 0, 0, 0, 0, 0, 0, 0, 0, 0, 0, 0, 0, 0, 26, 0, 0, 0, 0, 0, 0, 5, 31
"c:\Users\Alwaj\OneDrive\المستندات\GitHub\roomify-hotel-management\backend\src\main\java\com\roomify\backend\notification\NotificationProperties.java", "Java", 0, 0, 0, 0, 0, 0, 0, 0, 0, 0, 0, 0, 0, 61, 0, 0, 0, 0, 0, 0, 20, 81
"c:\Users\Alwaj\OneDrive\المستندات\GitHub\roomify-hotel-management\backend\src\main\java\com\roomify\backend\notification\NotificationScheduler.java", "Java", 0, 0, 0, 0, 0, 0, 0, 0, 0, 0, 0, 0, 0, 71, 0, 0, 0, 0, 0, 0, 14, 85
"c:\Users\Alwaj\OneDrive\المستندات\GitHub\roomify-hotel-management\backend\src\main\java\com\roomify\backend\notification\NotificationType.java", "Java", 0, 0, 0, 0, 0, 0, 0, 0, 0, 0, 0, 0, 0, 14, 0, 0, 0, 0, 0, 0, 2, 16
"c:\Users\Alwaj\OneDrive\المستندات\GitHub\roomify-hotel-management\backend\src\main\java\com\roomify\backend\notification\PasswordResetService.java", "Java", 0, 0, 0, 0, 0, 0, 0, 0, 0, 0, 0, 0, 0, 94, 0, 0, 0, 0, 0, 0, 16, 110
"c:\Users\Alwaj\OneDrive\المستندات\GitHub\roomify-hotel-management\backend\src\main\java\com\roomify\backend\notification\PasswordResetToken.java", "Java", 0, 0, 0, 0, 0, 0, 0, 0, 0, 0, 0, 0, 0, 67, 0, 0, 0, 0, 0, 0, 20, 87
"c:\Users\Alwaj\OneDrive\المستندات\GitHub\roomify-hotel-management\backend\src\main\java\com\roomify\backend\notification\PasswordResetTokenRepository.java", "Java", 0, 0, 0, 0, 0, 0, 0, 0, 0, 0, 0, 0, 0, 9, 0, 0, 0, 0, 0, 0, 5, 14
"c:\Users\Alwaj\OneDrive\المستندات\GitHub\roomify-hotel-management\backend\src\main\java\com\roomify\backend\notification\dto\EmailNotificationResponse.java", "Java", 0, 0, 0, 0, 0, 0, 0, 0, 0, 0, 0, 0, 0, 30, 0, 0, 0, 0, 0, 0, 4, 34
"c:\Users\Alwaj\OneDrive\المستندات\GitHub\roomify-hotel-management\backend\src\main\java\com\roomify\backend\notification\dto\EmailNotificationStatsResponse.java", "Java", 0, 0, 0, 0, 0, 0, 0, 0, 0, 0, 0, 0, 0, 7, 0, 0, 0, 0, 0, 0, 2, 9
"c:\Users\Alwaj\OneDrive\المستندات\GitHub\roomify-hotel-management\backend\src\main\java\com\roomify\backend\notification\dto\PasswordResetConfirmRequest.java", "Java", 0, 0, 0, 0, 0, 0, 0, 0, 0, 0, 0, 0, 0, 22, 0, 0, 0, 0, 0, 0, 9, 31
"c:\Users\Alwaj\OneDrive\المستندات\GitHub\roomify-hotel-management\backend\src\main\java\com\roomify\backend\notification\dto\PasswordResetRequest.java", "Java", 0, 0, 0, 0, 0, 0, 0, 0, 0, 0, 0, 0, 0, 14, 0, 0, 0, 0, 0, 0, 6, 20
"c:\Users\Alwaj\OneDrive\المستندات\GitHub\roomify-hotel-management\backend\src\main\java\com\roomify\backend\repository\AiPriceRecommendationRepository.java", "Java", 0, 0, 0, 0, 0, 0, 0, 0, 0, 0, 0, 0, 0, 7, 0, 0, 0, 0, 0, 0, 3, 10
"c:\Users\Alwaj\OneDrive\المستندات\GitHub\roomify-hotel-management\backend\src\main\java\com\roomify\backend\repository\AuditLogRepository.java", "Java", 0, 0, 0, 0, 0, 0, 0, 0, 0, 0, 0, 0, 0, 9, 0, 0, 0, 0, 0, 3, 3, 15
"c:\Users\Alwaj\OneDrive\المستندات\GitHub\roomify-hotel-management\backend\src\main\java\com\roomify\backend\repository\DashboardRepository.java", "Java", 0, 0, 0, 0, 0, 0, 0, 0, 0, 0, 0, 0, 0, 66, 0, 0, 0, 0, 0, 45, 12, 123
"c:\Users\Alwaj\OneDrive\المستندات\GitHub\roomify-hotel-management\backend\src\main\java\com\roomify\backend\repository\DashboardSpecification.java", "Java", 0, 0, 0, 0, 0, 0, 0, 0, 0, 0, 0, 0, 0, 32, 0, 0, 0, 0, 0, 33, 11, 76
"c:\Users\Alwaj\OneDrive\المستندات\GitHub\roomify-hotel-management\backend\src\main\java\com\roomify\backend\repository\EmailLogRepository.java", "Java", 0, 0, 0, 0, 0, 0, 0, 0, 0, 0, 0, 0, 0, 9, 0, 0, 0, 0, 0, 0, 3, 12
"c:\Users\Alwaj\OneDrive\المستندات\GitHub\roomify-hotel-management\backend\src\main\java\com\roomify\backend\repository\ExpenseRepository.java", "Java", 0, 0, 0, 0, 0, 0, 0, 0, 0, 0, 0, 0, 0, 21, 0, 0, 0, 0, 0, 0, 7, 28
"c:\Users\Alwaj\OneDrive\المستندات\GitHub\roomify-hotel-management\backend\src\main\java\com\roomify\backend\repository\ExpenseSpecification.java", "Java", 0, 0, 0, 0, 0, 0, 0, 0, 0, 0, 0, 0, 0, 42, 0, 0, 0, 0, 0, 0, 10, 52
"c:\Users\Alwaj\OneDrive\المستندات\GitHub\roomify-hotel-management\backend\src\main\java\com\roomify\backend\repository\GuestRepository.java", "Java", 0, 0, 0, 0, 0, 0, 0, 0, 0, 0, 0, 0, 0, 13, 0, 0, 0, 0, 0, 0, 8, 21
"c:\Users\Alwaj\OneDrive\المستندات\GitHub\roomify-hotel-management\backend\src\main\java\com\roomify\backend\repository\HotelServiceRepository.java", "Java", 0, 0, 0, 0, 0, 0, 0, 0, 0, 0, 0, 0, 0, 5, 0, 0, 0, 0, 0, 0, 2, 7
"c:\Users\Alwaj\OneDrive\المستندات\GitHub\roomify-hotel-management\backend\src\main\java\com\roomify\backend\repository\InventoryItemRepository.java", "Java", 0, 0, 0, 0, 0, 0, 0, 0, 0, 0, 0, 0, 0, 13, 0, 0, 0, 0, 0, 0, 7, 20
"c:\Users\Alwaj\OneDrive\المستندات\GitHub\roomify-hotel-management\backend\src\main\java\com\roomify\backend\repository\InventoryTransactionRepository.java", "Java", 0, 0, 0, 0, 0, 0, 0, 0, 0, 0, 0, 0, 0, 11, 0, 0, 0, 0, 0, 0, 6, 17
"c:\Users\Alwaj\OneDrive\المستندات\GitHub\roomify-hotel-management\backend\src\main\java\com\roomify\backend\repository\InvoiceDeliveryLogRepository.java", "Java", 0, 0, 0, 0, 0, 0, 0, 0, 0, 0, 0, 0, 0, 10, 0, 0, 0, 0, 0, 0, 5, 15
"c:\Users\Alwaj\OneDrive\المستندات\GitHub\roomify-hotel-management\backend\src\main\java\com\roomify\backend\repository\InvoiceRepository.java", "Java", 0, 0, 0, 0, 0, 0, 0, 0, 0, 0, 0, 0, 0, 6, 0, 0, 0, 0, 0, 0, 4, 10
"c:\Users\Alwaj\OneDrive\المستندات\GitHub\roomify-hotel-management\backend\src\main\java\com\roomify\backend\repository\NotificationRepository.java", "Java", 0, 0, 0, 0, 0, 0, 0, 0, 0, 0, 0, 0, 0, 9, 0, 0, 0, 0, 0, 0, 5, 14
"c:\Users\Alwaj\OneDrive\المستندات\GitHub\roomify-hotel-management\backend\src\main\java\com\roomify\backend\repository\PaymentRepository.java", "Java", 0, 0, 0, 0, 0, 0, 0, 0, 0, 0, 0, 0, 0, 12, 0, 0, 0, 0, 0, 0, 6, 18
"c:\Users\Alwaj\OneDrive\المستندات\GitHub\roomify-hotel-management\backend\src\main\java\com\roomify\backend\repository\PriceElasticityForecastRepository.java", "Java", 0, 0, 0, 0, 0, 0, 0, 0, 0, 0, 0, 0, 0, 7, 0, 0, 0, 0, 0, 0, 3, 10
"c:\Users\Alwaj\OneDrive\المستندات\GitHub\roomify-hotel-management\backend\src\main\java\com\roomify\backend\repository\ReservationAuditRepository.java", "Java", 0, 0, 0, 0, 0, 0, 0, 0, 0, 0, 0, 0, 0, 7, 0, 0, 0, 0, 0, 0, 3, 10
"c:\Users\Alwaj\OneDrive\المستندات\GitHub\roomify-hotel-management\backend\src\main\java\com\roomify\backend\repository\ReservationHistoryRepository.java", "Java", 0, 0, 0, 0, 0, 0, 0, 0, 0, 0, 0, 0, 0, 9, 0, 0, 0, 0, 0, 0, 4, 13
"c:\Users\Alwaj\OneDrive\المستندات\GitHub\roomify-hotel-management\backend\src\main\java\com\roomify\backend\repository\ReservationRepository.java", "Java", 0, 0, 0, 0, 0, 0, 0, 0, 0, 0, 0, 0, 0, 159, 0, 0, 0, 0, 0, 0, 33, 192
"c:\Users\Alwaj\OneDrive\المستندات\GitHub\roomify-hotel-management\backend\src\main\java\com\roomify\backend\repository\ReservationSpecification.java", "Java", 0, 0, 0, 0, 0, 0, 0, 0, 0, 0, 0, 0, 0, 57, 0, 0, 0, 0, 0, 6, 15, 78
"c:\Users\Alwaj\OneDrive\المستندات\GitHub\roomify-hotel-management\backend\src\main\java\com\roomify\backend\repository\RoomRepository.java", "Java", 0, 0, 0, 0, 0, 0, 0, 0, 0, 0, 0, 0, 0, 17, 0, 0, 0, 0, 0, 27, 9, 53
"c:\Users\Alwaj\OneDrive\المستندات\GitHub\roomify-hotel-management\backend\src\main\java\com\roomify\backend\repository\RoomTypeRepository.java", "Java", 0, 0, 0, 0, 0, 0, 0, 0, 0, 0, 0, 0, 0, 14, 0, 0, 0, 0, 0, 18, 7, 39
"c:\Users\Alwaj\OneDrive\المستندات\GitHub\roomify-hotel-management\backend\src\main\java\com\roomify\backend\repository\ServiceChargeRepository.java", "Java", 0, 0, 0, 0, 0, 0, 0, 0, 0, 0, 0, 0, 0, 7, 0, 0, 0, 0, 0, 0, 4, 11
"c:\Users\Alwaj\OneDrive\المستندات\GitHub\roomify-hotel-management\backend\src\main\java\com\roomify\backend\repository\ServiceRequestRepository.java", "Java", 0, 0, 0, 0, 0, 0, 0, 0, 0, 0, 0, 0, 0, 14, 0, 0, 0, 0, 0, 0, 5, 19
"c:\Users\Alwaj\OneDrive\المستندات\GitHub\roomify-hotel-management\backend\src\main\java\com\roomify\backend\repository\ServiceUsageRecordItemRepository.java", "Java", 0, 0, 0, 0, 0, 0, 0, 0, 0, 0, 0, 0, 0, 7, 0, 0, 0, 0, 0, 0, 3, 10
"c:\Users\Alwaj\OneDrive\المستندات\GitHub\roomify-hotel-management\backend\src\main\java\com\roomify\backend\repository\ServiceUsageRecordRepository.java", "Java", 0, 0, 0, 0, 0, 0, 0, 0, 0, 0, 0, 0, 0, 11, 0, 0, 0, 0, 0, 0, 6, 17
"c:\Users\Alwaj\OneDrive\المستندات\GitHub\roomify-hotel-management\backend\src\main\java\com\roomify\backend\repository\ServiceUsageTemplateItemRepository.java", "Java", 0, 0, 0, 0, 0, 0, 0, 0, 0, 0, 0, 0, 0, 7, 0, 0, 0, 0, 0, 0, 3, 10
"c:\Users\Alwaj\OneDrive\المستندات\GitHub\roomify-hotel-management\backend\src\main\java\com\roomify\backend\repository\ServiceUsageTemplateRepository.java", "Java", 0, 0, 0, 0, 0, 0, 0, 0, 0, 0, 0, 0, 0, 13, 0, 0, 0, 0, 0, 0, 7, 20
"c:\Users\Alwaj\OneDrive\المستندات\GitHub\roomify-hotel-management\backend\src\main\java\com\roomify\backend\search\AvailabilityQueryStrategy.java", "Java", 0, 0, 0, 0, 0, 0, 0, 0, 0, 0, 0, 0, 0, 45, 0, 0, 0, 0, 0, 228, 22, 295
"c:\Users\Alwaj\OneDrive\المستندات\GitHub\roomify-hotel-management\backend\src\main\java\com\roomify\backend\search\RoomSearchRequest.java", "Java", 0, 0, 0, 0, 0, 0, 0, 0, 0, 0, 0, 0, 0, 119, 0, 0, 0, 0, 0, 161, 47, 327
"c:\Users\Alwaj\OneDrive\المستندات\GitHub\roomify-hotel-management\backend\src\main\java\com\roomify\backend\search\SearchSortField.java", "Java", 0, 0, 0, 0, 0, 0, 0, 0, 0, 0, 0, 0, 0, 12, 0, 0, 0, 0, 0, 52, 10, 74
"c:\Users\Alwaj\OneDrive\المستندات\GitHub\roomify-hotel-management\backend\src\main\java\com\roomify\backend\security\RoleSecurityEvaluator.java", "Java", 0, 0, 0, 0, 0, 0, 0, 0, 0, 0, 0, 0, 0, 63, 0, 0, 0, 0, 0, 0, 18, 81
"c:\Users\Alwaj\OneDrive\المستندات\GitHub\roomify-hotel-management\backend\src\main\java\com\roomify\backend\security\annotation\RequireRole.java", "Java", 0, 0, 0, 0, 0, 0, 0, 0, 0, 0, 0, 0, 0, 12, 0, 0, 0, 0, 0, 0, 4, 16
"c:\Users\Alwaj\OneDrive\المستندات\GitHub\roomify-hotel-management\backend\src\main\java\com\roomify\backend\service\AccountService.java", "Java", 0, 0, 0, 0, 0, 0, 0, 0, 0, 0, 0, 0, 0, 29, 0, 0, 0, 0, 0, 0, 8, 37
"c:\Users\Alwaj\OneDrive\المستندات\GitHub\roomify-hotel-management\backend\src\main\java\com\roomify\backend\service\AiAssistantContextBuilder.java", "Java", 0, 0, 0, 0, 0, 0, 0, 0, 0, 0, 0, 0, 0, 204, 0, 0, 0, 0, 0, 0, 18, 222
"c:\Users\Alwaj\OneDrive\المستندات\GitHub\roomify-hotel-management\backend\src\main\java\com\roomify\backend\service\AiAssistantService.java", "Java", 0, 0, 0, 0, 0, 0, 0, 0, 0, 0, 0, 0, 0, 270, 0, 0, 0, 0, 0, 0, 19, 289
"c:\Users\Alwaj\OneDrive\المستندات\GitHub\roomify-hotel-management\backend\src\main\java\com\roomify\backend\service\AiFinanceClient.java", "Java", 0, 0, 0, 0, 0, 0, 0, 0, 0, 0, 0, 0, 0, 142, 0, 0, 0, 0, 0, 0, 22, 164
"c:\Users\Alwaj\OneDrive\المستندات\GitHub\roomify-hotel-management\backend\src\main\java\com\roomify\backend\service\AiFinanceFallbackService.java", "Java", 0, 0, 0, 0, 0, 0, 0, 0, 0, 0, 0, 0, 0, 123, 0, 0, 0, 0, 0, 0, 20, 143
"c:\Users\Alwaj\OneDrive\المستندات\GitHub\roomify-hotel-management\backend\src\main\java\com\roomify\backend\service\AuditService.java", "Java", 0, 0, 0, 0, 0, 0, 0, 0, 0, 0, 0, 0, 0, 53, 0, 0, 0, 0, 0, 14, 24, 91
"c:\Users\Alwaj\OneDrive\المستندات\GitHub\roomify-hotel-management\backend\src\main\java\com\roomify\backend\service\BillingService.java", "Java", 0, 0, 0, 0, 0, 0, 0, 0, 0, 0, 0, 0, 0, 275, 0, 0, 0, 0, 0, 0, 68, 343
"c:\Users\Alwaj\OneDrive\المستندات\GitHub\roomify-hotel-management\backend\src\main\java\com\roomify\backend\service\BookingUtils.java", "Java", 0, 0, 0, 0, 0, 0, 0, 0, 0, 0, 0, 0, 0, 12, 0, 0, 0, 0, 0, 0, 5, 17
"c:\Users\Alwaj\OneDrive\المستندات\GitHub\roomify-hotel-management\backend\src\main\java\com\roomify\backend\service\DashboardService.java", "Java", 0, 0, 0, 0, 0, 0, 0, 0, 0, 0, 0, 0, 0, 175, 0, 0, 0, 0, 0, 100, 41, 316
"c:\Users\Alwaj\OneDrive\المستندات\GitHub\roomify-hotel-management\backend\src\main\java\com\roomify\backend\service\DemandHeatmapService.java", "Java", 0, 0, 0, 0, 0, 0, 0, 0, 0, 0, 0, 0, 0, 168, 0, 0, 0, 0, 0, 0, 19, 187
"c:\Users\Alwaj\OneDrive\المستندات\GitHub\roomify-hotel-management\backend\src\main\java\com\roomify\backend\service\ElasticityService.java", "Java", 0, 0, 0, 0, 0, 0, 0, 0, 0, 0, 0, 0, 0, 385, 0, 0, 0, 0, 0, 0, 41, 426
"c:\Users\Alwaj\OneDrive\المستندات\GitHub\roomify-hotel-management\backend\src\main\java\com\roomify\backend\service\EmailLogService.java", "Java", 0, 0, 0, 0, 0, 0, 0, 0, 0, 0, 0, 0, 0, 35, 0, 0, 0, 0, 0, 0, 7, 42
"c:\Users\Alwaj\OneDrive\المستندات\GitHub\roomify-hotel-management\backend\src\main\java\com\roomify\backend\service\EmailService.java", "Java", 0, 0, 0, 0, 0, 0, 0, 0, 0, 0, 0, 0, 0, 103, 0, 0, 0, 0, 0, 0, 18, 121
"c:\Users\Alwaj\OneDrive\المستندات\GitHub\roomify-hotel-management\backend\src\main\java\com\roomify\backend\service\ExpenseService.java", "Java", 0, 0, 0, 0, 0, 0, 0, 0, 0, 0, 0, 0, 0, 188, 0, 0, 0, 0, 0, 0, 29, 217
"c:\Users\Alwaj\OneDrive\المستندات\GitHub\roomify-hotel-management\backend\src\main\java\com\roomify\backend\service\FinanceAnalyticsService.java", "Java", 0, 0, 0, 0, 0, 0, 0, 0, 0, 0, 0, 0, 0, 395, 0, 0, 0, 0, 0, 0, 60, 455
"c:\Users\Alwaj\OneDrive\المستندات\GitHub\roomify-hotel-management\backend\src\main\java\com\roomify\backend\service\GuestRegistrationService.java", "Java", 0, 0, 0, 0, 0, 0, 0, 0, 0, 0, 0, 0, 0, 130, 0, 0, 0, 0, 0, 0, 25, 155
"c:\Users\Alwaj\OneDrive\المستندات\GitHub\roomify-hotel-management\backend\src\main\java\com\roomify\backend\service\GuestReservationService.java", "Java", 0, 0, 0, 0, 0, 0, 0, 0, 0, 0, 0, 0, 0, 13, 0, 0, 0, 0, 0, 0, 4, 17
"c:\Users\Alwaj\OneDrive\المستندات\GitHub\roomify-hotel-management\backend\src\main\java\com\roomify\backend\service\GuestReservationServiceImpl.java", "Java", 0, 0, 0, 0, 0, 0, 0, 0, 0, 0, 0, 0, 0, 181, 0, 0, 0, 0, 0, 3, 33, 217
"c:\Users\Alwaj\OneDrive\المستندات\GitHub\roomify-hotel-management\backend\src\main\java\com\roomify\backend\service\HousekeepingNotificationService.java", "Java", 0, 0, 0, 0, 0, 0, 0, 0, 0, 0, 0, 0, 0, 50, 0, 0, 0, 0, 0, 0, 11, 61
"c:\Users\Alwaj\OneDrive\المستندات\GitHub\roomify-hotel-management\backend\src\main\java\com\roomify\backend\service\InventoryService.java", "Java", 0, 0, 0, 0, 0, 0, 0, 0, 0, 0, 0, 0, 0, 547, 0, 0, 0, 0, 0, 0, 64, 611
"c:\Users\Alwaj\OneDrive\المستندات\GitHub\roomify-hotel-management\backend\src\main\java\com\roomify\backend\service\InvoiceDeliveryLogService.java", "Java", 0, 0, 0, 0, 0, 0, 0, 0, 0, 0, 0, 0, 0, 47, 0, 0, 0, 0, 0, 6, 11, 64
"c:\Users\Alwaj\OneDrive\المستندات\GitHub\roomify-hotel-management\backend\src\main\java\com\roomify\backend\service\InvoiceEmailService.java", "Java", 0, 0, 0, 0, 0, 0, 0, 0, 0, 0, 0, 0, 0, 47, 0, 0, 0, 0, 0, 0, 20, 67
"c:\Users\Alwaj\OneDrive\المستندات\GitHub\roomify-hotel-management\backend\src\main\java\com\roomify\backend\service\InvoiceLogService.java", "Java", 0, 0, 0, 0, 0, 0, 0, 0, 0, 0, 0, 0, 0, 26, 0, 0, 0, 0, 0, 0, 7, 33
"c:\Users\Alwaj\OneDrive\المستندات\GitHub\roomify-hotel-management\backend\src\main\java\com\roomify\backend\service\InvoiceNumberService.java", "Java", 0, 0, 0, 0, 0, 0, 0, 0, 0, 0, 0, 0, 0, 26, 0, 0, 0, 0, 0, 0, 11, 37
"c:\Users\Alwaj\OneDrive\المستندات\GitHub\roomify-hotel-management\backend\src\main\java\com\roomify\backend\service\InvoicePdfService.java", "Java", 0, 0, 0, 0, 0, 0, 0, 0, 0, 0, 0, 0, 0, 121, 0, 0, 0, 0, 0, 23, 59, 203
"c:\Users\Alwaj\OneDrive\المستندات\GitHub\roomify-hotel-management\backend\src\main\java\com\roomify\backend\service\InvoiceService.java", "Java", 0, 0, 0, 0, 0, 0, 0, 0, 0, 0, 0, 0, 0, 114, 0, 0, 0, 0, 0, 3, 40, 157
"c:\Users\Alwaj\OneDrive\المستندات\GitHub\roomify-hotel-management\backend\src\main\java\com\roomify\backend\service\NotificationService.java", "Java", 0, 0, 0, 0, 0, 0, 0, 0, 0, 0, 0, 0, 0, 355, 0, 0, 0, 0, 0, 0, 53, 408
"c:\Users\Alwaj\OneDrive\المستندات\GitHub\roomify-hotel-management\backend\src\main\java\com\roomify\backend\service\PasswordGeneratorService.java", "Java", 0, 0, 0, 0, 0, 0, 0, 0, 0, 0, 0, 0, 0, 49, 0, 0, 0, 0, 0, 1, 14, 64
"c:\Users\Alwaj\OneDrive\المستندات\GitHub\roomify-hotel-management\backend\src\main\java\com\roomify\backend\service\PasswordValidatorService.java", "Java", 0, 0, 0, 0, 0, 0, 0, 0, 0, 0, 0, 0, 0, 19, 0, 0, 0, 0, 0, 8, 6, 33
"c:\Users\Alwaj\OneDrive\المستندات\GitHub\roomify-hotel-management\backend\src\main\java\com\roomify\backend\service\PaymentService.java", "Java", 0, 0, 0, 0, 0, 0, 0, 0, 0, 0, 0, 0, 0, 233, 0, 0, 0, 0, 0, 0, 50, 283
"c:\Users\Alwaj\OneDrive\المستندات\GitHub\roomify-hotel-management\backend\src\main\java\com\roomify\backend\service\PaymentStatusResolver.java", "Java", 0, 0, 0, 0, 0, 0, 0, 0, 0, 0, 0, 0, 0, 32, 0, 0, 0, 0, 0, 0, 12, 44
"c:\Users\Alwaj\OneDrive\المستندات\GitHub\roomify-hotel-management\backend\src\main\java\com\roomify\backend\service\QRCodeHelper.java", "Java", 0, 0, 0, 0, 0, 0, 0, 0, 0, 0, 0, 0, 0, 32, 0, 0, 0, 0, 0, 0, 15, 47
"c:\Users\Alwaj\OneDrive\المستندات\GitHub\roomify-hotel-management\backend\src\main\java\com\roomify\backend\service\ReservationFinancialService.java", "Java", 0, 0, 0, 0, 0, 0, 0, 0, 0, 0, 0, 0, 0, 133, 0, 0, 0, 0, 0, 0, 28, 161
"c:\Users\Alwaj\OneDrive\المستندات\GitHub\roomify-hotel-management\backend\src\main\java\com\roomify\backend\service\ReservationLookupService.java", "Java", 0, 0, 0, 0, 0, 0, 0, 0, 0, 0, 0, 0, 0, 85, 0, 0, 0, 0, 0, 10, 17, 112
"c:\Users\Alwaj\OneDrive\المستندات\GitHub\roomify-hotel-management\backend\src\main\java\com\roomify\backend\service\ReservationService.java", "Java", 0, 0, 0, 0, 0, 0, 0, 0, 0, 0, 0, 0, 0, 726, 0, 0, 0, 0, 0, 26, 143, 895
"c:\Users\Alwaj\OneDrive\المستندات\GitHub\roomify-hotel-management\backend\src\main\java\com\roomify\backend\service\ReservationStatusTransitionService.java", "Java", 0, 0, 0, 0, 0, 0, 0, 0, 0, 0, 0, 0, 0, 130, 0, 0, 0, 0, 0, 0, 18, 148
"c:\Users\Alwaj\OneDrive\المستندات\GitHub\roomify-hotel-management\backend\src\main\java\com\roomify\backend\service\RoomOperationalService.java", "Java", 0, 0, 0, 0, 0, 0, 0, 0, 0, 0, 0, 0, 0, 309, 0, 0, 0, 0, 0, 0, 38, 347
"c:\Users\Alwaj\OneDrive\المستندات\GitHub\roomify-hotel-management\backend\src\main\java\com\roomify\backend\service\RoomSearchService.java", "Java", 0, 0, 0, 0, 0, 0, 0, 0, 0, 0, 0, 0, 0, 75, 0, 0, 0, 0, 0, 37, 17, 129
"c:\Users\Alwaj\OneDrive\المستندات\GitHub\roomify-hotel-management\backend\src\main\java\com\roomify\backend\service\RoomService.java", "Java", 0, 0, 0, 0, 0, 0, 0, 0, 0, 0, 0, 0, 0, 186, 0, 0, 0, 0, 0, 33, 51, 270
"c:\Users\Alwaj\OneDrive\المستندات\GitHub\roomify-hotel-management\backend\src\main\java\com\roomify\backend\service\RoomTypeService.java", "Java", 0, 0, 0, 0, 0, 0, 0, 0, 0, 0, 0, 0, 0, 95, 0, 0, 0, 0, 0, 4, 26, 125
"c:\Users\Alwaj\OneDrive\المستندات\GitHub\roomify-hotel-management\backend\src\main\java\com\roomify\backend\service\ServiceChargeService.java", "Java", 0, 0, 0, 0, 0, 0, 0, 0, 0, 0, 0, 0, 0, 129, 0, 0, 0, 0, 0, 0, 38, 167
"c:\Users\Alwaj\OneDrive\المستندات\GitHub\roomify-hotel-management\backend\src\main\java\com\roomify\backend\service\ServiceRequestService.java", "Java", 0, 0, 0, 0, 0, 0, 0, 0, 0, 0, 0, 0, 0, 11, 0, 0, 0, 0, 0, 0, 3, 14
"c:\Users\Alwaj\OneDrive\المستندات\GitHub\roomify-hotel-management\backend\src\main\java\com\roomify\backend\service\ServiceRequestServiceImpl.java", "Java", 0, 0, 0, 0, 0, 0, 0, 0, 0, 0, 0, 0, 0, 75, 0, 0, 0, 0, 0, 0, 12, 87
"c:\Users\Alwaj\OneDrive\المستندات\GitHub\roomify-hotel-management\backend\src\main\java\com\roomify\backend\service\ServiceUsageTemplateService.java", "Java", 0, 0, 0, 0, 0, 0, 0, 0, 0, 0, 0, 0, 0, 101, 0, 0, 0, 0, 0, 0, 15, 116
"c:\Users\Alwaj\OneDrive\المستندات\GitHub\roomify-hotel-management\backend\src\main\java\com\roomify\backend\service\StaffService.java", "Java", 0, 0, 0, 0, 0, 0, 0, 0, 0, 0, 0, 0, 0, 179, 0, 0, 0, 0, 0, 4, 40, 223
"c:\Users\Alwaj\OneDrive\المستندات\GitHub\roomify-hotel-management\backend\src\main\java\com\roomify\backend\service\UserService.java", "Java", 0, 0, 0, 0, 0, 0, 0, 0, 0, 0, 0, 0, 0, 98, 0, 0, 0, 0, 0, 13, 22, 133
"c:\Users\Alwaj\OneDrive\المستندات\GitHub\roomify-hotel-management\backend\src\main\java\com\roomify\backend\service\ZatcaQrService.java", "Java", 0, 0, 0, 0, 0, 0, 0, 0, 0, 0, 0, 0, 0, 32, 0, 0, 0, 0, 0, 0, 12, 44
"c:\Users\Alwaj\OneDrive\المستندات\GitHub\roomify-hotel-management\backend\src\main\java\com\roomify\backend\user\Role.java", "Java", 0, 0, 0, 0, 0, 0, 0, 0, 0, 0, 0, 0, 0, 7, 0, 0, 0, 0, 0, 0, 2, 9
"c:\Users\Alwaj\OneDrive\المستندات\GitHub\roomify-hotel-management\backend\src\main\java\com\roomify\backend\user\Staff.java", "Java", 0, 0, 0, 0, 0, 0, 0, 0, 0, 0, 0, 0, 0, 54, 0, 0, 0, 0, 0, 0, 17, 71
"c:\Users\Alwaj\OneDrive\المستندات\GitHub\roomify-hotel-management\backend\src\main\java\com\roomify\backend\user\StaffRepository.java", "Java", 0, 0, 0, 0, 0, 0, 0, 0, 0, 0, 0, 0, 0, 24, 0, 0, 0, 0, 0, 0, 5, 29
"c:\Users\Alwaj\OneDrive\المستندات\GitHub\roomify-hotel-management\backend\src\main\java\com\roomify\backend\user\User.java", "Java", 0, 0, 0, 0, 0, 0, 0, 0, 0, 0, 0, 0, 0, 113, 0, 0, 0, 0, 0, 7, 27, 147
"c:\Users\Alwaj\OneDrive\المستندات\GitHub\roomify-hotel-management\backend\src\main\java\com\roomify\backend\user\UserRepository.java", "Java", 0, 0, 0, 0, 0, 0, 0, 0, 0, 0, 0, 0, 0, 13, 0, 0, 0, 0, 0, 2, 8, 23
"c:\Users\Alwaj\OneDrive\المستندات\GitHub\roomify-hotel-management\backend\src\main\resources\application-dev-demo.properties", "Java Properties", 0, 0, 0, 0, 0, 0, 0, 0, 0, 0, 10, 0, 0, 0, 0, 0, 0, 0, 0, 0, 2, 12
"c:\Users\Alwaj\OneDrive\المستندات\GitHub\roomify-hotel-management\backend\src\main\resources\application.properties", "Java Properties", 0, 0, 0, 0, 0, 0, 0, 0, 0, 0, 49, 0, 0, 0, 0, 0, 0, 0, 0, 13, 11, 73
"c:\Users\Alwaj\OneDrive\المستندات\GitHub\roomify-hotel-management\backend\src\main\resources\db\migration\V10__create_expenses_table.sql", "MS SQL", 0, 0, 0, 0, 0, 0, 0, 0, 0, 0, 0, 0, 19, 0, 0, 0, 0, 0, 0, 0, 2, 21
"c:\Users\Alwaj\OneDrive\المستندات\GitHub\roomify-hotel-management\backend\src\main\resources\db\migration\V11__create_user_roles_table.sql", "MS SQL", 0, 0, 0, 0, 0, 0, 0, 0, 0, 0, 0, 0, 24, 0, 0, 0, 0, 0, 0, 0, 3, 27
"c:\Users\Alwaj\OneDrive\المستندات\GitHub\roomify-hotel-management\backend\src\main\resources\db\migration\V12__seed_staff_user.sql", "MS SQL", 0, 0, 0, 0, 0, 0, 0, 0, 0, 0, 0, 0, 18, 0, 0, 0, 0, 0, 0, 13, 2, 33
"c:\Users\Alwaj\OneDrive\المستندات\GitHub\roomify-hotel-management\backend\src\main\resources\db\migration\V13__create_inventory_and_service_usage_tables.sql", "MS SQL", 0, 0, 0, 0, 0, 0, 0, 0, 0, 0, 0, 0, 117, 0, 0, 0, 0, 0, 0, 0, 7, 124
"c:\Users\Alwaj\OneDrive\المستندات\GitHub\roomify-hotel-management\backend\src\main\resources\db\migration\V14__repair_audit_logs_created_at.sql", "MS SQL", 0, 0, 0, 0, 0, 0, 0, 0, 0, 0, 0, 0, 9, 0, 0, 0, 0, 0, 0, 0, 4, 13
"c:\Users\Alwaj\OneDrive\المستندات\GitHub\roomify-hotel-management\backend\src\main\resources\db\migration\V15__repair_user_roles_table.sql", "MS SQL", 0, 0, 0, 0, 0, 0, 0, 0, 0, 0, 0, 0, 25, 0, 0, 0, 0, 0, 0, 0, 3, 28
"c:\Users\Alwaj\OneDrive\المستندات\GitHub\roomify-hotel-management\backend\src\main\resources\db\migration\V16__repair_legacy_audit_timestamp.sql", "MS SQL", 0, 0, 0, 0, 0, 0, 0, 0, 0, 0, 0, 0, 19, 0, 0, 0, 0, 0, 0, 0, 3, 22
"c:\Users\Alwaj\OneDrive\المستندات\GitHub\roomify-hotel-management\backend\src\main\resources\db\migration\V17__create_service_requests_table.sql", "MS SQL", 0, 0, 0, 0, 0, 0, 0, 0, 0, 0, 0, 0, 18, 0, 0, 0, 0, 0, 0, 0, 2, 20
"c:\Users\Alwaj\OneDrive\المستندات\GitHub\roomify-hotel-management\backend\src\main\resources\db\migration\V18__create_ai_pricing_tables.sql", "MS SQL", 0, 0, 0, 0, 0, 0, 0, 0, 0, 0, 0, 0, 40, 0, 0, 0, 0, 0, 0, 0, 4, 44
"c:\Users\Alwaj\OneDrive\المستندات\GitHub\roomify-hotel-management\backend\src\main\resources\db\migration\V19__create_email_notifications_and_password_reset_tokens.sql", "MS SQL", 0, 0, 0, 0, 0, 0, 0, 0, 0, 0, 0, 0, 40, 0, 0, 0, 0, 0, 0, 0, 7, 47
"c:\Users\Alwaj\OneDrive\المستندات\GitHub\roomify-hotel-management\backend\src\main\resources\db\migration\V1__create_users_table.sql", "MS SQL", 0, 0, 0, 0, 0, 0, 0, 0, 0, 0, 0, 0, 14, 0, 0, 0, 0, 0, 0, 2, 2, 18
"c:\Users\Alwaj\OneDrive\المستندات\GitHub\roomify-hotel-management\backend\src\main\resources\db\migration\V20__reservation_workflow_hardening.sql", "MS SQL", 0, 0, 0, 0, 0, 0, 0, 0, 0, 0, 0, 0, 34, 0, 0, 0, 0, 0, 0, 0, 4, 38
"c:\Users\Alwaj\OneDrive\المستندات\GitHub\roomify-hotel-management\backend\src\main\resources\db\migration\V21__set_real_admin_password.sql", "MS SQL", 0, 0, 0, 0, 0, 0, 0, 0, 0, 0, 0, 0, 3, 0, 0, 0, 0, 0, 0, 0, 1, 4
"c:\Users\Alwaj\OneDrive\المستندات\GitHub\roomify-hotel-management\backend\src\main\resources\db\migration\V22__align_demo_passwords.sql", "MS SQL", 0, 0, 0, 0, 0, 0, 0, 0, 0, 0, 0, 0, 9, 0, 0, 0, 0, 0, 0, 8, 2, 19
"c:\Users\Alwaj\OneDrive\المستندات\GitHub\roomify-hotel-management\backend\src\main\resources\db\migration\V23__create_guest_assistant_tables.sql", "MS SQL", 0, 0, 0, 0, 0, 0, 0, 0, 0, 0, 0, 0, 58, 0, 0, 0, 0, 0, 0, 0, 10, 68
"c:\Users\Alwaj\OneDrive\المستندات\GitHub\roomify-hotel-management\backend\src\main\resources\db\migration\V24__add_deleted_to_staff.sql", "MS SQL", 0, 0, 0, 0, 0, 0, 0, 0, 0, 0, 0, 0, 1, 0, 0, 0, 0, 0, 0, 0, 1, 2
"c:\Users\Alwaj\OneDrive\المستندات\GitHub\roomify-hotel-management\backend\src\main\resources\db\migration\V25__drop_guest_id_number_unique_constraint.sql", "MS SQL", 0, 0, 0, 0, 0, 0, 0, 0, 0, 0, 0, 0, 2, 0, 0, 0, 0, 0, 0, 0, 1, 3
"c:\Users\Alwaj\OneDrive\المستندات\GitHub\roomify-hotel-management\backend\src\main\resources\db\migration\V2__create_audit_logs_table.sql", "MS SQL", 0, 0, 0, 0, 0, 0, 0, 0, 0, 0, 0, 0, 8, 0, 0, 0, 0, 0, 0, 0, 1, 9
"c:\Users\Alwaj\OneDrive\المستندات\GitHub\roomify-hotel-management\backend\src\main\resources\db\migration\V3__add_security_fields_to_users.sql", "MS SQL", 0, 0, 0, 0, 0, 0, 0, 0, 0, 0, 0, 0, 2, 0, 0, 0, 0, 0, 0, 0, 2, 4
"c:\Users\Alwaj\OneDrive\المستندات\GitHub\roomify-hotel-management\backend\src\main\resources\db\migration\V4__create_staff_table.sql", "MS SQL", 0, 0, 0, 0, 0, 0, 0, 0, 0, 0, 0, 0, 10, 0, 0, 0, 0, 0, 0, 0, 2, 12
"c:\Users\Alwaj\OneDrive\المستندات\GitHub\roomify-hotel-management\backend\src\main\resources\db\migration\V5__add_staff_search_indexes.sql", "MS SQL", 0, 0, 0, 0, 0, 0, 0, 0, 0, 0, 0, 0, 5, 0, 0, 0, 0, 0, 0, 2, 2, 9
"c:\Users\Alwaj\OneDrive\المستندات\GitHub\roomify-hotel-management\backend\src\main\resources\db\migration\V6__create_core_tables.sql", "MS SQL", 0, 0, 0, 0, 0, 0, 0, 0, 0, 0, 0, 0, 119, 0, 0, 0, 0, 0, 0, 1, 15, 135
"c:\Users\Alwaj\OneDrive\المستندات\GitHub\roomify-hotel-management\backend\src\main\resources\db\migration\V7__add_reservation_lifecycle_fields.sql", "MS SQL", 0, 0, 0, 0, 0, 0, 0, 0, 0, 0, 0, 0, 6, 0, 0, 0, 0, 0, 0, 0, 1, 7
"c:\Users\Alwaj\OneDrive\المستندات\GitHub\roomify-hotel-management\backend\src\main\resources\db\migration\V8__add_checkout_financial_fields.sql", "MS SQL", 0, 0, 0, 0, 0, 0, 0, 0, 0, 0, 0, 0, 11, 0, 0, 0, 0, 0, 0, 0, 3, 14
"c:\Users\Alwaj\OneDrive\المستندات\GitHub\roomify-hotel-management\backend\src\main\resources\db\migration\V9__add_payment_status_to_reservations.sql", "MS SQL", 0, 0, 0, 0, 0, 0, 0, 0, 0, 0, 0, 0, 5, 0, 0, 0, 0, 0, 0, 0, 2, 7
"c:\Users\Alwaj\OneDrive\المستندات\GitHub\roomify-hotel-management\backend\src\main\resources\demo\ai-finance-fallback.json", "JSON", 0, 0, 0, 0, 0, 0, 63, 0, 0, 0, 0, 0, 0, 0, 0, 0, 0, 0, 0, 0, 1, 64
"c:\Users\Alwaj\OneDrive\المستندات\GitHub\roomify-hotel-management\backend\src\main\resources\templates\email\cancellation-email.html", "HTML", 0, 0, 0, 0, 0, 0, 0, 0, 0, 0, 0, 0, 0, 0, 0, 0, 0, 39, 0, 0, 17, 56
"c:\Users\Alwaj\OneDrive\المستندات\GitHub\roomify-hotel-management\backend\src\main\resources\templates\email\confirmation-email.html", "HTML", 0, 0, 0, 0, 0, 0, 0, 0, 0, 0, 0, 0, 0, 0, 0, 0, 0, 20, 0, 0, 1, 21
"c:\Users\Alwaj\OneDrive\المستندات\GitHub\roomify-hotel-management\backend\src\main\resources\templates\email\modification-email.html", "HTML", 0, 0, 0, 0, 0, 0, 0, 0, 0, 0, 0, 0, 0, 0, 0, 0, 0, 49, 0, 0, 21, 70
"c:\Users\Alwaj\OneDrive\المستندات\GitHub\roomify-hotel-management\backend\src\main\resources\templates\email\notification-email.html", "HTML", 0, 0, 0, 0, 0, 0, 0, 0, 0, 0, 0, 0, 0, 0, 0, 0, 0, 218, 0, 0, 33, 251
"c:\Users\Alwaj\OneDrive\المستندات\GitHub\roomify-hotel-management\backend\src\main\resources\templates\email\receipt-email.html", "HTML", 0, 0, 0, 0, 0, 0, 0, 0, 0, 0, 0, 0, 0, 0, 0, 0, 0, 21, 0, 0, 1, 22
"c:\Users\Alwaj\OneDrive\المستندات\GitHub\roomify-hotel-management\backend\src\main\resources\templates\email\staff-welcome-email.html", "HTML", 0, 0, 0, 0, 0, 0, 0, 0, 0, 0, 0, 0, 0, 0, 0, 0, 0, 17, 0, 0, 1, 18
"c:\Users\Alwaj\OneDrive\المستندات\GitHub\roomify-hotel-management\backend\src\main\resources\templates\invoice-template.html", "HTML", 0, 0, 0, 0, 0, 0, 0, 0, 0, 0, 0, 0, 0, 0, 0, 0, 0, 51, 0, 0, 19, 70
"c:\Users\Alwaj\OneDrive\المستندات\GitHub\roomify-hotel-management\backend\src\test\java\com\roomify\backend\BackendApplicationTests.java", "Java", 0, 0, 0, 0, 0, 0, 0, 0, 0, 0, 0, 0, 0, 11, 0, 0, 0, 0, 0, 0, 4, 15
"c:\Users\Alwaj\OneDrive\المستندات\GitHub\roomify-hotel-management\backend\src\test\java\com\roomify\backend\JwtUtilsTest.java", "Java", 0, 0, 0, 0, 0, 0, 0, 0, 0, 0, 0, 0, 0, 34, 0, 0, 0, 0, 0, 5, 11, 50
"c:\Users\Alwaj\OneDrive\المستندات\GitHub\roomify-hotel-management\backend\src\test\java\com\roomify\backend\api\HealthControllerTest.java", "Java", 0, 0, 0, 0, 0, 0, 0, 0, 0, 0, 0, 0, 0, 25, 0, 0, 0, 0, 0, 0, 6, 31
"c:\Users\Alwaj\OneDrive\المستندات\GitHub\roomify-hotel-management\backend\src\test\java\com\roomify\backend\config\JwtAuthenticationFilterTest.java", "Java", 0, 0, 0, 0, 0, 0, 0, 0, 0, 0, 0, 0, 0, 128, 0, 0, 0, 0, 0, 0, 27, 155
"c:\Users\Alwaj\OneDrive\المستندات\GitHub\roomify-hotel-management\backend\src\test\java\com\roomify\backend\config\ReservationSchemaAlignmentTest.java", "Java", 0, 0, 0, 0, 0, 0, 0, 0, 0, 0, 0, 0, 0, 253, 0, 0, 0, 0, 0, 0, 58, 311
"c:\Users\Alwaj\OneDrive\المستندات\GitHub\roomify-hotel-management\backend\src\test\java\com\roomify\backend\config\TestConfig.java", "Java", 0, 0, 0, 0, 0, 0, 0, 0, 0, 0, 0, 0, 0, 20, 0, 0, 0, 0, 0, 3, 3, 26
"c:\Users\Alwaj\OneDrive\المستندات\GitHub\roomify-hotel-management\backend\src\test\java\com\roomify\backend\dto\GuestReservationSummaryDtoSerializationTest.java", "Java", 0, 0, 0, 0, 0, 0, 0, 0, 0, 0, 0, 0, 0, 73, 0, 0, 0, 0, 0, 0, 11, 84
"c:\Users\Alwaj\OneDrive\المستندات\GitHub\roomify-hotel-management\backend\src\test\java\com\roomify\backend\integration\AccountIntegrationTest.java", "Java", 0, 0, 0, 0, 0, 0, 0, 0, 0, 0, 0, 0, 0, 152, 0, 0, 0, 0, 0, 0, 27, 179
"c:\Users\Alwaj\OneDrive\المستندات\GitHub\roomify-hotel-management\backend\src\test\java\com\roomify\backend\integration\AiFinanceIntegrationTest.java", "Java", 0, 0, 0, 0, 0, 0, 0, 0, 0, 0, 0, 0, 0, 288, 0, 0, 0, 0, 0, 0, 42, 330
"c:\Users\Alwaj\OneDrive\المستندات\GitHub\roomify-hotel-management\backend\src\test\java\com\roomify\backend\integration\AuditLogIntegrationTest.java", "Java", 0, 0, 0, 0, 0, 0, 0, 0, 0, 0, 0, 0, 0, 76, 0, 0, 0, 0, 0, 0, 15, 91
"c:\Users\Alwaj\OneDrive\المستندات\GitHub\roomify-hotel-management\backend\src\test\java\com\roomify\backend\integration\AuthIntegrationTest.java", "Java", 0, 0, 0, 0, 0, 0, 0, 0, 0, 0, 0, 0, 0, 562, 0, 0, 0, 0, 0, 7, 100, 669
"c:\Users\Alwaj\OneDrive\المستندات\GitHub\roomify-hotel-management\backend\src\test\java\com\roomify\backend\integration\BillingIntegrationTest.java", "Java", 0, 0, 0, 0, 0, 0, 0, 0, 0, 0, 0, 0, 0, 350, 0, 0, 0, 0, 0, 0, 54, 404
"c:\Users\Alwaj\OneDrive\المستندات\GitHub\roomify-hotel-management\backend\src\test\java\com\roomify\backend\integration\DashboardIntegrationTest.java", "Java", 0, 0, 0, 0, 0, 0, 0, 0, 0, 0, 0, 0, 0, 54, 0, 0, 0, 0, 0, 0, 13, 67
"c:\Users\Alwaj\OneDrive\المستندات\GitHub\roomify-hotel-management\backend\src\test\java\com\roomify\backend\integration\DemoDataBootstrapIntegrationTest.java", "Java", 0, 0, 0, 0, 0, 0, 0, 0, 0, 0, 0, 0, 0, 141, 0, 0, 0, 0, 0, 6, 31, 178
"c:\Users\Alwaj\OneDrive\المستندات\GitHub\roomify-hotel-management\backend\src\test\java\com\roomify\backend\integration\ExpenseIntegrationTest.java", "Java", 0, 0, 0, 0, 0, 0, 0, 0, 0, 0, 0, 0, 0, 157, 0, 0, 0, 0, 0, 0, 25, 182
"c:\Users\Alwaj\OneDrive\المستندات\GitHub\roomify-hotel-management\backend\src\test\java\com\roomify\backend\integration\GuestReservationIntegrationTest.java", "Java", 0, 0, 0, 0, 0, 0, 0, 0, 0, 0, 0, 0, 0, 316, 0, 0, 0, 0, 0, 0, 63, 379
"c:\Users\Alwaj\OneDrive\المستندات\GitHub\roomify-hotel-management\backend\src\test\java\com\roomify\backend\integration\InventoryIntegrationTest.java", "Java", 0, 0, 0, 0, 0, 0, 0, 0, 0, 0, 0, 0, 0, 238, 0, 0, 0, 0, 0, 0, 40, 278
"c:\Users\Alwaj\OneDrive\المستندات\GitHub\roomify-hotel-management\backend\src\test\java\com\roomify\backend\integration\InvoiceIntegrationTest.java", "Java", 0, 0, 0, 0, 0, 0, 0, 0, 0, 0, 0, 0, 0, 187, 0, 0, 0, 0, 0, 0, 39, 226
"c:\Users\Alwaj\OneDrive\المستندات\GitHub\roomify-hotel-management\backend\src\test\java\com\roomify\backend\integration\ReservationIntegrationTest.java", "Java", 0, 0, 0, 0, 0, 0, 0, 0, 0, 0, 0, 0, 0, 1870, 0, 0, 0, 0, 0, 13, 258, 2141
"c:\Users\Alwaj\OneDrive\المستندات\GitHub\roomify-hotel-management\backend\src\test\java\com\roomify\backend\integration\RoomIntegrationTest.java", "Java", 0, 0, 0, 0, 0, 0, 0, 0, 0, 0, 0, 0, 0, 358, 0, 0, 0, 0, 0, 19, 63, 440
"c:\Users\Alwaj\OneDrive\المستندات\GitHub\roomify-hotel-management\backend\src\test\java\com\roomify\backend\integration\RoomSearchIntegrationTest.java", "Java", 0, 0, 0, 0, 0, 0, 0, 0, 0, 0, 0, 0, 0, 269, 0, 0, 0, 0, 0, 36, 60, 365
"c:\Users\Alwaj\OneDrive\المستندات\GitHub\roomify-hotel-management\backend\src\test\java\com\roomify\backend\integration\RoomTypeIntegrationTest.java", "Java", 0, 0, 0, 0, 0, 0, 0, 0, 0, 0, 0, 0, 0, 294, 0, 0, 0, 0, 0, 11, 56, 361
"c:\Users\Alwaj\OneDrive\المستندات\GitHub\roomify-hotel-management\backend\src\test\java\com\roomify\backend\integration\SecurityIntegrationTest.java", "Java", 0, 0, 0, 0, 0, 0, 0, 0, 0, 0, 0, 0, 0, 190, 0, 0, 0, 0, 0, 0, 32, 222
"c:\Users\Alwaj\OneDrive\المستندات\GitHub\roomify-hotel-management\backend\src\test\java\com\roomify\backend\integration\ServiceRequestIntegrationTest.java", "Java", 0, 0, 0, 0, 0, 0, 0, 0, 0, 0, 0, 0, 0, 231, 0, 0, 0, 0, 0, 0, 32, 263
"c:\Users\Alwaj\OneDrive\المستندات\GitHub\roomify-hotel-management\backend\src\test\java\com\roomify\backend\integration\StaffIntegrationTest.java", "Java", 0, 0, 0, 0, 0, 0, 0, 0, 0, 0, 0, 0, 0, 355, 0, 0, 0, 0, 0, 1, 60, 416
"c:\Users\Alwaj\OneDrive\المستندات\GitHub\roomify-hotel-management\backend\src\test\java\com\roomify\backend\integration\TestSecureController.java", "Java", 0, 0, 0, 0, 0, 0, 0, 0, 0, 0, 0, 0, 0, 50, 0, 0, 0, 0, 0, 0, 11, 61
"c:\Users\Alwaj\OneDrive\المستندات\GitHub\roomify-hotel-management\backend\src\test\java\com\roomify\backend\notification\PasswordResetServiceTest.java", "Java", 0, 0, 0, 0, 0, 0, 0, 0, 0, 0, 0, 0, 0, 63, 0, 0, 0, 0, 0, 0, 14, 77
"c:\Users\Alwaj\OneDrive\المستندات\GitHub\roomify-hotel-management\backend\src\test\java\com\roomify\backend\repository\DashboardRepositoryTest.java", "Java", 0, 0, 0, 0, 0, 0, 0, 0, 0, 0, 0, 0, 0, 175, 0, 0, 0, 0, 0, 25, 50, 250
"c:\Users\Alwaj\OneDrive\المستندات\GitHub\roomify-hotel-management\backend\src\test\java\com\roomify\backend\security\RoleSecurityEvaluatorTest.java", "Java", 0, 0, 0, 0, 0, 0, 0, 0, 0, 0, 0, 0, 0, 248, 0, 0, 0, 0, 0, 0, 59, 307
"c:\Users\Alwaj\OneDrive\المستندات\GitHub\roomify-hotel-management\backend\src\test\java\com\roomify\backend\service\AccountLockoutTest.java", "Java", 0, 0, 0, 0, 0, 0, 0, 0, 0, 0, 0, 0, 0, 47, 0, 0, 0, 0, 0, 7, 16, 70
"c:\Users\Alwaj\OneDrive\المستندات\GitHub\roomify-hotel-management\backend\src\test\java\com\roomify\backend\service\BillingServiceTest.java", "Java", 0, 0, 0, 0, 0, 0, 0, 0, 0, 0, 0, 0, 0, 281, 0, 0, 0, 0, 0, 0, 66, 347
"c:\Users\Alwaj\OneDrive\المستندات\GitHub\roomify-hotel-management\backend\src\test\java\com\roomify\backend\service\BookingUtilsTest.java", "Java", 0, 0, 0, 0, 0, 0, 0, 0, 0, 0, 0, 0, 0, 41, 0, 0, 0, 0, 0, 0, 8, 49
"c:\Users\Alwaj\OneDrive\المستندات\GitHub\roomify-hotel-management\backend\src\test\java\com\roomify\backend\service\DashboardServiceTest.java", "Java", 0, 0, 0, 0, 0, 0, 0, 0, 0, 0, 0, 0, 0, 202, 0, 0, 0, 0, 0, 20, 53, 275
"c:\Users\Alwaj\OneDrive\المستندات\GitHub\roomify-hotel-management\backend\src\test\java\com\roomify\backend\service\EmailTemplateRenderingTest.java", "Java", 0, 0, 0, 0, 0, 0, 0, 0, 0, 0, 0, 0, 0, 80, 0, 0, 0, 0, 0, 0, 16, 96
"c:\Users\Alwaj\OneDrive\المستندات\GitHub\roomify-hotel-management\backend\src\test\java\com\roomify\backend\service\ExpenseServiceTest.java", "Java", 0, 0, 0, 0, 0, 0, 0, 0, 0, 0, 0, 0, 0, 166, 0, 0, 0, 0, 0, 0, 31, 197
"c:\Users\Alwaj\OneDrive\المستندات\GitHub\roomify-hotel-management\backend\src\test\java\com\roomify\backend\service\GuestReservationServiceImplTest.java", "Java", 0, 0, 0, 0, 0, 0, 0, 0, 0, 0, 0, 0, 0, 142, 0, 0, 0, 0, 0, 0, 27, 169
"c:\Users\Alwaj\OneDrive\المستندات\GitHub\roomify-hotel-management\backend\src\test\java\com\roomify\backend\service\PasswordValidatorServiceTest.java", "Java", 0, 0, 0, 0, 0, 0, 0, 0, 0, 0, 0, 0, 0, 37, 0, 0, 0, 0, 0, 6, 8, 51
"c:\Users\Alwaj\OneDrive\المستندات\GitHub\roomify-hotel-management\backend\src\test\java\com\roomify\backend\service\PaymentStatusResolver.java", "Java", 0, 0, 0, 0, 0, 0, 0, 0, 0, 0, 0, 0, 0, 46, 0, 0, 0, 0, 0, 0, 14, 60
"c:\Users\Alwaj\OneDrive\المستندات\GitHub\roomify-hotel-management\backend\src\test\java\com\roomify\backend\service\ReservationServiceIT.java", "Java", 0, 0, 0, 0, 0, 0, 0, 0, 0, 0, 0, 0, 0, 107, 0, 0, 0, 0, 0, 0, 20, 127
"c:\Users\Alwaj\OneDrive\المستندات\GitHub\roomify-hotel-management\backend\src\test\java\com\roomify\backend\service\ReservationServiceTest.java", "Java", 0, 0, 0, 0, 0, 0, 0, 0, 0, 0, 0, 0, 0, 891, 0, 0, 0, 0, 0, 0, 217, 1108
"c:\Users\Alwaj\OneDrive\المستندات\GitHub\roomify-hotel-management\backend\src\test\java\com\roomify\backend\service\RoomServiceTest.java", "Java", 0, 0, 0, 0, 0, 0, 0, 0, 0, 0, 0, 0, 0, 100, 0, 0, 0, 0, 0, 0, 25, 125
"c:\Users\Alwaj\OneDrive\المستندات\GitHub\roomify-hotel-management\backend\src\test\java\com\roomify\backend\service\ServiceChargeServiceTest.java", "Java", 0, 0, 0, 0, 0, 0, 0, 0, 0, 0, 0, 0, 0, 110, 0, 0, 0, 0, 0, 0, 32, 142
"c:\Users\Alwaj\OneDrive\المستندات\GitHub\roomify-hotel-management\backend\src\test\java\com\roomify\backend\service\StaffServiceTest.java", "Java", 0, 0, 0, 0, 0, 0, 0, 0, 0, 0, 0, 0, 0, 173, 0, 0, 0, 0, 0, 3, 40, 216
"c:\Users\Alwaj\OneDrive\المستندات\GitHub\roomify-hotel-management\backend\src\test\java\com\roomify\backend\service\UserServiceTest.java", "Java", 0, 0, 0, 0, 0, 0, 0, 0, 0, 0, 0, 0, 0, 95, 0, 0, 0, 0, 0, 0, 23, 118
"c:\Users\Alwaj\OneDrive\المستندات\GitHub\roomify-hotel-management\backend\src\test\resources\application-test.properties", "Java Properties", 0, 0, 0, 0, 0, 0, 0, 0, 0, 0, 23, 0, 0, 0, 0, 0, 0, 0, 0, 8, 6, 37
"c:\Users\Alwaj\OneDrive\المستندات\GitHub\roomify-hotel-management\backend\src\test\resources\application.properties", "Java Properties", 0, 0, 0, 0, 0, 0, 0, 0, 0, 0, 34, 0, 0, 0, 0, 0, 0, 0, 0, 16, 8, 58
"c:\Users\Alwaj\OneDrive\المستندات\GitHub\roomify-hotel-management\backend\src\test\resources\db\seed\V6__seed_test_reservations.sql", "MS SQL", 0, 0, 0, 0, 0, 0, 0, 0, 0, 0, 0, 0, 73, 0, 0, 0, 0, 0, 0, 22, 6, 101
"c:\Users\Alwaj\OneDrive\المستندات\GitHub\roomify-hotel-management\docker-compose.yml", "YAML", 0, 0, 0, 0, 58, 0, 0, 0, 0, 0, 0, 0, 0, 0, 0, 0, 0, 0, 0, 0, 3, 61
"c:\Users\Alwaj\OneDrive\المستندات\GitHub\roomify-hotel-management\docs\AI_FINANCE_API_CONTRACT.md", "Markdown", 0, 0, 423, 0, 0, 0, 0, 0, 0, 0, 0, 0, 0, 0, 0, 0, 0, 0, 0, 0, 53, 476
"c:\Users\Alwaj\OneDrive\المستندات\GitHub\roomify-hotel-management\docs\AI_FINANCE_ARCHITECTURE.md", "Markdown", 0, 0, 101, 0, 0, 0, 0, 0, 0, 0, 0, 0, 0, 0, 0, 0, 0, 0, 0, 0, 23, 124
"c:\Users\Alwaj\OneDrive\المستندات\GitHub\roomify-hotel-management\docs\AI_FINANCE_DATA.md", "Markdown", 0, 0, 68, 0, 0, 0, 0, 0, 0, 0, 0, 0, 0, 0, 0, 0, 0, 0, 0, 0, 13, 81
"c:\Users\Alwaj\OneDrive\المستندات\GitHub\roomify-hotel-management\docs\AI_FINANCE_DEMO_SCRIPT.md", "Markdown", 0, 0, 79, 0, 0, 0, 0, 0, 0, 0, 0, 0, 0, 0, 0, 0, 0, 0, 0, 0, 19, 98
"c:\Users\Alwaj\OneDrive\المستندات\GitHub\roomify-hotel-management\docs\AI_FINANCE_MODEL.md", "Markdown", 0, 0, 86, 0, 0, 0, 0, 0, 0, 0, 0, 0, 0, 0, 0, 0, 0, 0, 0, 0, 18, 104
"c:\Users\Alwaj\OneDrive\المستندات\GitHub\roomify-hotel-management\docs\AI_FINANCE_REHEARSAL.md", "Markdown", 0, 0, 25, 0, 0, 0, 0, 0, 0, 0, 0, 0, 0, 0, 0, 0, 0, 0, 0, 0, 8, 33
"c:\Users\Alwaj\OneDrive\المستندات\GitHub\roomify-hotel-management\docs\AI_FINANCE_RUNBOOK.md", "Markdown", 0, 0, 347, 0, 0, 0, 0, 0, 0, 0, 0, 0, 0, 0, 0, 0, 0, 0, 0, 0, 121, 468
"c:\Users\Alwaj\OneDrive\المستندات\GitHub\roomify-hotel-management\docs\AI_FINANCE_SCREENSHOTS.md", "Markdown", 0, 0, 21, 0, 0, 0, 0, 0, 0, 0, 0, 0, 0, 0, 0, 0, 0, 0, 0, 0, 6, 27
"c:\Users\Alwaj\OneDrive\المستندات\GitHub\roomify-hotel-management\docs\AI_FINANCE_SUPERVISOR_EXPLANATION.md", "Markdown", 0, 0, 14, 0, 0, 0, 0, 0, 0, 0, 0, 0, 0, 0, 0, 0, 0, 0, 0, 0, 9, 23
"c:\Users\Alwaj\OneDrive\المستندات\GitHub\roomify-hotel-management\docs\AI_FINANCE_TASKS.md", "Markdown", 0, 0, 51, 0, 0, 0, 0, 0, 0, 0, 0, 0, 0, 0, 0, 0, 0, 0, 0, 0, 8, 59
"c:\Users\Alwaj\OneDrive\المستندات\GitHub\roomify-hotel-management\docs\AI_FINANCE_TESTING.md", "Markdown", 0, 0, 150, 0, 0, 0, 0, 0, 0, 0, 0, 0, 0, 0, 0, 0, 0, 0, 0, 0, 13, 163
"c:\Users\Alwaj\OneDrive\المستندات\GitHub\roomify-hotel-management\docs\EMAIL_NOTIFICATIONS.md", "Markdown", 0, 0, 145, 0, 0, 0, 0, 0, 0, 0, 0, 0, 0, 0, 0, 0, 0, 0, 0, 0, 45, 190
"c:\Users\Alwaj\OneDrive\المستندات\GitHub\roomify-hotel-management\docs\README.md", "Markdown", 0, 0, 4, 0, 0, 0, 0, 0, 0, 0, 0, 0, 0, 0, 0, 0, 0, 0, 0, 0, 2, 6
"c:\Users\Alwaj\OneDrive\المستندات\GitHub\roomify-hotel-management\docs\api\README.md", "Markdown", 0, 0, 2, 0, 0, 0, 0, 0, 0, 0, 0, 0, 0, 0, 0, 0, 0, 0, 0, 0, 2, 4
"c:\Users\Alwaj\OneDrive\المستندات\GitHub\roomify-hotel-management\docs\api\notification-api.md", "Markdown", 0, 0, 58, 0, 0, 0, 0, 0, 0, 0, 0, 0, 0, 0, 0, 0, 0, 0, 0, 0, 36, 94
"c:\Users\Alwaj\OneDrive\المستندات\GitHub\roomify-hotel-management\docs\architecture\README.md", "Markdown", 0, 0, 2, 0, 0, 0, 0, 0, 0, 0, 0, 0, 0, 0, 0, 0, 0, 0, 0, 0, 2, 4
"c:\Users\Alwaj\OneDrive\المستندات\GitHub\roomify-hotel-management\docs\day2-rules-checklist-test-plan.md", "Markdown", 0, 0, 118, 0, 0, 0, 0, 0, 0, 0, 0, 0, 0, 0, 0, 0, 0, 0, 0, 0, 22, 140
"c:\Users\Alwaj\OneDrive\المستندات\GitHub\roomify-hotel-management\docs\day5-integration-hardening.md", "Markdown", 0, 0, 28, 0, 0, 0, 0, 0, 0, 0, 0, 0, 0, 0, 0, 0, 0, 0, 0, 0, 5, 33
"c:\Users\Alwaj\OneDrive\المستندات\GitHub\roomify-hotel-management\docs\day6-qa-demo-script.md", "Markdown", 0, 0, 42, 0, 0, 0, 0, 0, 0, 0, 0, 0, 0, 0, 0, 0, 0, 0, 0, 0, 9, 51
"c:\Users\Alwaj\OneDrive\المستندات\GitHub\roomify-hotel-management\docs\day7-release-handoff.md", "Markdown", 0, 0, 34, 0, 0, 0, 0, 0, 0, 0, 0, 0, 0, 0, 0, 0, 0, 0, 0, 0, 8, 42
"c:\Users\Alwaj\OneDrive\المستندات\GitHub\roomify-hotel-management\docs\demo-smoke-runbook.md", "Markdown", 0, 0, 54, 0, 0, 0, 0, 0, 0, 0, 0, 0, 0, 0, 0, 0, 0, 0, 0, 0, 18, 72
"c:\Users\Alwaj\OneDrive\المستندات\GitHub\roomify-hotel-management\docs\endpoint-roles.md", "Markdown", 0, 0, 20, 0, 0, 0, 0, 0, 0, 0, 0, 0, 0, 0, 0, 0, 0, 0, 0, 0, 4, 24
"c:\Users\Alwaj\OneDrive\المستندات\GitHub\roomify-hotel-management\docs\floating-guest-assistant-architecture.md", "Markdown", 0, 0, 748, 0, 0, 0, 0, 0, 0, 0, 0, 0, 0, 0, 0, 0, 0, 0, 0, 0, 258, 1006
"c:\Users\Alwaj\OneDrive\المستندات\GitHub\roomify-hotel-management\docs\meeting-notes\README.md", "Markdown", 0, 0, 2, 0, 0, 0, 0, 0, 0, 0, 0, 0, 0, 0, 0, 0, 0, 0, 0, 0, 2, 4
"c:\Users\Alwaj\OneDrive\المستندات\GitHub\roomify-hotel-management\frontend\NOTICE.md", "Markdown", 0, 0, 1, 0, 0, 0, 0, 0, 0, 0, 0, 0, 0, 0, 0, 0, 0, 0, 0, 0, 1, 2
"c:\Users\Alwaj\OneDrive\المستندات\GitHub\roomify-hotel-management\frontend\README.md", "Markdown", 0, 0, 15, 0, 0, 0, 0, 0, 0, 0, 0, 0, 0, 0, 0, 0, 0, 0, 0, 0, 4, 19
"c:\Users\Alwaj\OneDrive\المستندات\GitHub\roomify-hotel-management\frontend\components.json", "JSON", 0, 0, 0, 0, 0, 0, 23, 0, 0, 0, 0, 0, 0, 0, 0, 0, 0, 0, 0, 0, 1, 24
"c:\Users\Alwaj\OneDrive\المستندات\GitHub\roomify-hotel-management\frontend\eslint.config.js", "JavaScript", 0, 0, 0, 37, 0, 0, 0, 0, 0, 0, 0, 0, 0, 0, 0, 0, 0, 0, 0, 2, 6, 45
"c:\Users\Alwaj\OneDrive\المستندات\GitHub\roomify-hotel-management\frontend\index.html", "HTML", 0, 0, 0, 0, 0, 0, 0, 0, 0, 0, 0, 0, 0, 0, 0, 0, 0, 13, 0, 0, 1, 14
"c:\Users\Alwaj\OneDrive\المستندات\GitHub\roomify-hotel-management\frontend\jsconfig.json", "JSON with Comments", 0, 0, 0, 0, 0, 0, 0, 0, 0, 0, 0, 0, 0, 0, 0, 0, 7, 0, 0, 0, 0, 7
"c:\Users\Alwaj\OneDrive\المستندات\GitHub\roomify-hotel-management\frontend\package-lock.json", "JSON", 0, 0, 0, 0, 0, 0, 8800, 0, 0, 0, 0, 0, 0, 0, 0, 0, 0, 0, 0, 0, 1, 8801
"c:\Users\Alwaj\OneDrive\المستندات\GitHub\roomify-hotel-management\frontend\package.json", "JSON", 0, 0, 0, 0, 0, 0, 63, 0, 0, 0, 0, 0, 0, 0, 0, 0, 0, 0, 0, 0, 1, 64
"c:\Users\Alwaj\OneDrive\المستندات\GitHub\roomify-hotel-management\frontend\postcss.config.js", "JavaScript", 0, 0, 0, 6, 0, 0, 0, 0, 0, 0, 0, 0, 0, 0, 0, 0, 0, 0, 0, 0, 0, 6
"c:\Users\Alwaj\OneDrive\المستندات\GitHub\roomify-hotel-management\frontend\scripts\convert-tailwind-logical.js", "JavaScript", 0, 0, 0, 41, 0, 0, 0, 0, 0, 0, 0, 0, 0, 0, 0, 0, 0, 0, 0, 5, 11, 57
"c:\Users\Alwaj\OneDrive\المستندات\GitHub\roomify-hotel-management\frontend\src\App.jsx", "JavaScript JSX", 0, 0, 0, 0, 0, 0, 0, 0, 0, 0, 0, 0, 0, 0, 308, 0, 0, 0, 0, 16, 25, 349
"c:\Users\Alwaj\OneDrive\المستندات\GitHub\roomify-hotel-management\frontend\src\App.routes.test.jsx", "JavaScript JSX", 0, 0, 0, 0, 0, 0, 0, 0, 0, 0, 0, 0, 0, 0, 96, 0, 0, 0, 0, 0, 34, 130
"c:\Users\Alwaj\OneDrive\المستندات\GitHub\roomify-hotel-management\frontend\src\App.test.jsx", "JavaScript JSX", 0, 0, 0, 0, 0, 0, 0, 0, 0, 0, 0, 0, 0, 0, 35, 0, 0, 0, 0, 2, 5, 42
"c:\Users\Alwaj\OneDrive\المستندات\GitHub\roomify-hotel-management\frontend\src\components\ConfirmationToast.jsx", "JavaScript JSX", 0, 0, 0, 0, 0, 0, 0, 0, 0, 0, 0, 0, 0, 0, 52, 0, 0, 0, 0, 10, 10, 72
"c:\Users\Alwaj\OneDrive\المستندات\GitHub\roomify-hotel-management\frontend\src\components\DateRangePicker.jsx", "JavaScript JSX", 0, 0, 0, 0, 0, 0, 0, 0, 0, 0, 0, 0, 0, 0, 111, 0, 0, 0, 0, 16, 12, 139
"c:\Users\Alwaj\OneDrive\المستندات\GitHub\roomify-hotel-management\frontend\src\components\ErrorBanner.jsx", "JavaScript JSX", 0, 0, 0, 0, 0, 0, 0, 0, 0, 0, 0, 0, 0, 0, 34, 0, 0, 0, 0, 12, 6, 52
"c:\Users\Alwaj\OneDrive\المستندات\GitHub\roomify-hotel-management\frontend\src\components\ErrorMessage.jsx", "JavaScript JSX", 0, 0, 0, 0, 0, 0, 0, 0, 0, 0, 0, 0, 0, 0, 52, 0, 0, 0, 0, 0, 7, 59
"c:\Users\Alwaj\OneDrive\المستندات\GitHub\roomify-hotel-management\frontend\src\components\Footer.jsx", "JavaScript JSX", 0, 0, 0, 0, 0, 0, 0, 0, 0, 0, 0, 0, 0, 0, 182, 0, 0, 0, 0, 6, 21, 209
"c:\Users\Alwaj\OneDrive\المستندات\GitHub\roomify-hotel-management\frontend\src\components\Header.jsx", "JavaScript JSX", 0, 0, 0, 0, 0, 0, 0, 0, 0, 0, 0, 0, 0, 0, 268, 0, 0, 0, 0, 12, 21, 301
"c:\Users\Alwaj\OneDrive\المستندات\GitHub\roomify-hotel-management\frontend\src\components\LanguageSwitcher.jsx", "JavaScript JSX", 0, 0, 0, 0, 0, 0, 0, 0, 0, 0, 0, 0, 0, 0, 19, 0, 0, 0, 0, 0, 5, 24
"c:\Users\Alwaj\OneDrive\المستندات\GitHub\roomify-hotel-management\frontend\src\components\Layout.jsx", "JavaScript JSX", 0, 0, 0, 0, 0, 0, 0, 0, 0, 0, 0, 0, 0, 0, 33, 0, 0, 0, 0, 1, 4, 38
"c:\Users\Alwaj\OneDrive\المستندات\GitHub\roomify-hotel-management\frontend\src\components\LtrText.jsx", "JavaScript JSX", 0, 0, 0, 0, 0, 0, 0, 0, 0, 0, 0, 0, 0, 0, 11, 0, 0, 0, 0, 0, 1, 12
"c:\Users\Alwaj\OneDrive\المستندات\GitHub\roomify-hotel-management\frontend\src\components\ProtectedRoute.jsx", "JavaScript JSX", 0, 0, 0, 0, 0, 0, 0, 0, 0, 0, 0, 0, 0, 0, 36, 0, 0, 0, 0, 0, 9, 45
"c:\Users\Alwaj\OneDrive\المستندات\GitHub\roomify-hotel-management\frontend\src\components\ProtectedRoute.test.jsx", "JavaScript JSX", 0, 0, 0, 0, 0, 0, 0, 0, 0, 0, 0, 0, 0, 0, 82, 0, 0, 0, 0, 5, 10, 97
"c:\Users\Alwaj\OneDrive\المستندات\GitHub\roomify-hotel-management\frontend\src\components\ReservationLookupPanel.jsx", "JavaScript JSX", 0, 0, 0, 0, 0, 0, 0, 0, 0, 0, 0, 0, 0, 0, 556, 0, 0, 0, 0, 0, 56, 612
"c:\Users\Alwaj\OneDrive\المستندات\GitHub\roomify-hotel-management\frontend\src\components\ReservationLookupPanel.test.jsx", "JavaScript JSX", 0, 0, 0, 0, 0, 0, 0, 0, 0, 0, 0, 0, 0, 0, 171, 0, 0, 0, 0, 0, 29, 200
"c:\Users\Alwaj\OneDrive\المستندات\GitHub\roomify-hotel-management\frontend\src\components\RoomFilters.jsx", "JavaScript JSX", 0, 0, 0, 0, 0, 0, 0, 0, 0, 0, 0, 0, 0, 0, 287, 0, 0, 0, 0, 1, 20, 308
"c:\Users\Alwaj\OneDrive\المستندات\GitHub\roomify-hotel-management\frontend\src\components\Sidebar.jsx", "JavaScript JSX", 0, 0, 0, 0, 0, 0, 0, 0, 0, 0, 0, 0, 0, 0, 127, 0, 0, 0, 0, 6, 10, 143
"c:\Users\Alwaj\OneDrive\المستندات\GitHub\roomify-hotel-management\frontend\src\components\Spinner.jsx", "JavaScript JSX", 0, 0, 0, 0, 0, 0, 0, 0, 0, 0, 0, 0, 0, 0, 28, 0, 0, 0, 0, 4, 6, 38
"c:\Users\Alwaj\OneDrive\المستندات\GitHub\roomify-hotel-management\frontend\src\components\StatusPill.jsx", "JavaScript JSX", 0, 0, 0, 0, 0, 0, 0, 0, 0, 0, 0, 0, 0, 0, 29, 0, 0, 0, 0, 8, 5, 42
"c:\Users\Alwaj\OneDrive\المستندات\GitHub\roomify-hotel-management\frontend\src\components\ai-assistant\ManagerAiAssistant.jsx", "JavaScript JSX", 0, 0, 0, 0, 0, 0, 0, 0, 0, 0, 0, 0, 0, 0, 182, 0, 0, 0, 0, 0, 16, 198
"c:\Users\Alwaj\OneDrive\المستندات\GitHub\roomify-hotel-management\frontend\src\components\ai-assistant\MarkdownMessage.jsx", "JavaScript JSX", 0, 0, 0, 0, 0, 0, 0, 0, 0, 0, 0, 0, 0, 0, 66, 0, 0, 0, 0, 0, 11, 77
"c:\Users\Alwaj\OneDrive\المستندات\GitHub\roomify-hotel-management\frontend\src\components\ai-finance\AiFallbackBanner.jsx", "JavaScript JSX", 0, 0, 0, 0, 0, 0, 0, 0, 0, 0, 0, 0, 0, 0, 41, 0, 0, 0, 0, 0, 3, 44
"c:\Users\Alwaj\OneDrive\المستندات\GitHub\roomify-hotel-management\frontend\src\components\ai-finance\AiInsightPanel.jsx", "JavaScript JSX", 0, 0, 0, 0, 0, 0, 0, 0, 0, 0, 0, 0, 0, 0, 178, 0, 0, 0, 0, 0, 14, 192
"c:\Users\Alwaj\OneDrive\المستندات\GitHub\roomify-hotel-management\frontend\src\components\ai-finance\AiStatusBanner.jsx", "JavaScript JSX", 0, 0, 0, 0, 0, 0, 0, 0, 0, 0, 0, 0, 0, 0, 175, 0, 0, 0, 0, 0, 13, 188
"c:\Users\Alwaj\OneDrive\المستندات\GitHub\roomify-hotel-management\frontend\src\components\ai-finance\DemandHeatmapPanel.jsx", "JavaScript JSX", 0, 0, 0, 0, 0, 0, 0, 0, 0, 0, 0, 0, 0, 0, 216, 0, 0, 0, 0, 0, 19, 235
"c:\Users\Alwaj\OneDrive\المستندات\GitHub\roomify-hotel-management\frontend\src\components\ai-finance\ElasticityOptimizer.jsx", "JavaScript JSX", 0, 0, 0, 0, 0, 0, 0, 0, 0, 0, 0, 0, 0, 0, 259, 0, 0, 0, 0, 0, 19, 278
"c:\Users\Alwaj\OneDrive\المستندات\GitHub\roomify-hotel-management\frontend\src\components\ai-finance\ForecastChart.jsx", "JavaScript JSX", 0, 0, 0, 0, 0, 0, 0, 0, 0, 0, 0, 0, 0, 0, 112, 0, 0, 0, 0, 2, 14, 128
"c:\Users\Alwaj\OneDrive\المستندات\GitHub\roomify-hotel-management\frontend\src\components\ai-finance\PricingRecommendationCard.jsx", "JavaScript JSX", 0, 0, 0, 0, 0, 0, 0, 0, 0, 0, 0, 0, 0, 0, 133, 0, 0, 0, 0, 0, 17, 150
"c:\Users\Alwaj\OneDrive\المستندات\GitHub\roomify-hotel-management\frontend\src\components\charts\ChartCard.jsx", "JavaScript JSX", 0, 0, 0, 0, 0, 0, 0, 0, 0, 0, 0, 0, 0, 0, 34, 0, 0, 0, 0, 0, 2, 36
"c:\Users\Alwaj\OneDrive\المستندات\GitHub\roomify-hotel-management\frontend\src\components\charts\ChartEmptyState.jsx", "JavaScript JSX", 0, 0, 0, 0, 0, 0, 0, 0, 0, 0, 0, 0, 0, 0, 26, 0, 0, 0, 0, 0, 3, 29
"c:\Users\Alwaj\OneDrive\المستندات\GitHub\roomify-hotel-management\frontend\src\components\charts\ChartSkeleton.jsx", "JavaScript JSX", 0, 0, 0, 0, 0, 0, 0, 0, 0, 0, 0, 0, 0, 0, 23, 0, 0, 0, 0, 0, 3, 26
"c:\Users\Alwaj\OneDrive\المستندات\GitHub\roomify-hotel-management\frontend\src\components\charts\DistributionBarChart.jsx", "JavaScript JSX", 0, 0, 0, 0, 0, 0, 0, 0, 0, 0, 0, 0, 0, 0, 79, 0, 0, 0, 0, 0, 6, 85
"c:\Users\Alwaj\OneDrive\المستندات\GitHub\roomify-hotel-management\frontend\src\components\charts\RadialStatusChart.jsx", "JavaScript JSX", 0, 0, 0, 0, 0, 0, 0, 0, 0, 0, 0, 0, 0, 0, 67, 0, 0, 0, 0, 0, 8, 75
"c:\Users\Alwaj\OneDrive\المستندات\GitHub\roomify-hotel-management\frontend\src\components\charts\TrendLineChart.jsx", "JavaScript JSX", 0, 0, 0, 0, 0, 0, 0, 0, 0, 0, 0, 0, 0, 0, 124, 0, 0, 0, 0, 0, 7, 131
"c:\Users\Alwaj\OneDrive\المستندات\GitHub\roomify-hotel-management\frontend\src\components\common\EmptyState.jsx", "JavaScript JSX", 0, 0, 0, 0, 0, 0, 0, 0, 0, 0, 0, 0, 0, 0, 19, 0, 0, 0, 0, 0, 4, 23
"c:\Users\Alwaj\OneDrive\المستندات\GitHub\roomify-hotel-management\frontend\src\components\common\ErrorState.jsx", "JavaScript JSX", 0, 0, 0, 0, 0, 0, 0, 0, 0, 0, 0, 0, 0, 0, 29, 0, 0, 0, 0, 0, 4, 33
"c:\Users\Alwaj\OneDrive\المستندات\GitHub\roomify-hotel-management\frontend\src\components\common\LoadingState.jsx", "JavaScript JSX", 0, 0, 0, 0, 0, 0, 0, 0, 0, 0, 0, 0, 0, 0, 12, 0, 0, 0, 0, 0, 4, 16
"c:\Users\Alwaj\OneDrive\المستندات\GitHub\roomify-hotel-management\frontend\src\components\common\ModalFrame.jsx", "JavaScript JSX", 0, 0, 0, 0, 0, 0, 0, 0, 0, 0, 0, 0, 0, 0, 33, 0, 0, 0, 0, 0, 2, 35
"c:\Users\Alwaj\OneDrive\المستندات\GitHub\roomify-hotel-management\frontend\src\components\common\SuccessState.jsx", "JavaScript JSX", 0, 0, 0, 0, 0, 0, 0, 0, 0, 0, 0, 0, 0, 0, 17, 0, 0, 0, 0, 0, 4, 21
"c:\Users\Alwaj\OneDrive\المستندات\GitHub\roomify-hotel-management\frontend\src\components\dashboard\DashboardHero.jsx", "JavaScript JSX", 0, 0, 0, 0, 0, 0, 0, 0, 0, 0, 0, 0, 0, 0, 54, 0, 0, 0, 0, 0, 7, 61
"c:\Users\Alwaj\OneDrive\المستندات\GitHub\roomify-hotel-management\frontend\src\components\dashboard\DashboardMetricCard.jsx", "JavaScript JSX", 0, 0, 0, 0, 0, 0, 0, 0, 0, 0, 0, 0, 0, 0, 61, 0, 0, 0, 0, 0, 4, 65
"c:\Users\Alwaj\OneDrive\المستندات\GitHub\roomify-hotel-management\frontend\src\components\dashboard\DashboardPanel.jsx", "JavaScript JSX", 0, 0, 0, 0, 0, 0, 0, 0, 0, 0, 0, 0, 0, 0, 28, 0, 0, 0, 0, 0, 4, 32
"c:\Users\Alwaj\OneDrive\المستندات\GitHub\roomify-hotel-management\frontend\src\components\dashboard\DashboardQuickAction.jsx", "JavaScript JSX", 0, 0, 0, 0, 0, 0, 0, 0, 0, 0, 0, 0, 0, 0, 57, 0, 0, 0, 0, 0, 5, 62
"c:\Users\Alwaj\OneDrive\المستندات\GitHub\roomify-hotel-management\frontend\src\components\guest-assistant\FloatingGuestAssistant.jsx", "JavaScript JSX", 0, 0, 0, 0, 0, 0, 0, 0, 0, 0, 0, 0, 0, 0, 685, 0, 0, 0, 0, 0, 61, 746
"c:\Users\Alwaj\OneDrive\المستندات\GitHub\roomify-hotel-management\frontend\src\components\guest-assistant\FloatingGuestAssistant.test.jsx", "JavaScript JSX", 0, 0, 0, 0, 0, 0, 0, 0, 0, 0, 0, 0, 0, 0, 186, 0, 0, 0, 0, 0, 21, 207
"c:\Users\Alwaj\OneDrive\المستندات\GitHub\roomify-hotel-management\frontend\src\components\guest-assistant\GuestAssistantLauncher.jsx", "JavaScript JSX", 0, 0, 0, 0, 0, 0, 0, 0, 0, 0, 0, 0, 0, 0, 29, 0, 0, 0, 0, 0, 2, 31
"c:\Users\Alwaj\OneDrive\المستندات\GitHub\roomify-hotel-management\frontend\src\components\guest-assistant\GuestAssistantMessageList.jsx", "JavaScript JSX", 0, 0, 0, 0, 0, 0, 0, 0, 0, 0, 0, 0, 0, 0, 47, 0, 0, 0, 0, 0, 5, 52
"c:\Users\Alwaj\OneDrive\المستندات\GitHub\roomify-hotel-management\frontend\src\components\guest-assistant\GuestAssistantQuickActions.jsx", "JavaScript JSX", 0, 0, 0, 0, 0, 0, 0, 0, 0, 0, 0, 0, 0, 0, 21, 0, 0, 0, 0, 0, 3, 24
"c:\Users\Alwaj\OneDrive\المستندات\GitHub\roomify-hotel-management\frontend\src\components\inventory\InventoryOperationsPanel.jsx", "JavaScript JSX", 0, 0, 0, 0, 0, 0, 0, 0, 0, 0, 0, 0, 0, 0, 1400, 0, 0, 0, 0, 1, 76, 1477
"c:\Users\Alwaj\OneDrive\المستندات\GitHub\roomify-hotel-management\frontend\src\components\inventory\ServiceCompletionModal.jsx", "JavaScript JSX", 0, 0, 0, 0, 0, 0, 0, 0, 0, 0, 0, 0, 0, 0, 409, 0, 0, 0, 0, 0, 35, 444
"c:\Users\Alwaj\OneDrive\المستندات\GitHub\roomify-hotel-management\frontend\src\components\marketing\RoadmapBanner.jsx", "JavaScript JSX", 0, 0, 0, 0, 0, 0, 0, 0, 0, 0, 0, 0, 0, 0, 43, 0, 0, 0, 0, 5, 6, 54
"c:\Users\Alwaj\OneDrive\المستندات\GitHub\roomify-hotel-management\frontend\src\components\motion\Reveal.jsx", "JavaScript JSX", 0, 0, 0, 0, 0, 0, 0, 0, 0, 0, 0, 0, 0, 0, 35, 0, 0, 0, 0, 4, 5, 44
"c:\Users\Alwaj\OneDrive\المستندات\GitHub\roomify-hotel-management\frontend\src\components\motion\SmoothScroll.jsx", "JavaScript JSX", 0, 0, 0, 0, 0, 0, 0, 0, 0, 0, 0, 0, 0, 0, 26, 0, 0, 0, 0, 4, 7, 37
"c:\Users\Alwaj\OneDrive\المستندات\GitHub\roomify-hotel-management\frontend\src\components\navigation\navConfig.js", "JavaScript", 0, 0, 0, 644, 0, 0, 0, 0, 0, 0, 0, 0, 0, 0, 0, 0, 0, 0, 0, 7, 40, 691
"c:\Users\Alwaj\OneDrive\المستندات\GitHub\roomify-hotel-management\frontend\src\components\navigation\navConfig.test.js", "JavaScript", 0, 0, 0, 93, 0, 0, 0, 0, 0, 0, 0, 0, 0, 0, 0, 0, 0, 0, 0, 0, 25, 118
"c:\Users\Alwaj\OneDrive\المستندات\GitHub\roomify-hotel-management\frontend\src\components\reservations\ReservationDetailContent.jsx", "JavaScript JSX", 0, 0, 0, 0, 0, 0, 0, 0, 0, 0, 0, 0, 0, 0, 405, 0, 0, 0, 0, 0, 32, 437
"c:\Users\Alwaj\OneDrive\المستندات\GitHub\roomify-hotel-management\frontend\src\components\shell\AppShell.jsx", "JavaScript JSX", 0, 0, 0, 0, 0, 0, 0, 0, 0, 0, 0, 0, 0, 0, 89, 0, 0, 0, 0, 0, 19, 108
"c:\Users\Alwaj\OneDrive\المستندات\GitHub\roomify-hotel-management\frontend\src\components\shell\AppSidebar.jsx", "JavaScript JSX", 0, 0, 0, 0, 0, 0, 0, 0, 0, 0, 0, 0, 0, 0, 131, 0, 0, 0, 0, 0, 13, 144
"c:\Users\Alwaj\OneDrive\المستندات\GitHub\roomify-hotel-management\frontend\src\components\shell\AppSidebar.test.jsx", "JavaScript JSX", 0, 0, 0, 0, 0, 0, 0, 0, 0, 0, 0, 0, 0, 0, 111, 0, 0, 0, 0, 0, 21, 132
"c:\Users\Alwaj\OneDrive\المستندات\GitHub\roomify-hotel-management\frontend\src\components\shell\AppTopbar.jsx", "JavaScript JSX", 0, 0, 0, 0, 0, 0, 0, 0, 0, 0, 0, 0, 0, 0, 93, 0, 0, 0, 0, 0, 10, 103
"c:\Users\Alwaj\OneDrive\المستندات\GitHub\roomify-hotel-management\frontend\src\components\shell\NotificationCenter.jsx", "JavaScript JSX", 0, 0, 0, 0, 0, 0, 0, 0, 0, 0, 0, 0, 0, 0, 164, 0, 0, 0, 0, 0, 16, 180
"c:\Users\Alwaj\OneDrive\المستندات\GitHub\roomify-hotel-management\frontend\src\components\ui\alert.jsx", "JavaScript JSX", 0, 0, 0, 0, 0, 0, 0, 0, 0, 0, 0, 0, 0, 0, 44, 0, 0, 0, 0, 0, 7, 51
"c:\Users\Alwaj\OneDrive\المستندات\GitHub\roomify-hotel-management\frontend\src\components\ui\badge.jsx", "JavaScript JSX", 0, 0, 0, 0, 0, 0, 0, 0, 0, 0, 0, 0, 0, 0, 29, 0, 0, 0, 0, 0, 5, 34
"c:\Users\Alwaj\OneDrive\المستندات\GitHub\roomify-hotel-management\frontend\src\components\ui\button.jsx", "JavaScript JSX", 0, 0, 0, 0, 0, 0, 0, 0, 0, 0, 0, 0, 0, 0, 44, 0, 0, 0, 0, 0, 5, 49
"c:\Users\Alwaj\OneDrive\المستندات\GitHub\roomify-hotel-management\frontend\src\components\ui\calendar.jsx", "JavaScript JSX", 0, 0, 0, 0, 0, 0, 0, 0, 0, 0, 0, 0, 0, 0, 164, 0, 0, 0, 0, 0, 10, 174
"c:\Users\Alwaj\OneDrive\المستندات\GitHub\roomify-hotel-management\frontend\src\components\ui\card.jsx", "JavaScript JSX", 0, 0, 0, 0, 0, 0, 0, 0, 0, 0, 0, 0, 0, 0, 42, 0, 0, 0, 0, 0, 9, 51
"c:\Users\Alwaj\OneDrive\المستندات\GitHub\roomify-hotel-management\frontend\src\components\ui\chart.jsx", "JavaScript JSX", 0, 0, 0, 0, 0, 0, 0, 0, 0, 0, 0, 0, 0, 0, 52, 0, 0, 0, 0, 0, 6, 58
"c:\Users\Alwaj\OneDrive\المستندات\GitHub\roomify-hotel-management\frontend\src\components\ui\checkbox.jsx", "JavaScript JSX", 0, 0, 0, 0, 0, 0, 0, 0, 0, 0, 0, 0, 0, 0, 19, 0, 0, 0, 0, 0, 4, 23
"c:\Users\Alwaj\OneDrive\المستندات\GitHub\roomify-hotel-management\frontend\src\components\ui\dialog.jsx", "JavaScript JSX", 0, 0, 0, 0, 0, 0, 0, 0, 0, 0, 0, 0, 0, 0, 82, 0, 0, 0, 0, 0, 13, 95
"c:\Users\Alwaj\OneDrive\المستندات\GitHub\roomify-hotel-management\frontend\src\components\ui\input.jsx", "JavaScript JSX", 0, 0, 0, 0, 0, 0, 0, 0, 0, 0, 0, 0, 0, 0, 16, 0, 0, 0, 0, 0, 4, 20
"c:\Users\Alwaj\OneDrive\المستندات\GitHub\roomify-hotel-management\frontend\src\components\ui\label.jsx", "JavaScript JSX", 0, 0, 0, 0, 0, 0, 0, 0, 0, 0, 0, 0, 0, 0, 12, 0, 0, 0, 0, 0, 5, 17
"c:\Users\Alwaj\OneDrive\المستندات\GitHub\roomify-hotel-management\frontend\src\components\ui\popover.jsx", "JavaScript JSX", 0, 0, 0, 0, 0, 0, 0, 0, 0, 0, 0, 0, 0, 0, 22, 0, 0, 0, 0, 0, 8, 30
"c:\Users\Alwaj\OneDrive\المستندات\GitHub\roomify-hotel-management\frontend\src\components\ui\select.jsx", "JavaScript JSX", 0, 0, 0, 0, 0, 0, 0, 0, 0, 0, 0, 0, 0, 0, 107, 0, 0, 0, 0, 0, 13, 120
"c:\Users\Alwaj\OneDrive\المستندات\GitHub\roomify-hotel-management\frontend\src\components\ui\separator.jsx", "JavaScript JSX", 0, 0, 0, 0, 0, 0, 0, 0, 0, 0, 0, 0, 0, 0, 20, 0, 0, 0, 0, 0, 4, 24
"c:\Users\Alwaj\OneDrive\المستندات\GitHub\roomify-hotel-management\frontend\src\components\ui\sheet.jsx", "JavaScript JSX", 0, 0, 0, 0, 0, 0, 0, 0, 0, 0, 0, 0, 0, 0, 92, 0, 0, 0, 0, 0, 12, 104
"c:\Users\Alwaj\OneDrive\المستندات\GitHub\roomify-hotel-management\frontend\src\components\ui\table.jsx", "JavaScript JSX", 0, 0, 0, 0, 0, 0, 0, 0, 0, 0, 0, 0, 0, 0, 76, 0, 0, 0, 0, 0, 11, 87
"c:\Users\Alwaj\OneDrive\المستندات\GitHub\roomify-hotel-management\frontend\src\components\ui\textarea.jsx", "JavaScript JSX", 0, 0, 0, 0, 0, 0, 0, 0, 0, 0, 0, 0, 0, 0, 15, 0, 0, 0, 0, 0, 4, 19
"c:\Users\Alwaj\OneDrive\المستندات\GitHub\roomify-hotel-management\frontend\src\context\AuthProvider.jsx", "JavaScript JSX", 0, 0, 0, 0, 0, 0, 0, 0, 0, 0, 0, 0, 0, 0, 148, 0, 0, 0, 0, 58, 34, 240
"c:\Users\Alwaj\OneDrive\المستندات\GitHub\roomify-hotel-management\frontend\src\domain\reservations\statusRules.js", "JavaScript", 0, 0, 0, 26, 0, 0, 0, 0, 0, 0, 0, 0, 0, 0, 0, 0, 0, 0, 0, 6, 5, 37
"c:\Users\Alwaj\OneDrive\المستندات\GitHub\roomify-hotel-management\frontend\src\hooks\useAiFinance.js", "JavaScript", 0, 0, 0, 234, 0, 0, 0, 0, 0, 0, 0, 0, 0, 0, 0, 0, 0, 0, 0, 0, 35, 269
"c:\Users\Alwaj\OneDrive\المستندات\GitHub\roomify-hotel-management\frontend\src\hooks\useGuestAssistantSocket.js", "JavaScript", 0, 0, 0, 43, 0, 0, 0, 0, 0, 0, 0, 0, 0, 0, 0, 0, 0, 0, 0, 0, 10, 53
"c:\Users\Alwaj\OneDrive\المستندات\GitHub\roomify-hotel-management\frontend\src\hooks\useManagerDashboard.js", "JavaScript", 0, 0, 0, 65, 0, 0, 0, 0, 0, 0, 0, 0, 0, 0, 0, 0, 0, 0, 0, 0, 12, 77
"c:\Users\Alwaj\OneDrive\المستندات\GitHub\roomify-hotel-management\frontend\src\hooks\useReservationQueue.js", "JavaScript", 0, 0, 0, 53, 0, 0, 0, 0, 0, 0, 0, 0, 0, 0, 0, 0, 0, 0, 0, 0, 9, 62
"c:\Users\Alwaj\OneDrive\المستندات\GitHub\roomify-hotel-management\frontend\src\hooks\useRoomTypes.js", "JavaScript", 0, 0, 0, 95, 0, 0, 0, 0, 0, 0, 0, 0, 0, 0, 0, 0, 0, 0, 0, 0, 10, 105
"c:\Users\Alwaj\OneDrive\المستندات\GitHub\roomify-hotel-management\frontend\src\hooks\useRooms.js", "JavaScript", 0, 0, 0, 102, 0, 0, 0, 0, 0, 0, 0, 0, 0, 0, 0, 0, 0, 0, 0, 19, 9, 130
"c:\Users\Alwaj\OneDrive\المستندات\GitHub\roomify-hotel-management\frontend\src\hooks\useSearch.js", "JavaScript", 0, 0, 0, 42, 0, 0, 0, 0, 0, 0, 0, 0, 0, 0, 0, 0, 0, 0, 0, 14, 6, 62
"c:\Users\Alwaj\OneDrive\المستندات\GitHub\roomify-hotel-management\frontend\src\hooks\useStaff.js", "JavaScript", 0, 0, 0, 142, 0, 0, 0, 0, 0, 0, 0, 0, 0, 0, 0, 0, 0, 0, 0, 0, 12, 154
"c:\Users\Alwaj\OneDrive\المستندات\GitHub\roomify-hotel-management\frontend\src\hooks\useStaffDashboard.js", "JavaScript", 0, 0, 0, 100, 0, 0, 0, 0, 0, 0, 0, 0, 0, 0, 0, 0, 0, 0, 0, 0, 18, 118
"c:\Users\Alwaj\OneDrive\المستندات\GitHub\roomify-hotel-management\frontend\src\i18n.js", "JavaScript", 0, 0, 0, 873, 0, 0, 0, 0, 0, 0, 0, 0, 0, 0, 0, 0, 0, 0, 0, 2, 11, 886
"c:\Users\Alwaj\OneDrive\المستندات\GitHub\roomify-hotel-management\frontend\src\i18nSupplemental.js", "JavaScript", 0, 0, 0, 2645, 0, 0, 0, 0, 0, 0, 0, 0, 0, 0, 0, 0, 0, 0, 0, 0, 2, 2647
"c:\Users\Alwaj\OneDrive\المستندات\GitHub\roomify-hotel-management\frontend\src\index.css", "PostCSS", 0, 0, 0, 0, 0, 0, 0, 0, 0, 0, 0, 0, 0, 0, 0, 113, 0, 0, 0, 11, 10, 134
"c:\Users\Alwaj\OneDrive\المستندات\GitHub\roomify-hotel-management\frontend\src\lib\utils.js", "JavaScript", 0, 0, 0, 5, 0, 0, 0, 0, 0, 0, 0, 0, 0, 0, 0, 0, 0, 0, 0, 0, 2, 7
"c:\Users\Alwaj\OneDrive\المستندات\GitHub\roomify-hotel-management\frontend\src\main.jsx", "JavaScript JSX", 0, 0, 0, 0, 0, 0, 0, 0, 0, 0, 0, 0, 0, 0, 5, 0, 0, 0, 0, 0, 2, 7
"c:\Users\Alwaj\OneDrive\المستندات\GitHub\roomify-hotel-management\frontend\src\pages\AdminDashboard.jsx", "JavaScript JSX", 0, 0, 0, 0, 0, 0, 0, 0, 0, 0, 0, 0, 0, 0, 491, 0, 0, 0, 0, 0, 20, 511
"c:\Users\Alwaj\OneDrive\المستندات\GitHub\roomify-hotel-management\frontend\src\pages\AdminNotifications.jsx", "JavaScript JSX", 0, 0, 0, 0, 0, 0, 0, 0, 0, 0, 0, 0, 0, 0, 284, 0, 0, 0, 0, 0, 19, 303
"c:\Users\Alwaj\OneDrive\المستندات\GitHub\roomify-hotel-management\frontend\src\pages\AiFinanceDashboard.jsx", "JavaScript JSX", 0, 0, 0, 0, 0, 0, 0, 0, 0, 0, 0, 0, 0, 0, 611, 0, 0, 0, 0, 0, 32, 643
"c:\Users\Alwaj\OneDrive\المستندات\GitHub\roomify-hotel-management\frontend\src\pages\BookRoom.jsx", "JavaScript JSX", 0, 0, 0, 0, 0, 0, 0, 0, 0, 0, 0, 0, 0, 0, 599, 0, 0, 0, 0, 0, 43, 642
"c:\Users\Alwaj\OneDrive\المستندات\GitHub\roomify-hotel-management\frontend\src\pages\BookRoom.test.jsx", "JavaScript JSX", 0, 0, 0, 0, 0, 0, 0, 0, 0, 0, 0, 0, 0, 0, 127, 0, 0, 0, 0, 0, 19, 146
"c:\Users\Alwaj\OneDrive\المستندات\GitHub\roomify-hotel-management\frontend\src\pages\Bookings.jsx", "JavaScript JSX", 0, 0, 0, 0, 0, 0, 0, 0, 0, 0, 0, 0, 0, 0, 199, 0, 0, 0, 0, 0, 13, 212
"c:\Users\Alwaj\OneDrive\المستندات\GitHub\roomify-hotel-management\frontend\src\pages\Bookings.test.jsx", "JavaScript JSX", 0, 0, 0, 0, 0, 0, 0, 0, 0, 0, 0, 0, 0, 0, 71, 0, 0, 0, 0, 0, 21, 92
"c:\Users\Alwaj\OneDrive\المستندات\GitHub\roomify-hotel-management\frontend\src\pages\CancelReservation.jsx", "JavaScript JSX", 0, 0, 0, 0, 0, 0, 0, 0, 0, 0, 0, 0, 0, 0, 353, 0, 0, 0, 0, 0, 22, 375
"c:\Users\Alwaj\OneDrive\المستندات\GitHub\roomify-hotel-management\frontend\src\pages\CheckIn.jsx", "JavaScript JSX", 0, 0, 0, 0, 0, 0, 0, 0, 0, 0, 0, 0, 0, 0, 293, 0, 0, 0, 0, 0, 27, 320
"c:\Users\Alwaj\OneDrive\المستندات\GitHub\roomify-hotel-management\frontend\src\pages\Checkout.jsx", "JavaScript JSX", 0, 0, 0, 0, 0, 0, 0, 0, 0, 0, 0, 0, 0, 0, 904, 0, 0, 0, 0, 0, 64, 968
"c:\Users\Alwaj\OneDrive\المستندات\GitHub\roomify-hotel-management\frontend\src\pages\Checkout.test.jsx", "JavaScript JSX", 0, 0, 0, 0, 0, 0, 0, 0, 0, 0, 0, 0, 0, 0, 417, 0, 0, 0, 0, 0, 80, 497
"c:\Users\Alwaj\OneDrive\المستندات\GitHub\roomify-hotel-management\frontend\src\pages\Compliance.jsx", "JavaScript JSX", 0, 0, 0, 0, 0, 0, 0, 0, 0, 0, 0, 0, 0, 0, 238, 0, 0, 0, 0, 5, 13, 256
"c:\Users\Alwaj\OneDrive\المستندات\GitHub\roomify-hotel-management\frontend\src\pages\ConfirmationPage.jsx", "JavaScript JSX", 0, 0, 0, 0, 0, 0, 0, 0, 0, 0, 0, 0, 0, 0, 221, 0, 0, 0, 0, 0, 12, 233
"c:\Users\Alwaj\OneDrive\المستندات\GitHub\roomify-hotel-management\frontend\src\pages\Demo.jsx", "JavaScript JSX", 0, 0, 0, 0, 0, 0, 0, 0, 0, 0, 0, 0, 0, 0, 292, 0, 0, 0, 0, 3, 19, 314
"c:\Users\Alwaj\OneDrive\المستندات\GitHub\roomify-hotel-management\frontend\src\pages\ExpenseTracker.jsx", "JavaScript JSX", 0, 0, 0, 0, 0, 0, 0, 0, 0, 0, 0, 0, 0, 0, 1108, 0, 0, 0, 0, 1, 76, 1185
"c:\Users\Alwaj\OneDrive\المستندات\GitHub\roomify-hotel-management\frontend\src\pages\ExpenseTracker.test.jsx", "JavaScript JSX", 0, 0, 0, 0, 0, 0, 0, 0, 0, 0, 0, 0, 0, 0, 147, 0, 0, 0, 0, 0, 22, 169
"c:\Users\Alwaj\OneDrive\المستندات\GitHub\roomify-hotel-management\frontend\src\pages\GuestBillingStatus.jsx", "JavaScript JSX", 0, 0, 0, 0, 0, 0, 0, 0, 0, 0, 0, 0, 0, 0, 489, 0, 0, 0, 0, 0, 31, 520
"c:\Users\Alwaj\OneDrive\المستندات\GitHub\roomify-hotel-management\frontend\src\pages\GuestBillingStatus.test.jsx", "JavaScript JSX", 0, 0, 0, 0, 0, 0, 0, 0, 0, 0, 0, 0, 0, 0, 58, 0, 0, 0, 0, 0, 13, 71
"c:\Users\Alwaj\OneDrive\المستندات\GitHub\roomify-hotel-management\frontend\src\pages\GuestDashboard.jsx", "JavaScript JSX", 0, 0, 0, 0, 0, 0, 0, 0, 0, 0, 0, 0, 0, 0, 453, 0, 0, 0, 0, 0, 27, 480
"c:\Users\Alwaj\OneDrive\المستندات\GitHub\roomify-hotel-management\frontend\src\pages\GuestDashboard.test.jsx", "JavaScript JSX", 0, 0, 0, 0, 0, 0, 0, 0, 0, 0, 0, 0, 0, 0, 98, 0, 0, 0, 0, 0, 22, 120
"c:\Users\Alwaj\OneDrive\المستندات\GitHub\roomify-hotel-management\frontend\src\pages\GuestServiceRequests.jsx", "JavaScript JSX", 0, 0, 0, 0, 0, 0, 0, 0, 0, 0, 0, 0, 0, 0, 616, 0, 0, 0, 0, 0, 41, 657
"c:\Users\Alwaj\OneDrive\المستندات\GitHub\roomify-hotel-management\frontend\src\pages\GuestServiceRequests.test.jsx", "JavaScript JSX", 0, 0, 0, 0, 0, 0, 0, 0, 0, 0, 0, 0, 0, 0, 129, 0, 0, 0, 0, 2, 22, 153
"c:\Users\Alwaj\OneDrive\المستندات\GitHub\roomify-hotel-management\frontend\src\pages\Home.jsx", "JavaScript JSX", 0, 0, 0, 0, 0, 0, 0, 0, 0, 0, 0, 0, 0, 0, 583, 0, 0, 0, 0, 33, 36, 652
"c:\Users\Alwaj\OneDrive\المستندات\GitHub\roomify-hotel-management\frontend\src\pages\Home.test.jsx", "JavaScript JSX", 0, 0, 0, 0, 0, 0, 0, 0, 0, 0, 0, 0, 0, 0, 38, 0, 0, 0, 0, 0, 9, 47
"c:\Users\Alwaj\OneDrive\المستندات\GitHub\roomify-hotel-management\frontend\src\pages\HotelServices.jsx", "JavaScript JSX", 0, 0, 0, 0, 0, 0, 0, 0, 0, 0, 0, 0, 0, 0, 515, 0, 0, 0, 0, 0, 29, 544
"c:\Users\Alwaj\OneDrive\المستندات\GitHub\roomify-hotel-management\frontend\src\pages\HotelServices.test.jsx", "JavaScript JSX", 0, 0, 0, 0, 0, 0, 0, 0, 0, 0, 0, 0, 0, 0, 74, 0, 0, 0, 0, 0, 12, 86
"c:\Users\Alwaj\OneDrive\المستندات\GitHub\roomify-hotel-management\frontend\src\pages\Integrations.jsx", "JavaScript JSX", 0, 0, 0, 0, 0, 0, 0, 0, 0, 0, 0, 0, 0, 0, 210, 0, 0, 0, 0, 5, 10, 225
"c:\Users\Alwaj\OneDrive\المستندات\GitHub\roomify-hotel-management\frontend\src\pages\InvoicePreview.jsx", "JavaScript JSX", 0, 0, 0, 0, 0, 0, 0, 0, 0, 0, 0, 0, 0, 0, 656, 0, 0, 0, 0, 0, 53, 709
"c:\Users\Alwaj\OneDrive\المستندات\GitHub\roomify-hotel-management\frontend\src\pages\InvoicePreview.test.jsx", "JavaScript JSX", 0, 0, 0, 0, 0, 0, 0, 0, 0, 0, 0, 0, 0, 0, 309, 0, 0, 0, 0, 2, 66, 377
"c:\Users\Alwaj\OneDrive\المستندات\GitHub\roomify-hotel-management\frontend\src\pages\LoginPage.jsx", "JavaScript JSX", 0, 0, 0, 0, 0, 0, 0, 0, 0, 0, 0, 0, 0, 0, 441, 0, 0, 0, 0, 17, 29, 487
"c:\Users\Alwaj\OneDrive\المستندات\GitHub\roomify-hotel-management\frontend\src\pages\LoginPage.test.jsx", "JavaScript JSX", 0, 0, 0, 0, 0, 0, 0, 0, 0, 0, 0, 0, 0, 0, 260, 0, 0, 0, 0, 40, 75, 375
"c:\Users\Alwaj\OneDrive\المستندات\GitHub\roomify-hotel-management\frontend\src\pages\ManagerDashboard.jsx", "JavaScript JSX", 0, 0, 0, 0, 0, 0, 0, 0, 0, 0, 0, 0, 0, 0, 1730, 0, 0, 0, 0, 10, 127, 1867
"c:\Users\Alwaj\OneDrive\المستندات\GitHub\roomify-hotel-management\frontend\src\pages\ManagerDashboard.test.jsx", "JavaScript JSX", 0, 0, 0, 0, 0, 0, 0, 0, 0, 0, 0, 0, 0, 0, 174, 0, 0, 0, 0, 0, 31, 205
"c:\Users\Alwaj\OneDrive\المستندات\GitHub\roomify-hotel-management\frontend\src\pages\ModifyReservation.jsx", "JavaScript JSX", 0, 0, 0, 0, 0, 0, 0, 0, 0, 0, 0, 0, 0, 0, 467, 0, 0, 0, 0, 0, 39, 506
"c:\Users\Alwaj\OneDrive\المستندات\GitHub\roomify-hotel-management\frontend\src\pages\ModifyReservation.test.jsx", "JavaScript JSX", 0, 0, 0, 0, 0, 0, 0, 0, 0, 0, 0, 0, 0, 0, 100, 0, 0, 0, 0, 0, 19, 119
"c:\Users\Alwaj\OneDrive\المستندات\GitHub\roomify-hotel-management\frontend\src\pages\NotFound.jsx", "JavaScript JSX", 0, 0, 0, 0, 0, 0, 0, 0, 0, 0, 0, 0, 0, 0, 19, 0, 0, 0, 0, 0, 3, 22
"c:\Users\Alwaj\OneDrive\المستندات\GitHub\roomify-hotel-management\frontend\src\pages\Pricing.jsx", "JavaScript JSX", 0, 0, 0, 0, 0, 0, 0, 0, 0, 0, 0, 0, 0, 0, 187, 0, 0, 0, 0, 3, 9, 199
"c:\Users\Alwaj\OneDrive\المستندات\GitHub\roomify-hotel-management\frontend\src\pages\ReservationDetails.jsx", "JavaScript JSX", 0, 0, 0, 0, 0, 0, 0, 0, 0, 0, 0, 0, 0, 0, 91, 0, 0, 0, 0, 0, 6, 97
"c:\Users\Alwaj\OneDrive\المستندات\GitHub\roomify-hotel-management\frontend\src\pages\ReservationDetails.test.jsx", "JavaScript JSX", 0, 0, 0, 0, 0, 0, 0, 0, 0, 0, 0, 0, 0, 0, 204, 0, 0, 0, 0, 0, 31, 235
"c:\Users\Alwaj\OneDrive\المستندات\GitHub\roomify-hotel-management\frontend\src\pages\ReservationsWorkspace.jsx", "JavaScript JSX", 0, 0, 0, 0, 0, 0, 0, 0, 0, 0, 0, 0, 0, 0, 771, 0, 0, 0, 0, 0, 50, 821
"c:\Users\Alwaj\OneDrive\المستندات\GitHub\roomify-hotel-management\frontend\src\pages\RoomDetails.jsx", "JavaScript JSX", 0, 0, 0, 0, 0, 0, 0, 0, 0, 0, 0, 0, 0, 0, 307, 0, 0, 0, 0, 0, 22, 329
"c:\Users\Alwaj\OneDrive\المستندات\GitHub\roomify-hotel-management\frontend\src\pages\RoomGrid.jsx", "JavaScript JSX", 0, 0, 0, 0, 0, 0, 0, 0, 0, 0, 0, 0, 0, 0, 504, 0, 0, 0, 0, 18, 56, 578
"c:\Users\Alwaj\OneDrive\المستندات\GitHub\roomify-hotel-management\frontend\src\pages\RoomGrid.test.jsx", "JavaScript JSX", 0, 0, 0, 0, 0, 0, 0, 0, 0, 0, 0, 0, 0, 0, 111, 0, 0, 0, 0, 4, 17, 132
"c:\Users\Alwaj\OneDrive\المستندات\GitHub\roomify-hotel-management\frontend\src\pages\RoomSearch.jsx", "JavaScript JSX", 0, 0, 0, 0, 0, 0, 0, 0, 0, 0, 0, 0, 0, 0, 440, 0, 0, 0, 0, 0, 36, 476
"c:\Users\Alwaj\OneDrive\المستندات\GitHub\roomify-hotel-management\frontend\src\pages\RoomSearch.test.jsx", "JavaScript JSX", 0, 0, 0, 0, 0, 0, 0, 0, 0, 0, 0, 0, 0, 0, 105, 0, 0, 0, 0, 0, 20, 125
"c:\Users\Alwaj\OneDrive\المستندات\GitHub\roomify-hotel-management\frontend\src\pages\RoomStatus.jsx", "JavaScript JSX", 0, 0, 0, 0, 0, 0, 0, 0, 0, 0, 0, 0, 0, 0, 417, 0, 0, 0, 0, 1, 33, 451
"c:\Users\Alwaj\OneDrive\المستندات\GitHub\roomify-hotel-management\frontend\src\pages\RoomStatus.test.jsx", "JavaScript JSX", 0, 0, 0, 0, 0, 0, 0, 0, 0, 0, 0, 0, 0, 0, 170, 0, 0, 0, 0, 0, 37, 207
"c:\Users\Alwaj\OneDrive\المستندات\GitHub\roomify-hotel-management\frontend\src\pages\RoomTypes.jsx", "JavaScript JSX", 0, 0, 0, 0, 0, 0, 0, 0, 0, 0, 0, 0, 0, 0, 459, 0, 0, 0, 0, 11, 37, 507
"c:\Users\Alwaj\OneDrive\المستندات\GitHub\roomify-hotel-management\frontend\src\pages\Rooms.jsx", "JavaScript JSX", 0, 0, 0, 0, 0, 0, 0, 0, 0, 0, 0, 0, 0, 0, 4, 0, 0, 0, 0, 0, 2, 6
"c:\Users\Alwaj\OneDrive\المستندات\GitHub\roomify-hotel-management\frontend\src\pages\RoomsManagement.jsx", "JavaScript JSX", 0, 0, 0, 0, 0, 0, 0, 0, 0, 0, 0, 0, 0, 0, 516, 0, 0, 0, 0, 0, 50, 566
"c:\Users\Alwaj\OneDrive\المستندات\GitHub\roomify-hotel-management\frontend\src\pages\RoomsManagement.test.jsx", "JavaScript JSX", 0, 0, 0, 0, 0, 0, 0, 0, 0, 0, 0, 0, 0, 0, 122, 0, 0, 0, 0, 0, 21, 143
"c:\Users\Alwaj\OneDrive\المستندات\GitHub\roomify-hotel-management\frontend\src\pages\SignupPage.jsx", "JavaScript JSX", 0, 0, 0, 0, 0, 0, 0, 0, 0, 0, 0, 0, 0, 0, 350, 0, 0, 0, 0, 0, 23, 373
"c:\Users\Alwaj\OneDrive\المستندات\GitHub\roomify-hotel-management\frontend\src\pages\SignupPage.test.jsx", "JavaScript JSX", 0, 0, 0, 0, 0, 0, 0, 0, 0, 0, 0, 0, 0, 0, 75, 0, 0, 0, 0, 0, 16, 91
"c:\Users\Alwaj\OneDrive\المستندات\GitHub\roomify-hotel-management\frontend\src\pages\Staff.jsx", "JavaScript JSX", 0, 0, 0, 0, 0, 0, 0, 0, 0, 0, 0, 0, 0, 0, 565, 0, 0, 0, 0, 0, 47, 612
"c:\Users\Alwaj\OneDrive\المستندات\GitHub\roomify-hotel-management\frontend\src\pages\StaffDashboard.jsx", "JavaScript JSX", 0, 0, 0, 0, 0, 0, 0, 0, 0, 0, 0, 0, 0, 0, 293, 0, 0, 0, 0, 0, 13, 306
"c:\Users\Alwaj\OneDrive\المستندات\GitHub\roomify-hotel-management\frontend\src\pages\StaffDashboard.navigation.test.jsx", "JavaScript JSX", 0, 0, 0, 0, 0, 0, 0, 0, 0, 0, 0, 0, 0, 0, 97, 0, 0, 0, 0, 0, 17, 114
"c:\Users\Alwaj\OneDrive\المستندات\GitHub\roomify-hotel-management\frontend\src\pages\StaffDashboard.test.jsx", "JavaScript JSX", 0, 0, 0, 0, 0, 0, 0, 0, 0, 0, 0, 0, 0, 0, 241, 0, 0, 0, 0, 0, 38, 279
"c:\Users\Alwaj\OneDrive\المستندات\GitHub\roomify-hotel-management\frontend\src\pages\StaffGuestInbox.jsx", "JavaScript JSX", 0, 0, 0, 0, 0, 0, 0, 0, 0, 0, 0, 0, 0, 0, 452, 0, 0, 0, 0, 0, 36, 488
"c:\Users\Alwaj\OneDrive\المستندات\GitHub\roomify-hotel-management\frontend\src\pages\StaffGuestInbox.test.jsx", "JavaScript JSX", 0, 0, 0, 0, 0, 0, 0, 0, 0, 0, 0, 0, 0, 0, 76, 0, 0, 0, 0, 0, 7, 83
"c:\Users\Alwaj\OneDrive\المستندات\GitHub\roomify-hotel-management\frontend\src\pages\StaffServiceRequests.jsx", "JavaScript JSX", 0, 0, 0, 0, 0, 0, 0, 0, 0, 0, 0, 0, 0, 0, 306, 0, 0, 0, 0, 0, 22, 328
"c:\Users\Alwaj\OneDrive\المستندات\GitHub\roomify-hotel-management\frontend\src\pages\StaffServiceRequests.test.jsx", "JavaScript JSX", 0, 0, 0, 0, 0, 0, 0, 0, 0, 0, 0, 0, 0, 0, 72, 0, 0, 0, 0, 0, 17, 89
"c:\Users\Alwaj\OneDrive\المستندات\GitHub\roomify-hotel-management\frontend\src\pages\Unauthorized.jsx", "JavaScript JSX", 0, 0, 0, 0, 0, 0, 0, 0, 0, 0, 0, 0, 0, 0, 42, 0, 0, 0, 0, 0, 4, 46
"c:\Users\Alwaj\OneDrive\المستندات\GitHub\roomify-hotel-management\frontend\src\services\aiAssistantService.js", "JavaScript", 0, 0, 0, 12, 0, 0, 0, 0, 0, 0, 0, 0, 0, 0, 0, 0, 0, 0, 0, 0, 3, 15
"c:\Users\Alwaj\OneDrive\المستندات\GitHub\roomify-hotel-management\frontend\src\services\aiFinanceService.js", "JavaScript", 0, 0, 0, 103, 0, 0, 0, 0, 0, 0, 0, 0, 0, 0, 0, 0, 0, 0, 0, 3, 19, 125
"c:\Users\Alwaj\OneDrive\المستندات\GitHub\roomify-hotel-management\frontend\src\services\api.js", "JavaScript", 0, 0, 0, 39, 0, 0, 0, 0, 0, 0, 0, 0, 0, 0, 0, 0, 0, 0, 0, 6, 6, 51
"c:\Users\Alwaj\OneDrive\المستندات\GitHub\roomify-hotel-management\frontend\src\services\auditLogService.js", "JavaScript", 0, 0, 0, 10, 0, 0, 0, 0, 0, 0, 0, 0, 0, 0, 0, 0, 0, 0, 0, 0, 3, 13
"c:\Users\Alwaj\OneDrive\المستندات\GitHub\roomify-hotel-management\frontend\src\services\authService.js", "JavaScript", 0, 0, 0, 69, 0, 0, 0, 0, 0, 0, 0, 0, 0, 0, 0, 0, 0, 0, 0, 24, 8, 101
"c:\Users\Alwaj\OneDrive\المستندات\GitHub\roomify-hotel-management\frontend\src\services\dashboardService.js", "JavaScript", 0, 0, 0, 32, 0, 0, 0, 0, 0, 0, 0, 0, 0, 0, 0, 0, 0, 0, 0, 0, 7, 39
"c:\Users\Alwaj\OneDrive\المستندات\GitHub\roomify-hotel-management\frontend\src\services\expenseService.js", "JavaScript", 0, 0, 0, 39, 0, 0, 0, 0, 0, 0, 0, 0, 0, 0, 0, 0, 0, 0, 0, 0, 11, 50
"c:\Users\Alwaj\OneDrive\المستندات\GitHub\roomify-hotel-management\frontend\src\services\guestAssistantService.js", "JavaScript", 0, 0, 0, 48, 0, 0, 0, 0, 0, 0, 0, 0, 0, 0, 0, 0, 0, 0, 0, 0, 13, 61
"c:\Users\Alwaj\OneDrive\المستندات\GitHub\roomify-hotel-management\frontend\src\services\guestAssistantSocket.js", "JavaScript", 0, 0, 0, 35, 0, 0, 0, 0, 0, 0, 0, 0, 0, 0, 0, 0, 0, 0, 0, 0, 3, 38
"c:\Users\Alwaj\OneDrive\المستندات\GitHub\roomify-hotel-management\frontend\src\services\guestBillingService.js", "JavaScript", 0, 0, 0, 10, 0, 0, 0, 0, 0, 0, 0, 0, 0, 0, 0, 0, 0, 0, 0, 0, 3, 13
"c:\Users\Alwaj\OneDrive\المستندات\GitHub\roomify-hotel-management\frontend\src\services\guestReservationService.js", "JavaScript", 0, 0, 0, 11, 0, 0, 0, 0, 0, 0, 0, 0, 0, 0, 0, 0, 0, 0, 0, 0, 3, 14
"c:\Users\Alwaj\OneDrive\المستندات\GitHub\roomify-hotel-management\frontend\src\services\healthService.js", "JavaScript", 0, 0, 0, 10, 0, 0, 0, 0, 0, 0, 0, 0, 0, 0, 0, 0, 0, 0, 0, 0, 1, 11
"c:\Users\Alwaj\OneDrive\المستندات\GitHub\roomify-hotel-management\frontend\src\services\inventoryService.js", "JavaScript", 0, 0, 0, 74, 0, 0, 0, 0, 0, 0, 0, 0, 0, 0, 0, 0, 0, 0, 0, 0, 17, 91
"c:\Users\Alwaj\OneDrive\المستندات\GitHub\roomify-hotel-management\frontend\src\services\invoiceService.js", "JavaScript", 0, 0, 0, 19, 0, 0, 0, 0, 0, 0, 0, 0, 0, 0, 0, 0, 0, 0, 0, 0, 5, 24
"c:\Users\Alwaj\OneDrive\المستندات\GitHub\roomify-hotel-management\frontend\src\services\notificationService.js", "JavaScript", 0, 0, 0, 34, 0, 0, 0, 0, 0, 0, 0, 0, 0, 0, 0, 0, 0, 0, 0, 0, 10, 44
"c:\Users\Alwaj\OneDrive\المستندات\GitHub\roomify-hotel-management\frontend\src\services\paymentService.js", "JavaScript", 0, 0, 0, 8, 0, 0, 0, 0, 0, 0, 0, 0, 0, 0, 0, 0, 0, 0, 0, 0, 3, 11
"c:\Users\Alwaj\OneDrive\المستندات\GitHub\roomify-hotel-management\frontend\src\services\reservationService.js", "JavaScript", 0, 0, 0, 118, 0, 0, 0, 0, 0, 0, 0, 0, 0, 0, 0, 0, 0, 0, 0, 12, 29, 159
"c:\Users\Alwaj\OneDrive\المستندات\GitHub\roomify-hotel-management\frontend\src\services\reservationService.test.js", "JavaScript", 0, 0, 0, 113, 0, 0, 0, 0, 0, 0, 0, 0, 0, 0, 0, 0, 0, 0, 0, 0, 21, 134
"c:\Users\Alwaj\OneDrive\المستندات\GitHub\roomify-hotel-management\frontend\src\services\roomService.js", "JavaScript", 0, 0, 0, 46, 0, 0, 0, 0, 0, 0, 0, 0, 0, 0, 0, 0, 0, 0, 0, 0, 13, 59
"c:\Users\Alwaj\OneDrive\المستندات\GitHub\roomify-hotel-management\frontend\src\services\roomTypeService.js", "JavaScript", 0, 0, 0, 136, 0, 0, 0, 0, 0, 0, 0, 0, 0, 0, 0, 0, 0, 0, 0, 44, 29, 209
"c:\Users\Alwaj\OneDrive\المستندات\GitHub\roomify-hotel-management\frontend\src\services\searchService.js", "JavaScript", 0, 0, 0, 42, 0, 0, 0, 0, 0, 0, 0, 0, 0, 0, 0, 0, 0, 0, 0, 0, 11, 53
"c:\Users\Alwaj\OneDrive\المستندات\GitHub\roomify-hotel-management\frontend\src\services\serviceRequestService.js", "JavaScript", 0, 0, 0, 28, 0, 0, 0, 0, 0, 0, 0, 0, 0, 0, 0, 0, 0, 0, 0, 0, 7, 35
"c:\Users\Alwaj\OneDrive\المستندات\GitHub\roomify-hotel-management\frontend\src\services\serviceService.js", "JavaScript", 0, 0, 0, 26, 0, 0, 0, 0, 0, 0, 0, 0, 0, 0, 0, 0, 0, 0, 0, 0, 7, 33
"c:\Users\Alwaj\OneDrive\المستندات\GitHub\roomify-hotel-management\frontend\src\services\staffService.js", "JavaScript", 0, 0, 0, 29, 0, 0, 0, 0, 0, 0, 0, 0, 0, 0, 0, 0, 0, 0, 0, 58, 9, 96
"c:\Users\Alwaj\OneDrive\المستندات\GitHub\roomify-hotel-management\frontend\src\setupTests.js", "JavaScript", 0, 0, 0, 1, 0, 0, 0, 0, 0, 0, 0, 0, 0, 0, 0, 0, 0, 0, 0, 0, 1, 2
"c:\Users\Alwaj\OneDrive\المستندات\GitHub\roomify-hotel-management\frontend\src\utils\apiError.js", "JavaScript", 0, 0, 0, 53, 0, 0, 0, 0, 0, 0, 0, 0, 0, 0, 0, 0, 0, 0, 0, 0, 15, 68
"c:\Users\Alwaj\OneDrive\المستندات\GitHub\roomify-hotel-management\frontend\src\utils\billing.js", "JavaScript", 0, 0, 0, 1, 0, 0, 0, 0, 0, 0, 0, 0, 0, 0, 0, 0, 0, 0, 0, 0, 1, 2
"c:\Users\Alwaj\OneDrive\المستندات\GitHub\roomify-hotel-management\frontend\src\utils\guestAssistant.js", "JavaScript", 0, 0, 0, 134, 0, 0, 0, 0, 0, 0, 0, 0, 0, 0, 0, 0, 0, 0, 0, 0, 25, 159
"c:\Users\Alwaj\OneDrive\المستندات\GitHub\roomify-hotel-management\frontend\src\utils\guestAssistant.test.js", "JavaScript", 0, 0, 0, 55, 0, 0, 0, 0, 0, 0, 0, 0, 0, 0, 0, 0, 0, 0, 0, 0, 6, 61
"c:\Users\Alwaj\OneDrive\المستندات\GitHub\roomify-hotel-management\frontend\src\utils\localization.js", "JavaScript", 0, 0, 0, 253, 0, 0, 0, 0, 0, 0, 0, 0, 0, 0, 0, 0, 0, 0, 0, 0, 44, 297
"c:\Users\Alwaj\OneDrive\المستندات\GitHub\roomify-hotel-management\frontend\src\utils\localization.test.js", "JavaScript", 0, 0, 0, 52, 0, 0, 0, 0, 0, 0, 0, 0, 0, 0, 0, 0, 0, 0, 0, 0, 9, 61
"c:\Users\Alwaj\OneDrive\المستندات\GitHub\roomify-hotel-management\frontend\src\utils\reportExport.js", "JavaScript", 0, 0, 0, 127, 0, 0, 0, 0, 0, 0, 0, 0, 0, 0, 0, 0, 0, 0, 0, 0, 13, 140
"c:\Users\Alwaj\OneDrive\المستندات\GitHub\roomify-hotel-management\frontend\src\utils\reservationLookup.js", "JavaScript", 0, 0, 0, 52, 0, 0, 0, 0, 0, 0, 0, 0, 0, 0, 0, 0, 0, 0, 0, 0, 11, 63
"c:\Users\Alwaj\OneDrive\المستندات\GitHub\roomify-hotel-management\frontend\src\utils\reservationWorkspace.js", "JavaScript", 0, 0, 0, 268, 0, 0, 0, 0, 0, 0, 0, 0, 0, 0, 0, 0, 0, 0, 0, 0, 40, 308
"c:\Users\Alwaj\OneDrive\المستندات\GitHub\roomify-hotel-management\frontend\src\utils\roomSearchActions.js", "JavaScript", 0, 0, 0, 36, 0, 0, 0, 0, 0, 0, 0, 0, 0, 0, 0, 0, 0, 0, 0, 0, 3, 39
"c:\Users\Alwaj\OneDrive\المستندات\GitHub\roomify-hotel-management\frontend\src\utils\serviceRequestPresentation.js", "JavaScript", 0, 0, 0, 64, 0, 0, 0, 0, 0, 0, 0, 0, 0, 0, 0, 0, 0, 0, 0, 0, 11, 75
"c:\Users\Alwaj\OneDrive\المستندات\GitHub\roomify-hotel-management\frontend\src\utils\statusPresentation.js", "JavaScript", 0, 0, 0, 102, 0, 0, 0, 0, 0, 0, 0, 0, 0, 0, 0, 0, 0, 0, 0, 0, 8, 110
"c:\Users\Alwaj\OneDrive\المستندات\GitHub\roomify-hotel-management\frontend\tailwind.config.js", "JavaScript", 0, 0, 0, 92, 0, 0, 0, 0, 0, 0, 0, 0, 0, 0, 0, 0, 0, 0, 0, 12, 2, 106
"c:\Users\Alwaj\OneDrive\المستندات\GitHub\roomify-hotel-management\frontend\vite.config.js", "JavaScript", 0, 0, 0, 31, 0, 0, 0, 0, 0, 0, 0, 0, 0, 0, 0, 0, 0, 0, 0, 0, 6, 37
"c:\Users\Alwaj\OneDrive\المستندات\GitHub\roomify-hotel-management\frontend\vitest.config.js", "JavaScript", 0, 0, 0, 18, 0, 0, 0, 0, 0, 0, 0, 0, 0, 0, 0, 0, 0, 0, 0, 0, 2, 20
"c:\Users\Alwaj\OneDrive\المستندات\GitHub\roomify-hotel-management\frontend\vitest.setup.js", "JavaScript", 0, 0, 0, 35, 0, 0, 0, 0, 0, 0, 0, 0, 0, 0, 0, 0, 0, 0, 0, 5, 7, 47
"c:\Users\Alwaj\OneDrive\المستندات\GitHub\roomify-hotel-management\start-roomify-local-auth.cmd", "Batch", 0, 0, 0, 0, 0, 27, 0, 0, 0, 0, 0, 0, 0, 0, 0, 0, 0, 0, 0, 3, 4, 34
"c:\Users\Alwaj\OneDrive\المستندات\GitHub\roomify-hotel-management\start-roomify-mac.sh", "Shell Script", 0, 454, 0, 0, 0, 0, 0, 0, 0, 0, 0, 0, 0, 0, 0, 0, 0, 0, 0, 10, 107, 571
"c:\Users\Alwaj\OneDrive\المستندات\GitHub\roomify-hotel-management\start-roomify-windows.ps1", "PowerShell", 404, 0, 0, 0, 0, 0, 0, 0, 0, 0, 0, 0, 0, 0, 0, 0, 0, 0, 0, 3, 77, 484
"Total", "-", 404, 454, 2895, 7711, 147, 166, 8979, 910, 8, 8774, 119, 16, 689, 34111, 30156, 113, 7, 428, 176, 2212, 12322, 110797